
=== Running tests for single mutant file: chiSquare.py ===

================================================================================
RUNNING chiSquare.py :: x_chiSquare__mutmut_1  -  2025-10-16T14:22:48.074680
================================================================================

>>> 当前使用的函数: x_chiSquare__mutmut_1
函数源码如下：
def x_chiSquare__mutmut_1(expected, observed):
    sumExpected = None
    sumObserved = 0

    for i in range(0, len(observed)):
        sumExpected += expected[i]
        sumObserved += observed[i]

    ratio = 1
    rescale = False

    if abs(sumExpected - sumObserved) > 10E-6:
        ratio = sumObserved / sumExpected
        rescale = True

    sumSq = 0

    for i in range(0, len(observed)):
        if rescale:
            dev = observed[i] - (ratio * expected[i])
            sumSq += (dev * dev) / (ratio * expected[i])
        else:
            dev = observed[i] - expected[i]
            sumSq += dev * dev / expected[i]

    return sumSq

FFFFFFFFFF
================================================================================= FAILURES ==================================================================================
_______________________________________________________ test_chiSquare_with_func[originalInput1_10-originalInput1_20] _______________________________________________________
mutants/tests/chiSquareTest.py:146: in test_chiSquare_with_func
    originalResult = func(originalInput1_1, originalInput1_2)
mutants/src/chiSquare.py:64: in x_chiSquare__mutmut_1
    sumExpected += expected[i]
E   TypeError: unsupported operand type(s) for +=: 'NoneType' and 'float'
_______________________________________________________ test_chiSquare_with_func[originalInput1_11-originalInput1_21] _______________________________________________________
mutants/tests/chiSquareTest.py:146: in test_chiSquare_with_func
    originalResult = func(originalInput1_1, originalInput1_2)
mutants/src/chiSquare.py:64: in x_chiSquare__mutmut_1
    sumExpected += expected[i]
E   TypeError: unsupported operand type(s) for +=: 'NoneType' and 'float'
_______________________________________________________ test_chiSquare_with_func[originalInput1_12-originalInput1_22] _______________________________________________________
mutants/tests/chiSquareTest.py:146: in test_chiSquare_with_func
    originalResult = func(originalInput1_1, originalInput1_2)
mutants/src/chiSquare.py:64: in x_chiSquare__mutmut_1
    sumExpected += expected[i]
E   TypeError: unsupported operand type(s) for +=: 'NoneType' and 'float'
_______________________________________________________ test_chiSquare_with_func[originalInput1_13-originalInput1_23] _______________________________________________________
mutants/tests/chiSquareTest.py:146: in test_chiSquare_with_func
    originalResult = func(originalInput1_1, originalInput1_2)
mutants/src/chiSquare.py:64: in x_chiSquare__mutmut_1
    sumExpected += expected[i]
E   TypeError: unsupported operand type(s) for +=: 'NoneType' and 'float'
_______________________________________________________ test_chiSquare_with_func[originalInput1_14-originalInput1_24] _______________________________________________________
mutants/tests/chiSquareTest.py:146: in test_chiSquare_with_func
    originalResult = func(originalInput1_1, originalInput1_2)
mutants/src/chiSquare.py:64: in x_chiSquare__mutmut_1
    sumExpected += expected[i]
E   TypeError: unsupported operand type(s) for +=: 'NoneType' and 'float'
_______________________________________________________ test_chiSquare_with_func[originalInput1_15-originalInput1_25] _______________________________________________________
mutants/tests/chiSquareTest.py:146: in test_chiSquare_with_func
    originalResult = func(originalInput1_1, originalInput1_2)
mutants/src/chiSquare.py:64: in x_chiSquare__mutmut_1
    sumExpected += expected[i]
E   TypeError: unsupported operand type(s) for +=: 'NoneType' and 'float'
_______________________________________________________ test_chiSquare_with_func[originalInput1_16-originalInput1_26] _______________________________________________________
mutants/tests/chiSquareTest.py:146: in test_chiSquare_with_func
    originalResult = func(originalInput1_1, originalInput1_2)
mutants/src/chiSquare.py:64: in x_chiSquare__mutmut_1
    sumExpected += expected[i]
E   TypeError: unsupported operand type(s) for +=: 'NoneType' and 'float'
_______________________________________________________ test_chiSquare_with_func[originalInput1_17-originalInput1_27] _______________________________________________________
mutants/tests/chiSquareTest.py:146: in test_chiSquare_with_func
    originalResult = func(originalInput1_1, originalInput1_2)
mutants/src/chiSquare.py:64: in x_chiSquare__mutmut_1
    sumExpected += expected[i]
E   TypeError: unsupported operand type(s) for +=: 'NoneType' and 'float'
_______________________________________________________ test_chiSquare_with_func[originalInput1_18-originalInput1_28] _______________________________________________________
mutants/tests/chiSquareTest.py:146: in test_chiSquare_with_func
    originalResult = func(originalInput1_1, originalInput1_2)
mutants/src/chiSquare.py:64: in x_chiSquare__mutmut_1
    sumExpected += expected[i]
E   TypeError: unsupported operand type(s) for +=: 'NoneType' and 'float'
_______________________________________________________ test_chiSquare_with_func[originalInput1_19-originalInput1_29] _______________________________________________________
mutants/tests/chiSquareTest.py:146: in test_chiSquare_with_func
    originalResult = func(originalInput1_1, originalInput1_2)
mutants/src/chiSquare.py:64: in x_chiSquare__mutmut_1
    sumExpected += expected[i]
E   TypeError: unsupported operand type(s) for +=: 'NoneType' and 'float'
============================================================================= warnings summary ==============================================================================
../../anaconda3/envs/mutmut39/lib/python3.9/site-packages/_pytest/config/__init__.py:1474
  /home/rts/anaconda3/envs/mutmut39/lib/python3.9/site-packages/_pytest/config/__init__.py:1474: PytestConfigWarning: Unknown config option: pytest -vv --tb
  
    self._warn_or_fail_if_strict(f"Unknown config option: {key}\n")

-- Docs: https://docs.pytest.org/en/stable/how-to/capture-warnings.html
========================================================================== short test summary info ==========================================================================
FAILED mutants/tests/chiSquareTest.py::test_chiSquare_with_func[originalInput1_10-originalInput1_20] - TypeError: unsupported operand type(s) for +=: 'NoneType' and 'float'
FAILED mutants/tests/chiSquareTest.py::test_chiSquare_with_func[originalInput1_11-originalInput1_21] - TypeError: unsupported operand type(s) for +=: 'NoneType' and 'float'
FAILED mutants/tests/chiSquareTest.py::test_chiSquare_with_func[originalInput1_12-originalInput1_22] - TypeError: unsupported operand type(s) for +=: 'NoneType' and 'float'
FAILED mutants/tests/chiSquareTest.py::test_chiSquare_with_func[originalInput1_13-originalInput1_23] - TypeError: unsupported operand type(s) for +=: 'NoneType' and 'float'
FAILED mutants/tests/chiSquareTest.py::test_chiSquare_with_func[originalInput1_14-originalInput1_24] - TypeError: unsupported operand type(s) for +=: 'NoneType' and 'float'
FAILED mutants/tests/chiSquareTest.py::test_chiSquare_with_func[originalInput1_15-originalInput1_25] - TypeError: unsupported operand type(s) for +=: 'NoneType' and 'float'
FAILED mutants/tests/chiSquareTest.py::test_chiSquare_with_func[originalInput1_16-originalInput1_26] - TypeError: unsupported operand type(s) for +=: 'NoneType' and 'float'
FAILED mutants/tests/chiSquareTest.py::test_chiSquare_with_func[originalInput1_17-originalInput1_27] - TypeError: unsupported operand type(s) for +=: 'NoneType' and 'float'
FAILED mutants/tests/chiSquareTest.py::test_chiSquare_with_func[originalInput1_18-originalInput1_28] - TypeError: unsupported operand type(s) for +=: 'NoneType' and 'float'
FAILED mutants/tests/chiSquareTest.py::test_chiSquare_with_func[originalInput1_19-originalInput1_29] - TypeError: unsupported operand type(s) for +=: 'NoneType' and 'float'
10 failed, 1 warning in 0.16s
❌ x_chiSquare__mutmut_1 存在失败 (退出码 1)

================================================================================
RUNNING chiSquare.py :: x_chiSquare__mutmut_10  -  2025-10-16T14:22:48.315854
================================================================================

>>> 当前使用的函数: x_chiSquare__mutmut_10
函数源码如下：
def x_chiSquare__mutmut_10(expected, observed):
    sumExpected = 0
    sumObserved = 0

    for i in range(0, len(observed)):
        sumExpected = expected[i]
        sumObserved += observed[i]

    ratio = 1
    rescale = False

    if abs(sumExpected - sumObserved) > 10E-6:
        ratio = sumObserved / sumExpected
        rescale = True

    sumSq = 0

    for i in range(0, len(observed)):
        if rescale:
            dev = observed[i] - (ratio * expected[i])
            sumSq += (dev * dev) / (ratio * expected[i])
        else:
            dev = observed[i] - expected[i]
            sumSq += dev * dev / expected[i]

    return sumSq

FFFFFFFFFF
================================================================================= FAILURES ==================================================================================
_______________________________________________________ test_chiSquare_with_func[originalInput1_10-originalInput1_20] _______________________________________________________

FAILURE: check 3.006666666666667 >= 13.501666666666665: MR2 failed
mutants/tests/chiSquareTest.py:147 in test_chiSquare_with_func() -> applyMR_Assert(originalInput1_1, originalInput1_2, originalResult)
mutants/tests/chiSquareTest.py:118 in applyMR_Assert() -> check.greater_equal(originalResult, transformResult2, "MR2 failed")

FAILURE: check bool(False): MR6 failed
FAILURE: check 3.006666666666667 >= 3.0066666669660003: MR13 failed
------------------------------------------------------------
Failed Checks: 3
_______________________________________________________ test_chiSquare_with_func[originalInput1_11-originalInput1_21] _______________________________________________________

FAILURE: check 36.354001554001556 >= 61.96149196520713: MR2 failed
mutants/tests/chiSquareTest.py:147 in test_chiSquare_with_func() -> applyMR_Assert(originalInput1_1, originalInput1_2, originalResult)
mutants/tests/chiSquareTest.py:118 in applyMR_Assert() -> check.greater_equal(originalResult, transformResult2, "MR2 failed")

FAILURE: check bool(False): MR6 failed
FAILURE: check 36.354001554001556 >= 36.35400155483641: MR13 failed
------------------------------------------------------------
Failed Checks: 3
_______________________________________________________ test_chiSquare_with_func[originalInput1_12-originalInput1_22] _______________________________________________________

FAILURE: check 30.848484848484848 >= 41.23392790784095: MR2 failed
mutants/tests/chiSquareTest.py:147 in test_chiSquare_with_func() -> applyMR_Assert(originalInput1_1, originalInput1_2, originalResult)
mutants/tests/chiSquareTest.py:118 in applyMR_Assert() -> check.greater_equal(originalResult, transformResult2, "MR2 failed")

FAILURE: check bool(False): MR6 failed
FAILURE: check 30.848484848484848 >= 30.84848484882265: MR13 failed
------------------------------------------------------------
Failed Checks: 3
_______________________________________________________ test_chiSquare_with_func[originalInput1_13-originalInput1_23] _______________________________________________________

FAILURE: check 63.418841581937805 >= 89.03124119831782: MR2 failed
mutants/tests/chiSquareTest.py:147 in test_chiSquare_with_func() -> applyMR_Assert(originalInput1_1, originalInput1_2, originalResult)
mutants/tests/chiSquareTest.py:118 in applyMR_Assert() -> check.greater_equal(originalResult, transformResult2, "MR2 failed")

FAILURE: check bool(False): MR6 failed
FAILURE: check 63.418841581937805 >= 63.41884158278043: MR13 failed
------------------------------------------------------------
Failed Checks: 3
_______________________________________________________ test_chiSquare_with_func[originalInput1_14-originalInput1_24] _______________________________________________________

FAILURE: check 11.028086419753087 >= 22.63445767195767: MR2 failed
mutants/tests/chiSquareTest.py:147 in test_chiSquare_with_func() -> applyMR_Assert(originalInput1_1, originalInput1_2, originalResult)
mutants/tests/chiSquareTest.py:118 in applyMR_Assert() -> check.greater_equal(originalResult, transformResult2, "MR2 failed")

FAILURE: check bool(False): MR6 failed
FAILURE: check 11.028086419753087 >= 11.028086420131714: MR13 failed
------------------------------------------------------------
Failed Checks: 3
_______________________________________________________ test_chiSquare_with_func[originalInput1_15-originalInput1_25] _______________________________________________________

FAILURE: check 48.28314917127073 >= 72.91454371354786: MR2 failed
mutants/tests/chiSquareTest.py:147 in test_chiSquare_with_func() -> applyMR_Assert(originalInput1_1, originalInput1_2, originalResult)
mutants/tests/chiSquareTest.py:118 in applyMR_Assert() -> check.greater_equal(originalResult, transformResult2, "MR2 failed")

FAILURE: check bool(False): MR6 failed
FAILURE: check 48.28314917127073 >= 48.283149172072: MR13 failed
------------------------------------------------------------
Failed Checks: 3
_______________________________________________________ test_chiSquare_with_func[originalInput1_16-originalInput1_26] _______________________________________________________

FAILURE: check 6.371259842519684 >= 16.235317556564222: MR2 failed
mutants/tests/chiSquareTest.py:147 in test_chiSquare_with_func() -> applyMR_Assert(originalInput1_1, originalInput1_2, originalResult)
mutants/tests/chiSquareTest.py:118 in applyMR_Assert() -> check.greater_equal(originalResult, transformResult2, "MR2 failed")

FAILURE: check bool(False): MR6 failed
FAILURE: check 6.371259842519684 >= 6.371259842815701: MR13 failed
------------------------------------------------------------
Failed Checks: 3
_______________________________________________________ test_chiSquare_with_func[originalInput1_17-originalInput1_27] _______________________________________________________

FAILURE: check 61.78990248681632 >= 88.20128703866689: MR2 failed
mutants/tests/chiSquareTest.py:147 in test_chiSquare_with_func() -> applyMR_Assert(originalInput1_1, originalInput1_2, originalResult)
mutants/tests/chiSquareTest.py:118 in applyMR_Assert() -> check.greater_equal(originalResult, transformResult2, "MR2 failed")

FAILURE: check bool(False): MR6 failed
FAILURE: check 61.78990248681632 >= 61.78990248769077: MR13 failed
------------------------------------------------------------
Failed Checks: 3
_______________________________________________________ test_chiSquare_with_func[originalInput1_18-originalInput1_28] _______________________________________________________

FAILURE: check 17.434739741916772 >= 28.447911809885245: MR2 failed
mutants/tests/chiSquareTest.py:147 in test_chiSquare_with_func() -> applyMR_Assert(originalInput1_1, originalInput1_2, originalResult)
mutants/tests/chiSquareTest.py:118 in applyMR_Assert() -> check.greater_equal(originalResult, transformResult2, "MR2 failed")

FAILURE: check bool(False): MR6 failed
FAILURE: check 17.434739741916772 >= 17.43473974227342: MR13 failed
------------------------------------------------------------
Failed Checks: 3
_______________________________________________________ test_chiSquare_with_func[originalInput1_19-originalInput1_29] _______________________________________________________

FAILURE: check 121.36346153846154 >= 145.71310821231674: MR2 failed
mutants/tests/chiSquareTest.py:147 in test_chiSquare_with_func() -> applyMR_Assert(originalInput1_1, originalInput1_2, originalResult)
mutants/tests/chiSquareTest.py:118 in applyMR_Assert() -> check.greater_equal(originalResult, transformResult2, "MR2 failed")

FAILURE: check bool(False): MR6 failed
FAILURE: check 121.36346153846154 >= 121.36346153926435: MR13 failed
------------------------------------------------------------
Failed Checks: 3
============================================================================= warnings summary ==============================================================================
../../anaconda3/envs/mutmut39/lib/python3.9/site-packages/_pytest/config/__init__.py:1474
  /home/rts/anaconda3/envs/mutmut39/lib/python3.9/site-packages/_pytest/config/__init__.py:1474: PytestConfigWarning: Unknown config option: pytest -vv --tb
  
    self._warn_or_fail_if_strict(f"Unknown config option: {key}\n")

-- Docs: https://docs.pytest.org/en/stable/how-to/capture-warnings.html
========================================================================== short test summary info ==========================================================================
FAILED mutants/tests/chiSquareTest.py::test_chiSquare_with_func[originalInput1_10-originalInput1_20] - check 3.006666666666667 >= 13.501666666666665: MR2 failed
FAILED mutants/tests/chiSquareTest.py::test_chiSquare_with_func[originalInput1_11-originalInput1_21] - check 36.354001554001556 >= 61.96149196520713: MR2 failed
FAILED mutants/tests/chiSquareTest.py::test_chiSquare_with_func[originalInput1_12-originalInput1_22] - check 30.848484848484848 >= 41.23392790784095: MR2 failed
FAILED mutants/tests/chiSquareTest.py::test_chiSquare_with_func[originalInput1_13-originalInput1_23] - check 63.418841581937805 >= 89.03124119831782: MR2 failed
FAILED mutants/tests/chiSquareTest.py::test_chiSquare_with_func[originalInput1_14-originalInput1_24] - check 11.028086419753087 >= 22.63445767195767: MR2 failed
FAILED mutants/tests/chiSquareTest.py::test_chiSquare_with_func[originalInput1_15-originalInput1_25] - check 48.28314917127073 >= 72.91454371354786: MR2 failed
FAILED mutants/tests/chiSquareTest.py::test_chiSquare_with_func[originalInput1_16-originalInput1_26] - check 6.371259842519684 >= 16.235317556564222: MR2 failed
FAILED mutants/tests/chiSquareTest.py::test_chiSquare_with_func[originalInput1_17-originalInput1_27] - check 61.78990248681632 >= 88.20128703866689: MR2 failed
FAILED mutants/tests/chiSquareTest.py::test_chiSquare_with_func[originalInput1_18-originalInput1_28] - check 17.434739741916772 >= 28.447911809885245: MR2 failed
FAILED mutants/tests/chiSquareTest.py::test_chiSquare_with_func[originalInput1_19-originalInput1_29] - check 121.36346153846154 >= 145.71310821231674: MR2 failed
10 failed, 1 warning in 0.02s
❌ x_chiSquare__mutmut_10 存在失败 (退出码 1)

================================================================================
RUNNING chiSquare.py :: x_chiSquare__mutmut_11  -  2025-10-16T14:22:48.372632
================================================================================

>>> 当前使用的函数: x_chiSquare__mutmut_11
函数源码如下：
def x_chiSquare__mutmut_11(expected, observed):
    sumExpected = 0
    sumObserved = 0

    for i in range(0, len(observed)):
        sumExpected -= expected[i]
        sumObserved += observed[i]

    ratio = 1
    rescale = False

    if abs(sumExpected - sumObserved) > 10E-6:
        ratio = sumObserved / sumExpected
        rescale = True

    sumSq = 0

    for i in range(0, len(observed)):
        if rescale:
            dev = observed[i] - (ratio * expected[i])
            sumSq += (dev * dev) / (ratio * expected[i])
        else:
            dev = observed[i] - expected[i]
            sumSq += dev * dev / expected[i]

    return sumSq

FFFFFFFFFF
================================================================================= FAILURES ==================================================================================
_______________________________________________________ test_chiSquare_with_func[originalInput1_10-originalInput1_20] _______________________________________________________

FAILURE: check -24.013333333333335 <= -28.013333333333335: MR3_2 failed
mutants/tests/chiSquareTest.py:147 in test_chiSquare_with_func() -> applyMR_Assert(originalInput1_1, originalInput1_2, originalResult)
mutants/tests/chiSquareTest.py:119 in applyMR_Assert() -> check.less_equal(originalResult, transformResult3_2, "MR3_2 failed")

FAILURE: check -24.013333333333335 <= -48.026666666666664: MR8 failed
FAILURE: check -24.013333333333335 <= -28.421596244131454: MR16 failed
FAILURE: check -24.013333333333335 <= -32.827642276422765: MR19 failed
------------------------------------------------------------
Failed Checks: 4
_______________________________________________________ test_chiSquare_with_func[originalInput1_11-originalInput1_21] _______________________________________________________

FAILURE: check -96.17280497280498 <= -100.17280497280498: MR3_2 failed
mutants/tests/chiSquareTest.py:147 in test_chiSquare_with_func() -> applyMR_Assert(originalInput1_1, originalInput1_2, originalResult)
mutants/tests/chiSquareTest.py:119 in applyMR_Assert() -> check.less_equal(originalResult, transformResult3_2, "MR3_2 failed")

FAILURE: check -96.17280497280498 <= -192.34560994560997: MR8 failed
FAILURE: check -96.17280497280498 <= -112.22350982350984: MR16 failed
FAILURE: check -96.17280497280498 <= -128.26153846153846: MR19 failed
------------------------------------------------------------
Failed Checks: 4
_______________________________________________________ test_chiSquare_with_func[originalInput1_12-originalInput1_22] _______________________________________________________

FAILURE: check -176.65909090909093 <= -180.65925925925924: MR3_2 failed
mutants/tests/chiSquareTest.py:147 in test_chiSquare_with_func() -> applyMR_Assert(originalInput1_1, originalInput1_2, originalResult)
mutants/tests/chiSquareTest.py:119 in applyMR_Assert() -> check.less_equal(originalResult, transformResult3_2, "MR3_2 failed")

FAILURE: check -176.65909090909093 <= -353.31818181818187: MR8 failed
FAILURE: check -176.65909090909093 <= -225.0297619047619: MR16 failed
FAILURE: check -176.65909090909093 <= -273.2696078431372: MR19 failed
------------------------------------------------------------
Failed Checks: 4
_______________________________________________________ test_chiSquare_with_func[originalInput1_13-originalInput1_23] _______________________________________________________

FAILURE: check -160.07780038875597 <= -164.07834899054734: MR3_2 failed
mutants/tests/chiSquareTest.py:147 in test_chiSquare_with_func() -> applyMR_Assert(originalInput1_1, originalInput1_2, originalResult)
mutants/tests/chiSquareTest.py:119 in applyMR_Assert() -> check.less_equal(originalResult, transformResult3_2, "MR3_2 failed")

FAILURE: check -160.07780038875597 <= -320.15560077751195: MR8 failed
FAILURE: check -160.07780038875597 <= -190.08832863258627: MR16 failed
FAILURE: check -160.07780038875597 <= -220.09598553719007: MR19 failed
------------------------------------------------------------
Failed Checks: 4
_______________________________________________________ test_chiSquare_with_func[originalInput1_14-originalInput1_24] _______________________________________________________

FAILURE: check -54.00740740740741 <= -58.020402298850584: MR3_2 failed
mutants/tests/chiSquareTest.py:147 in test_chiSquare_with_func() -> applyMR_Assert(originalInput1_1, originalInput1_2, originalResult)
mutants/tests/chiSquareTest.py:119 in applyMR_Assert() -> check.less_equal(originalResult, transformResult3_2, "MR3_2 failed")

FAILURE: check -54.00740740740741 <= -108.01481481481483: MR8 failed
FAILURE: check -54.00740740740741 <= -68.01102941176471: MR16 failed
FAILURE: check -54.00740740740741 <= -82.01341463414633: MR19 failed
------------------------------------------------------------
Failed Checks: 4
_______________________________________________________ test_chiSquare_with_func[originalInput1_15-originalInput1_25] _______________________________________________________

FAILURE: check -144.84944751381215 <= -148.84948476702507: MR3_2 failed
mutants/tests/chiSquareTest.py:147 in test_chiSquare_with_func() -> applyMR_Assert(originalInput1_1, originalInput1_2, originalResult)
mutants/tests/chiSquareTest.py:119 in applyMR_Assert() -> check.less_equal(originalResult, transformResult3_2, "MR3_2 failed")

FAILURE: check -144.84944751381215 <= -289.6988950276243: MR8 failed
FAILURE: check -144.84944751381215 <= -168.849644549763: MR16 failed
FAILURE: check -144.84944751381215 <= -192.84979253112039: MR19 failed
------------------------------------------------------------
Failed Checks: 4
_______________________________________________________ test_chiSquare_with_func[originalInput1_16-originalInput1_26] _______________________________________________________

FAILURE: check -50.84251968503936 <= -54.84295339696799: MR3_2 failed
mutants/tests/chiSquareTest.py:147 in test_chiSquare_with_func() -> applyMR_Assert(originalInput1_1, originalInput1_2, originalResult)
mutants/tests/chiSquareTest.py:119 in applyMR_Assert() -> check.less_equal(originalResult, transformResult3_2, "MR3_2 failed")

FAILURE: check -50.84251968503936 <= -101.68503937007873: MR8 failed
FAILURE: check -50.84251968503936 <= -60.84349696356276: MR16 failed
FAILURE: check -50.84251968503936 <= -70.84419817470665: MR19 failed
------------------------------------------------------------
Failed Checks: 4
_______________________________________________________ test_chiSquare_with_func[originalInput1_17-originalInput1_27] _______________________________________________________

FAILURE: check -142.08641357951632 <= -146.08727632605556: MR3_2 failed
mutants/tests/chiSquareTest.py:147 in test_chiSquare_with_func() -> applyMR_Assert(originalInput1_1, originalInput1_2, originalResult)
mutants/tests/chiSquareTest.py:119 in applyMR_Assert() -> check.less_equal(originalResult, transformResult3_2, "MR3_2 failed")

FAILURE: check -142.08641357951632 <= -284.17282715903264: MR8 failed
FAILURE: check -142.08641357951632 <= -172.09593376110135: MR16 failed
FAILURE: check -142.08641357951632 <= -202.10262616597788: MR19 failed
------------------------------------------------------------
Failed Checks: 4
_______________________________________________________ test_chiSquare_with_func[originalInput1_18-originalInput1_28] _______________________________________________________

FAILURE: check -88.09612875163114 <= -92.09651896539768: MR3_2 failed
mutants/tests/chiSquareTest.py:147 in test_chiSquare_with_func() -> applyMR_Assert(originalInput1_1, originalInput1_2, originalResult)
mutants/tests/chiSquareTest.py:119 in applyMR_Assert() -> check.less_equal(originalResult, transformResult3_2, "MR3_2 failed")

FAILURE: check -88.09612875163114 <= -176.19225750326228: MR8 failed
FAILURE: check -88.09612875163114 <= -112.15055821371611: MR16 failed
FAILURE: check -88.09612875163114 <= -136.18577727741814: MR19 failed
------------------------------------------------------------
Failed Checks: 4
_______________________________________________________ test_chiSquare_with_func[originalInput1_19-originalInput1_29] _______________________________________________________

FAILURE: check -364.0903846153846 <= -368.09051630434783: MR3_2 failed
mutants/tests/chiSquareTest.py:147 in test_chiSquare_with_func() -> applyMR_Assert(originalInput1_1, originalInput1_2, originalResult)
mutants/tests/chiSquareTest.py:119 in applyMR_Assert() -> check.less_equal(originalResult, transformResult3_2, "MR3_2 failed")

FAILURE: check -364.0903846153846 <= -728.1807692307692: MR8 failed
FAILURE: check -364.0903846153846 <= -422.1162322274881: MR16 failed
FAILURE: check -364.0903846153846 <= -480.13583333333327: MR19 failed
------------------------------------------------------------
Failed Checks: 4
============================================================================= warnings summary ==============================================================================
../../anaconda3/envs/mutmut39/lib/python3.9/site-packages/_pytest/config/__init__.py:1474
  /home/rts/anaconda3/envs/mutmut39/lib/python3.9/site-packages/_pytest/config/__init__.py:1474: PytestConfigWarning: Unknown config option: pytest -vv --tb
  
    self._warn_or_fail_if_strict(f"Unknown config option: {key}\n")

-- Docs: https://docs.pytest.org/en/stable/how-to/capture-warnings.html
========================================================================== short test summary info ==========================================================================
FAILED mutants/tests/chiSquareTest.py::test_chiSquare_with_func[originalInput1_10-originalInput1_20] - check -24.013333333333335 <= -28.013333333333335: MR3_2 failed
FAILED mutants/tests/chiSquareTest.py::test_chiSquare_with_func[originalInput1_11-originalInput1_21] - check -96.17280497280498 <= -100.17280497280498: MR3_2 failed
FAILED mutants/tests/chiSquareTest.py::test_chiSquare_with_func[originalInput1_12-originalInput1_22] - check -176.65909090909093 <= -180.65925925925924: MR3_2 failed
FAILED mutants/tests/chiSquareTest.py::test_chiSquare_with_func[originalInput1_13-originalInput1_23] - check -160.07780038875597 <= -164.07834899054734: MR3_2 failed
FAILED mutants/tests/chiSquareTest.py::test_chiSquare_with_func[originalInput1_14-originalInput1_24] - check -54.00740740740741 <= -58.020402298850584: MR3_2 failed
FAILED mutants/tests/chiSquareTest.py::test_chiSquare_with_func[originalInput1_15-originalInput1_25] - check -144.84944751381215 <= -148.84948476702507: MR3_2 failed
FAILED mutants/tests/chiSquareTest.py::test_chiSquare_with_func[originalInput1_16-originalInput1_26] - check -50.84251968503936 <= -54.84295339696799: MR3_2 failed
FAILED mutants/tests/chiSquareTest.py::test_chiSquare_with_func[originalInput1_17-originalInput1_27] - check -142.08641357951632 <= -146.08727632605556: MR3_2 failed
FAILED mutants/tests/chiSquareTest.py::test_chiSquare_with_func[originalInput1_18-originalInput1_28] - check -88.09612875163114 <= -92.09651896539768: MR3_2 failed
FAILED mutants/tests/chiSquareTest.py::test_chiSquare_with_func[originalInput1_19-originalInput1_29] - check -364.0903846153846 <= -368.09051630434783: MR3_2 failed
10 failed, 1 warning in 0.02s
❌ x_chiSquare__mutmut_11 存在失败 (退出码 1)

================================================================================
RUNNING chiSquare.py :: x_chiSquare__mutmut_12  -  2025-10-16T14:22:48.429908
================================================================================

>>> 当前使用的函数: x_chiSquare__mutmut_12
函数源码如下：
def x_chiSquare__mutmut_12(expected, observed):
    sumExpected = 0
    sumObserved = 0

    for i in range(0, len(observed)):
        sumExpected += expected[i]
        sumObserved = observed[i]

    ratio = 1
    rescale = False

    if abs(sumExpected - sumObserved) > 10E-6:
        ratio = sumObserved / sumExpected
        rescale = True

    sumSq = 0

    for i in range(0, len(observed)):
        if rescale:
            dev = observed[i] - (ratio * expected[i])
            sumSq += (dev * dev) / (ratio * expected[i])
        else:
            dev = observed[i] - expected[i]
            sumSq += dev * dev / expected[i]

    return sumSq

FFFFFFFFFF
================================================================================= FAILURES ==================================================================================
_______________________________________________________ test_chiSquare_with_func[originalInput1_10-originalInput1_20] _______________________________________________________

FAILURE: check 3.3413793103448275 >= 14.046186440677964: MR2 failed
mutants/tests/chiSquareTest.py:147 in test_chiSquare_with_func() -> applyMR_Assert(originalInput1_1, originalInput1_2, originalResult)
mutants/tests/chiSquareTest.py:118 in applyMR_Assert() -> check.greater_equal(originalResult, transformResult2, "MR2 failed")

FAILURE: check bool(False): MR6 failed
FAILURE: check 3.3413793103448275 >= 3.341379310656274: MR13 failed
------------------------------------------------------------
Failed Checks: 3
_______________________________________________________ test_chiSquare_with_func[originalInput1_11-originalInput1_21] _______________________________________________________

FAILURE: check 32.518414918414926 >= 57.18757589160065: MR2 failed
mutants/tests/chiSquareTest.py:147 in test_chiSquare_with_func() -> applyMR_Assert(originalInput1_1, originalInput1_2, originalResult)
mutants/tests/chiSquareTest.py:118 in applyMR_Assert() -> check.greater_equal(originalResult, transformResult2, "MR2 failed")

FAILURE: check bool(False): MR6 failed
FAILURE: check 32.518414918414926 >= 32.51841491920779: MR13 failed
------------------------------------------------------------
Failed Checks: 3
_______________________________________________________ test_chiSquare_with_func[originalInput1_12-originalInput1_22] _______________________________________________________

FAILURE: check 39.166666666666664 >= 50.09555661729574: MR2 failed
mutants/tests/chiSquareTest.py:147 in test_chiSquare_with_func() -> applyMR_Assert(originalInput1_1, originalInput1_2, originalResult)
mutants/tests/chiSquareTest.py:118 in applyMR_Assert() -> check.greater_equal(originalResult, transformResult2, "MR2 failed")

FAILURE: check bool(False): MR6 failed
FAILURE: check 39.166666666666664 >= 39.16666666702435: MR13 failed
------------------------------------------------------------
Failed Checks: 3
_______________________________________________________ test_chiSquare_with_func[originalInput1_13-originalInput1_23] _______________________________________________________

FAILURE: check 56.316308888479945 >= 81.19161329597821: MR2 failed
mutants/tests/chiSquareTest.py:147 in test_chiSquare_with_func() -> applyMR_Assert(originalInput1_1, originalInput1_2, originalResult)
mutants/tests/chiSquareTest.py:118 in applyMR_Assert() -> check.greater_equal(originalResult, transformResult2, "MR2 failed")

FAILURE: check bool(False): MR6 failed
FAILURE: check 56.316308888479945 >= 56.31630888929273: MR13 failed
------------------------------------------------------------
Failed Checks: 3
_______________________________________________________ test_chiSquare_with_func[originalInput1_14-originalInput1_24] _______________________________________________________

FAILURE: check 11.654545454545456 >= 23.062499999999993: MR2 failed
mutants/tests/chiSquareTest.py:147 in test_chiSquare_with_func() -> applyMR_Assert(originalInput1_1, originalInput1_2, originalResult)
mutants/tests/chiSquareTest.py:118 in applyMR_Assert() -> check.greater_equal(originalResult, transformResult2, "MR2 failed")

FAILURE: check bool(False): MR6 failed
FAILURE: check 11.654545454545456 >= 11.654545454914405: MR13 failed
------------------------------------------------------------
Failed Checks: 3
_______________________________________________________ test_chiSquare_with_func[originalInput1_15-originalInput1_25] _______________________________________________________

FAILURE: check 53.20695652173914 >= 78.45156016397397: MR2 failed
mutants/tests/chiSquareTest.py:147 in test_chiSquare_with_func() -> applyMR_Assert(originalInput1_1, originalInput1_2, originalResult)
mutants/tests/chiSquareTest.py:118 in applyMR_Assert() -> check.greater_equal(originalResult, transformResult2, "MR2 failed")

FAILURE: check bool(False): MR6 failed
FAILURE: check 53.20695652173914 >= 53.20695652256541: MR13 failed
------------------------------------------------------------
Failed Checks: 3
_______________________________________________________ test_chiSquare_with_func[originalInput1_16-originalInput1_26] _______________________________________________________

FAILURE: check 7.571666666666666 >= 17.98940685045948: MR2 failed
mutants/tests/chiSquareTest.py:147 in test_chiSquare_with_func() -> applyMR_Assert(originalInput1_1, originalInput1_2, originalResult)
mutants/tests/chiSquareTest.py:118 in applyMR_Assert() -> check.greater_equal(originalResult, transformResult2, "MR2 failed")

FAILURE: check bool(False): MR6 failed
FAILURE: check 7.571666666666666 >= 7.571666666987741: MR13 failed
------------------------------------------------------------
Failed Checks: 3
_______________________________________________________ test_chiSquare_with_func[originalInput1_17-originalInput1_27] _______________________________________________________

FAILURE: check 59.81596972122181 >= 85.85454446921838: MR2 failed
mutants/tests/chiSquareTest.py:147 in test_chiSquare_with_func() -> applyMR_Assert(originalInput1_1, originalInput1_2, originalResult)
mutants/tests/chiSquareTest.py:118 in applyMR_Assert() -> check.greater_equal(originalResult, transformResult2, "MR2 failed")

FAILURE: check bool(False): MR6 failed
FAILURE: check 59.81596972122181 >= 59.81596972208057: MR13 failed
------------------------------------------------------------
Failed Checks: 3
_______________________________________________________ test_chiSquare_with_func[originalInput1_18-originalInput1_28] _______________________________________________________

FAILURE: check 19.0127591706539 >= 30.254705882352937: MR2 failed
mutants/tests/chiSquareTest.py:147 in test_chiSquare_with_func() -> applyMR_Assert(originalInput1_1, originalInput1_2, originalResult)
mutants/tests/chiSquareTest.py:118 in applyMR_Assert() -> check.greater_equal(originalResult, transformResult2, "MR2 failed")

FAILURE: check bool(False): MR6 failed
FAILURE: check 19.0127591706539 >= 19.012759171020065: MR13 failed
------------------------------------------------------------
Failed Checks: 3
_______________________________________________________ test_chiSquare_with_func[originalInput1_19-originalInput1_29] _______________________________________________________

FAILURE: check 116.39435483870966 >= 140.27232731037083: MR2 failed
mutants/tests/chiSquareTest.py:147 in test_chiSquare_with_func() -> applyMR_Assert(originalInput1_1, originalInput1_2, originalResult)
mutants/tests/chiSquareTest.py:118 in applyMR_Assert() -> check.greater_equal(originalResult, transformResult2, "MR2 failed")

FAILURE: check bool(False): MR6 failed
FAILURE: check 116.39435483870966 >= 116.39435483949552: MR13 failed
------------------------------------------------------------
Failed Checks: 3
============================================================================= warnings summary ==============================================================================
../../anaconda3/envs/mutmut39/lib/python3.9/site-packages/_pytest/config/__init__.py:1474
  /home/rts/anaconda3/envs/mutmut39/lib/python3.9/site-packages/_pytest/config/__init__.py:1474: PytestConfigWarning: Unknown config option: pytest -vv --tb
  
    self._warn_or_fail_if_strict(f"Unknown config option: {key}\n")

-- Docs: https://docs.pytest.org/en/stable/how-to/capture-warnings.html
========================================================================== short test summary info ==========================================================================
FAILED mutants/tests/chiSquareTest.py::test_chiSquare_with_func[originalInput1_10-originalInput1_20] - check 3.3413793103448275 >= 14.046186440677964: MR2 failed
FAILED mutants/tests/chiSquareTest.py::test_chiSquare_with_func[originalInput1_11-originalInput1_21] - check 32.518414918414926 >= 57.18757589160065: MR2 failed
FAILED mutants/tests/chiSquareTest.py::test_chiSquare_with_func[originalInput1_12-originalInput1_22] - check 39.166666666666664 >= 50.09555661729574: MR2 failed
FAILED mutants/tests/chiSquareTest.py::test_chiSquare_with_func[originalInput1_13-originalInput1_23] - check 56.316308888479945 >= 81.19161329597821: MR2 failed
FAILED mutants/tests/chiSquareTest.py::test_chiSquare_with_func[originalInput1_14-originalInput1_24] - check 11.654545454545456 >= 23.062499999999993: MR2 failed
FAILED mutants/tests/chiSquareTest.py::test_chiSquare_with_func[originalInput1_15-originalInput1_25] - check 53.20695652173914 >= 78.45156016397397: MR2 failed
FAILED mutants/tests/chiSquareTest.py::test_chiSquare_with_func[originalInput1_16-originalInput1_26] - check 7.571666666666666 >= 17.98940685045948: MR2 failed
FAILED mutants/tests/chiSquareTest.py::test_chiSquare_with_func[originalInput1_17-originalInput1_27] - check 59.81596972122181 >= 85.85454446921838: MR2 failed
FAILED mutants/tests/chiSquareTest.py::test_chiSquare_with_func[originalInput1_18-originalInput1_28] - check 19.0127591706539 >= 30.254705882352937: MR2 failed
FAILED mutants/tests/chiSquareTest.py::test_chiSquare_with_func[originalInput1_19-originalInput1_29] - check 116.39435483870966 >= 140.27232731037083: MR2 failed
10 failed, 1 warning in 0.02s
❌ x_chiSquare__mutmut_12 存在失败 (退出码 1)

================================================================================
RUNNING chiSquare.py :: x_chiSquare__mutmut_13  -  2025-10-16T14:22:48.487706
================================================================================

>>> 当前使用的函数: x_chiSquare__mutmut_13
函数源码如下：
def x_chiSquare__mutmut_13(expected, observed):
    sumExpected = 0
    sumObserved = 0

    for i in range(0, len(observed)):
        sumExpected += expected[i]
        sumObserved -= observed[i]

    ratio = 1
    rescale = False

    if abs(sumExpected - sumObserved) > 10E-6:
        ratio = sumObserved / sumExpected
        rescale = True

    sumSq = 0

    for i in range(0, len(observed)):
        if rescale:
            dev = observed[i] - (ratio * expected[i])
            sumSq += (dev * dev) / (ratio * expected[i])
        else:
            dev = observed[i] - expected[i]
            sumSq += dev * dev / expected[i]

    return sumSq

FFFFFFFFFF
================================================================================= FAILURES ==================================================================================
_______________________________________________________ test_chiSquare_with_func[originalInput1_10-originalInput1_20] _______________________________________________________

FAILURE: check -24.013333333333335 <= -28.013333333333335: MR3_2 failed
mutants/tests/chiSquareTest.py:147 in test_chiSquare_with_func() -> applyMR_Assert(originalInput1_1, originalInput1_2, originalResult)
mutants/tests/chiSquareTest.py:119 in applyMR_Assert() -> check.less_equal(originalResult, transformResult3_2, "MR3_2 failed")

FAILURE: check -24.013333333333335 <= -48.026666666666664: MR8 failed
FAILURE: check -24.013333333333335 <= -28.421596244131454: MR16 failed
FAILURE: check -24.013333333333335 <= -32.827642276422765: MR19 failed
------------------------------------------------------------
Failed Checks: 4
_______________________________________________________ test_chiSquare_with_func[originalInput1_11-originalInput1_21] _______________________________________________________

FAILURE: check -96.17280497280498 <= -100.17280497280498: MR3_2 failed
mutants/tests/chiSquareTest.py:147 in test_chiSquare_with_func() -> applyMR_Assert(originalInput1_1, originalInput1_2, originalResult)
mutants/tests/chiSquareTest.py:119 in applyMR_Assert() -> check.less_equal(originalResult, transformResult3_2, "MR3_2 failed")

FAILURE: check -96.17280497280498 <= -192.34560994560997: MR8 failed
FAILURE: check -96.17280497280498 <= -112.22350982350984: MR16 failed
FAILURE: check -96.17280497280498 <= -128.26153846153846: MR19 failed
------------------------------------------------------------
Failed Checks: 4
_______________________________________________________ test_chiSquare_with_func[originalInput1_12-originalInput1_22] _______________________________________________________

FAILURE: check -176.65909090909093 <= -180.65925925925924: MR3_2 failed
mutants/tests/chiSquareTest.py:147 in test_chiSquare_with_func() -> applyMR_Assert(originalInput1_1, originalInput1_2, originalResult)
mutants/tests/chiSquareTest.py:119 in applyMR_Assert() -> check.less_equal(originalResult, transformResult3_2, "MR3_2 failed")

FAILURE: check -176.65909090909093 <= -353.31818181818187: MR8 failed
FAILURE: check -176.65909090909093 <= -225.0297619047619: MR16 failed
FAILURE: check -176.65909090909093 <= -273.2696078431372: MR19 failed
------------------------------------------------------------
Failed Checks: 4
_______________________________________________________ test_chiSquare_with_func[originalInput1_13-originalInput1_23] _______________________________________________________

FAILURE: check -160.07780038875597 <= -164.07834899054734: MR3_2 failed
mutants/tests/chiSquareTest.py:147 in test_chiSquare_with_func() -> applyMR_Assert(originalInput1_1, originalInput1_2, originalResult)
mutants/tests/chiSquareTest.py:119 in applyMR_Assert() -> check.less_equal(originalResult, transformResult3_2, "MR3_2 failed")

FAILURE: check -160.07780038875597 <= -320.15560077751195: MR8 failed
FAILURE: check -160.07780038875597 <= -190.08832863258627: MR16 failed
FAILURE: check -160.07780038875597 <= -220.09598553719007: MR19 failed
------------------------------------------------------------
Failed Checks: 4
_______________________________________________________ test_chiSquare_with_func[originalInput1_14-originalInput1_24] _______________________________________________________

FAILURE: check -54.00740740740741 <= -58.020402298850584: MR3_2 failed
mutants/tests/chiSquareTest.py:147 in test_chiSquare_with_func() -> applyMR_Assert(originalInput1_1, originalInput1_2, originalResult)
mutants/tests/chiSquareTest.py:119 in applyMR_Assert() -> check.less_equal(originalResult, transformResult3_2, "MR3_2 failed")

FAILURE: check -54.00740740740741 <= -108.01481481481483: MR8 failed
FAILURE: check -54.00740740740741 <= -68.01102941176471: MR16 failed
FAILURE: check -54.00740740740741 <= -82.01341463414633: MR19 failed
------------------------------------------------------------
Failed Checks: 4
_______________________________________________________ test_chiSquare_with_func[originalInput1_15-originalInput1_25] _______________________________________________________

FAILURE: check -144.84944751381215 <= -148.84948476702507: MR3_2 failed
mutants/tests/chiSquareTest.py:147 in test_chiSquare_with_func() -> applyMR_Assert(originalInput1_1, originalInput1_2, originalResult)
mutants/tests/chiSquareTest.py:119 in applyMR_Assert() -> check.less_equal(originalResult, transformResult3_2, "MR3_2 failed")

FAILURE: check -144.84944751381215 <= -289.6988950276243: MR8 failed
FAILURE: check -144.84944751381215 <= -168.849644549763: MR16 failed
FAILURE: check -144.84944751381215 <= -192.84979253112039: MR19 failed
------------------------------------------------------------
Failed Checks: 4
_______________________________________________________ test_chiSquare_with_func[originalInput1_16-originalInput1_26] _______________________________________________________

FAILURE: check -50.84251968503936 <= -54.84295339696799: MR3_2 failed
mutants/tests/chiSquareTest.py:147 in test_chiSquare_with_func() -> applyMR_Assert(originalInput1_1, originalInput1_2, originalResult)
mutants/tests/chiSquareTest.py:119 in applyMR_Assert() -> check.less_equal(originalResult, transformResult3_2, "MR3_2 failed")

FAILURE: check -50.84251968503936 <= -101.68503937007873: MR8 failed
FAILURE: check -50.84251968503936 <= -60.84349696356276: MR16 failed
FAILURE: check -50.84251968503936 <= -70.84419817470665: MR19 failed
------------------------------------------------------------
Failed Checks: 4
_______________________________________________________ test_chiSquare_with_func[originalInput1_17-originalInput1_27] _______________________________________________________

FAILURE: check -142.08641357951632 <= -146.08727632605556: MR3_2 failed
mutants/tests/chiSquareTest.py:147 in test_chiSquare_with_func() -> applyMR_Assert(originalInput1_1, originalInput1_2, originalResult)
mutants/tests/chiSquareTest.py:119 in applyMR_Assert() -> check.less_equal(originalResult, transformResult3_2, "MR3_2 failed")

FAILURE: check -142.08641357951632 <= -284.17282715903264: MR8 failed
FAILURE: check -142.08641357951632 <= -172.09593376110135: MR16 failed
FAILURE: check -142.08641357951632 <= -202.10262616597788: MR19 failed
------------------------------------------------------------
Failed Checks: 4
_______________________________________________________ test_chiSquare_with_func[originalInput1_18-originalInput1_28] _______________________________________________________

FAILURE: check -88.09612875163114 <= -92.09651896539768: MR3_2 failed
mutants/tests/chiSquareTest.py:147 in test_chiSquare_with_func() -> applyMR_Assert(originalInput1_1, originalInput1_2, originalResult)
mutants/tests/chiSquareTest.py:119 in applyMR_Assert() -> check.less_equal(originalResult, transformResult3_2, "MR3_2 failed")

FAILURE: check -88.09612875163114 <= -176.19225750326228: MR8 failed
FAILURE: check -88.09612875163114 <= -112.15055821371611: MR16 failed
FAILURE: check -88.09612875163114 <= -136.18577727741814: MR19 failed
------------------------------------------------------------
Failed Checks: 4
_______________________________________________________ test_chiSquare_with_func[originalInput1_19-originalInput1_29] _______________________________________________________

FAILURE: check -364.0903846153846 <= -368.09051630434783: MR3_2 failed
mutants/tests/chiSquareTest.py:147 in test_chiSquare_with_func() -> applyMR_Assert(originalInput1_1, originalInput1_2, originalResult)
mutants/tests/chiSquareTest.py:119 in applyMR_Assert() -> check.less_equal(originalResult, transformResult3_2, "MR3_2 failed")

FAILURE: check -364.0903846153846 <= -728.1807692307692: MR8 failed
FAILURE: check -364.0903846153846 <= -422.1162322274881: MR16 failed
FAILURE: check -364.0903846153846 <= -480.13583333333327: MR19 failed
------------------------------------------------------------
Failed Checks: 4
============================================================================= warnings summary ==============================================================================
../../anaconda3/envs/mutmut39/lib/python3.9/site-packages/_pytest/config/__init__.py:1474
  /home/rts/anaconda3/envs/mutmut39/lib/python3.9/site-packages/_pytest/config/__init__.py:1474: PytestConfigWarning: Unknown config option: pytest -vv --tb
  
    self._warn_or_fail_if_strict(f"Unknown config option: {key}\n")

-- Docs: https://docs.pytest.org/en/stable/how-to/capture-warnings.html
========================================================================== short test summary info ==========================================================================
FAILED mutants/tests/chiSquareTest.py::test_chiSquare_with_func[originalInput1_10-originalInput1_20] - check -24.013333333333335 <= -28.013333333333335: MR3_2 failed
FAILED mutants/tests/chiSquareTest.py::test_chiSquare_with_func[originalInput1_11-originalInput1_21] - check -96.17280497280498 <= -100.17280497280498: MR3_2 failed
FAILED mutants/tests/chiSquareTest.py::test_chiSquare_with_func[originalInput1_12-originalInput1_22] - check -176.65909090909093 <= -180.65925925925924: MR3_2 failed
FAILED mutants/tests/chiSquareTest.py::test_chiSquare_with_func[originalInput1_13-originalInput1_23] - check -160.07780038875597 <= -164.07834899054734: MR3_2 failed
FAILED mutants/tests/chiSquareTest.py::test_chiSquare_with_func[originalInput1_14-originalInput1_24] - check -54.00740740740741 <= -58.020402298850584: MR3_2 failed
FAILED mutants/tests/chiSquareTest.py::test_chiSquare_with_func[originalInput1_15-originalInput1_25] - check -144.84944751381215 <= -148.84948476702507: MR3_2 failed
FAILED mutants/tests/chiSquareTest.py::test_chiSquare_with_func[originalInput1_16-originalInput1_26] - check -50.84251968503936 <= -54.84295339696799: MR3_2 failed
FAILED mutants/tests/chiSquareTest.py::test_chiSquare_with_func[originalInput1_17-originalInput1_27] - check -142.08641357951632 <= -146.08727632605556: MR3_2 failed
FAILED mutants/tests/chiSquareTest.py::test_chiSquare_with_func[originalInput1_18-originalInput1_28] - check -88.09612875163114 <= -92.09651896539768: MR3_2 failed
FAILED mutants/tests/chiSquareTest.py::test_chiSquare_with_func[originalInput1_19-originalInput1_29] - check -364.0903846153846 <= -368.09051630434783: MR3_2 failed
10 failed, 1 warning in 0.02s
❌ x_chiSquare__mutmut_13 存在失败 (退出码 1)

================================================================================
RUNNING chiSquare.py :: x_chiSquare__mutmut_14  -  2025-10-16T14:22:48.544729
================================================================================

>>> 当前使用的函数: x_chiSquare__mutmut_14
函数源码如下：
def x_chiSquare__mutmut_14(expected, observed):
    sumExpected = 0
    sumObserved = 0

    for i in range(0, len(observed)):
        sumExpected += expected[i]
        sumObserved += observed[i]

    ratio = None
    rescale = False

    if abs(sumExpected - sumObserved) > 10E-6:
        ratio = sumObserved / sumExpected
        rescale = True

    sumSq = 0

    for i in range(0, len(observed)):
        if rescale:
            dev = observed[i] - (ratio * expected[i])
            sumSq += (dev * dev) / (ratio * expected[i])
        else:
            dev = observed[i] - expected[i]
            sumSq += dev * dev / expected[i]

    return sumSq

..........
============================================================================= warnings summary ==============================================================================
../../anaconda3/envs/mutmut39/lib/python3.9/site-packages/_pytest/config/__init__.py:1474
  /home/rts/anaconda3/envs/mutmut39/lib/python3.9/site-packages/_pytest/config/__init__.py:1474: PytestConfigWarning: Unknown config option: pytest -vv --tb
  
    self._warn_or_fail_if_strict(f"Unknown config option: {key}\n")

-- Docs: https://docs.pytest.org/en/stable/how-to/capture-warnings.html
10 passed, 1 warning in 0.01s
✅ x_chiSquare__mutmut_14 所有测试通过

================================================================================
RUNNING chiSquare.py :: x_chiSquare__mutmut_15  -  2025-10-16T14:22:48.594632
================================================================================

>>> 当前使用的函数: x_chiSquare__mutmut_15
函数源码如下：
def x_chiSquare__mutmut_15(expected, observed):
    sumExpected = 0
    sumObserved = 0

    for i in range(0, len(observed)):
        sumExpected += expected[i]
        sumObserved += observed[i]

    ratio = 2
    rescale = False

    if abs(sumExpected - sumObserved) > 10E-6:
        ratio = sumObserved / sumExpected
        rescale = True

    sumSq = 0

    for i in range(0, len(observed)):
        if rescale:
            dev = observed[i] - (ratio * expected[i])
            sumSq += (dev * dev) / (ratio * expected[i])
        else:
            dev = observed[i] - expected[i]
            sumSq += dev * dev / expected[i]

    return sumSq

..........
============================================================================= warnings summary ==============================================================================
../../anaconda3/envs/mutmut39/lib/python3.9/site-packages/_pytest/config/__init__.py:1474
  /home/rts/anaconda3/envs/mutmut39/lib/python3.9/site-packages/_pytest/config/__init__.py:1474: PytestConfigWarning: Unknown config option: pytest -vv --tb
  
    self._warn_or_fail_if_strict(f"Unknown config option: {key}\n")

-- Docs: https://docs.pytest.org/en/stable/how-to/capture-warnings.html
10 passed, 1 warning in 0.01s
✅ x_chiSquare__mutmut_15 所有测试通过

================================================================================
RUNNING chiSquare.py :: x_chiSquare__mutmut_16  -  2025-10-16T14:22:48.644749
================================================================================

>>> 当前使用的函数: x_chiSquare__mutmut_16
函数源码如下：
def x_chiSquare__mutmut_16(expected, observed):
    sumExpected = 0
    sumObserved = 0

    for i in range(0, len(observed)):
        sumExpected += expected[i]
        sumObserved += observed[i]

    ratio = 1
    rescale = None

    if abs(sumExpected - sumObserved) > 10E-6:
        ratio = sumObserved / sumExpected
        rescale = True

    sumSq = 0

    for i in range(0, len(observed)):
        if rescale:
            dev = observed[i] - (ratio * expected[i])
            sumSq += (dev * dev) / (ratio * expected[i])
        else:
            dev = observed[i] - expected[i]
            sumSq += dev * dev / expected[i]

    return sumSq

..........
============================================================================= warnings summary ==============================================================================
../../anaconda3/envs/mutmut39/lib/python3.9/site-packages/_pytest/config/__init__.py:1474
  /home/rts/anaconda3/envs/mutmut39/lib/python3.9/site-packages/_pytest/config/__init__.py:1474: PytestConfigWarning: Unknown config option: pytest -vv --tb
  
    self._warn_or_fail_if_strict(f"Unknown config option: {key}\n")

-- Docs: https://docs.pytest.org/en/stable/how-to/capture-warnings.html
10 passed, 1 warning in 0.01s
✅ x_chiSquare__mutmut_16 所有测试通过

================================================================================
RUNNING chiSquare.py :: x_chiSquare__mutmut_17  -  2025-10-16T14:22:48.694294
================================================================================

>>> 当前使用的函数: x_chiSquare__mutmut_17
函数源码如下：
def x_chiSquare__mutmut_17(expected, observed):
    sumExpected = 0
    sumObserved = 0

    for i in range(0, len(observed)):
        sumExpected += expected[i]
        sumObserved += observed[i]

    ratio = 1
    rescale = True

    if abs(sumExpected - sumObserved) > 10E-6:
        ratio = sumObserved / sumExpected
        rescale = True

    sumSq = 0

    for i in range(0, len(observed)):
        if rescale:
            dev = observed[i] - (ratio * expected[i])
            sumSq += (dev * dev) / (ratio * expected[i])
        else:
            dev = observed[i] - expected[i]
            sumSq += dev * dev / expected[i]

    return sumSq

..........
============================================================================= warnings summary ==============================================================================
../../anaconda3/envs/mutmut39/lib/python3.9/site-packages/_pytest/config/__init__.py:1474
  /home/rts/anaconda3/envs/mutmut39/lib/python3.9/site-packages/_pytest/config/__init__.py:1474: PytestConfigWarning: Unknown config option: pytest -vv --tb
  
    self._warn_or_fail_if_strict(f"Unknown config option: {key}\n")

-- Docs: https://docs.pytest.org/en/stable/how-to/capture-warnings.html
10 passed, 1 warning in 0.01s
✅ x_chiSquare__mutmut_17 所有测试通过

================================================================================
RUNNING chiSquare.py :: x_chiSquare__mutmut_18  -  2025-10-16T14:22:48.744201
================================================================================

>>> 当前使用的函数: x_chiSquare__mutmut_18
函数源码如下：
def x_chiSquare__mutmut_18(expected, observed):
    sumExpected = 0
    sumObserved = 0

    for i in range(0, len(observed)):
        sumExpected += expected[i]
        sumObserved += observed[i]

    ratio = 1
    rescale = False

    if abs(None) > 10E-6:
        ratio = sumObserved / sumExpected
        rescale = True

    sumSq = 0

    for i in range(0, len(observed)):
        if rescale:
            dev = observed[i] - (ratio * expected[i])
            sumSq += (dev * dev) / (ratio * expected[i])
        else:
            dev = observed[i] - expected[i]
            sumSq += dev * dev / expected[i]

    return sumSq

FFFFFFFFFF
================================================================================= FAILURES ==================================================================================
_______________________________________________________ test_chiSquare_with_func[originalInput1_10-originalInput1_20] _______________________________________________________
mutants/tests/chiSquareTest.py:146: in test_chiSquare_with_func
    originalResult = func(originalInput1_1, originalInput1_2)
mutants/src/chiSquare.py:512: in x_chiSquare__mutmut_18
    if abs(None) > 10E-6:
E   TypeError: bad operand type for abs(): 'NoneType'
_______________________________________________________ test_chiSquare_with_func[originalInput1_11-originalInput1_21] _______________________________________________________
mutants/tests/chiSquareTest.py:146: in test_chiSquare_with_func
    originalResult = func(originalInput1_1, originalInput1_2)
mutants/src/chiSquare.py:512: in x_chiSquare__mutmut_18
    if abs(None) > 10E-6:
E   TypeError: bad operand type for abs(): 'NoneType'
_______________________________________________________ test_chiSquare_with_func[originalInput1_12-originalInput1_22] _______________________________________________________
mutants/tests/chiSquareTest.py:146: in test_chiSquare_with_func
    originalResult = func(originalInput1_1, originalInput1_2)
mutants/src/chiSquare.py:512: in x_chiSquare__mutmut_18
    if abs(None) > 10E-6:
E   TypeError: bad operand type for abs(): 'NoneType'
_______________________________________________________ test_chiSquare_with_func[originalInput1_13-originalInput1_23] _______________________________________________________
mutants/tests/chiSquareTest.py:146: in test_chiSquare_with_func
    originalResult = func(originalInput1_1, originalInput1_2)
mutants/src/chiSquare.py:512: in x_chiSquare__mutmut_18
    if abs(None) > 10E-6:
E   TypeError: bad operand type for abs(): 'NoneType'
_______________________________________________________ test_chiSquare_with_func[originalInput1_14-originalInput1_24] _______________________________________________________
mutants/tests/chiSquareTest.py:146: in test_chiSquare_with_func
    originalResult = func(originalInput1_1, originalInput1_2)
mutants/src/chiSquare.py:512: in x_chiSquare__mutmut_18
    if abs(None) > 10E-6:
E   TypeError: bad operand type for abs(): 'NoneType'
_______________________________________________________ test_chiSquare_with_func[originalInput1_15-originalInput1_25] _______________________________________________________
mutants/tests/chiSquareTest.py:146: in test_chiSquare_with_func
    originalResult = func(originalInput1_1, originalInput1_2)
mutants/src/chiSquare.py:512: in x_chiSquare__mutmut_18
    if abs(None) > 10E-6:
E   TypeError: bad operand type for abs(): 'NoneType'
_______________________________________________________ test_chiSquare_with_func[originalInput1_16-originalInput1_26] _______________________________________________________
mutants/tests/chiSquareTest.py:146: in test_chiSquare_with_func
    originalResult = func(originalInput1_1, originalInput1_2)
mutants/src/chiSquare.py:512: in x_chiSquare__mutmut_18
    if abs(None) > 10E-6:
E   TypeError: bad operand type for abs(): 'NoneType'
_______________________________________________________ test_chiSquare_with_func[originalInput1_17-originalInput1_27] _______________________________________________________
mutants/tests/chiSquareTest.py:146: in test_chiSquare_with_func
    originalResult = func(originalInput1_1, originalInput1_2)
mutants/src/chiSquare.py:512: in x_chiSquare__mutmut_18
    if abs(None) > 10E-6:
E   TypeError: bad operand type for abs(): 'NoneType'
_______________________________________________________ test_chiSquare_with_func[originalInput1_18-originalInput1_28] _______________________________________________________
mutants/tests/chiSquareTest.py:146: in test_chiSquare_with_func
    originalResult = func(originalInput1_1, originalInput1_2)
mutants/src/chiSquare.py:512: in x_chiSquare__mutmut_18
    if abs(None) > 10E-6:
E   TypeError: bad operand type for abs(): 'NoneType'
_______________________________________________________ test_chiSquare_with_func[originalInput1_19-originalInput1_29] _______________________________________________________
mutants/tests/chiSquareTest.py:146: in test_chiSquare_with_func
    originalResult = func(originalInput1_1, originalInput1_2)
mutants/src/chiSquare.py:512: in x_chiSquare__mutmut_18
    if abs(None) > 10E-6:
E   TypeError: bad operand type for abs(): 'NoneType'
============================================================================= warnings summary ==============================================================================
../../anaconda3/envs/mutmut39/lib/python3.9/site-packages/_pytest/config/__init__.py:1474
  /home/rts/anaconda3/envs/mutmut39/lib/python3.9/site-packages/_pytest/config/__init__.py:1474: PytestConfigWarning: Unknown config option: pytest -vv --tb
  
    self._warn_or_fail_if_strict(f"Unknown config option: {key}\n")

-- Docs: https://docs.pytest.org/en/stable/how-to/capture-warnings.html
========================================================================== short test summary info ==========================================================================
FAILED mutants/tests/chiSquareTest.py::test_chiSquare_with_func[originalInput1_10-originalInput1_20] - TypeError: bad operand type for abs(): 'NoneType'
FAILED mutants/tests/chiSquareTest.py::test_chiSquare_with_func[originalInput1_11-originalInput1_21] - TypeError: bad operand type for abs(): 'NoneType'
FAILED mutants/tests/chiSquareTest.py::test_chiSquare_with_func[originalInput1_12-originalInput1_22] - TypeError: bad operand type for abs(): 'NoneType'
FAILED mutants/tests/chiSquareTest.py::test_chiSquare_with_func[originalInput1_13-originalInput1_23] - TypeError: bad operand type for abs(): 'NoneType'
FAILED mutants/tests/chiSquareTest.py::test_chiSquare_with_func[originalInput1_14-originalInput1_24] - TypeError: bad operand type for abs(): 'NoneType'
FAILED mutants/tests/chiSquareTest.py::test_chiSquare_with_func[originalInput1_15-originalInput1_25] - TypeError: bad operand type for abs(): 'NoneType'
FAILED mutants/tests/chiSquareTest.py::test_chiSquare_with_func[originalInput1_16-originalInput1_26] - TypeError: bad operand type for abs(): 'NoneType'
FAILED mutants/tests/chiSquareTest.py::test_chiSquare_with_func[originalInput1_17-originalInput1_27] - TypeError: bad operand type for abs(): 'NoneType'
FAILED mutants/tests/chiSquareTest.py::test_chiSquare_with_func[originalInput1_18-originalInput1_28] - TypeError: bad operand type for abs(): 'NoneType'
FAILED mutants/tests/chiSquareTest.py::test_chiSquare_with_func[originalInput1_19-originalInput1_29] - TypeError: bad operand type for abs(): 'NoneType'
10 failed, 1 warning in 0.14s
❌ x_chiSquare__mutmut_18 存在失败 (退出码 1)

================================================================================
RUNNING chiSquare.py :: x_chiSquare__mutmut_19  -  2025-10-16T14:22:48.920618
================================================================================

>>> 当前使用的函数: x_chiSquare__mutmut_19
函数源码如下：
def x_chiSquare__mutmut_19(expected, observed):
    sumExpected = 0
    sumObserved = 0

    for i in range(0, len(observed)):
        sumExpected += expected[i]
        sumObserved += observed[i]

    ratio = 1
    rescale = False

    if abs(sumExpected + sumObserved) > 10E-6:
        ratio = sumObserved / sumExpected
        rescale = True

    sumSq = 0

    for i in range(0, len(observed)):
        if rescale:
            dev = observed[i] - (ratio * expected[i])
            sumSq += (dev * dev) / (ratio * expected[i])
        else:
            dev = observed[i] - expected[i]
            sumSq += dev * dev / expected[i]

    return sumSq

..........
============================================================================= warnings summary ==============================================================================
../../anaconda3/envs/mutmut39/lib/python3.9/site-packages/_pytest/config/__init__.py:1474
  /home/rts/anaconda3/envs/mutmut39/lib/python3.9/site-packages/_pytest/config/__init__.py:1474: PytestConfigWarning: Unknown config option: pytest -vv --tb
  
    self._warn_or_fail_if_strict(f"Unknown config option: {key}\n")

-- Docs: https://docs.pytest.org/en/stable/how-to/capture-warnings.html
10 passed, 1 warning in 0.01s
✅ x_chiSquare__mutmut_19 所有测试通过

================================================================================
RUNNING chiSquare.py :: x_chiSquare__mutmut_2  -  2025-10-16T14:22:48.971774
================================================================================

>>> 当前使用的函数: x_chiSquare__mutmut_2
函数源码如下：
def x_chiSquare__mutmut_2(expected, observed):
    sumExpected = 1
    sumObserved = 0

    for i in range(0, len(observed)):
        sumExpected += expected[i]
        sumObserved += observed[i]

    ratio = 1
    rescale = False

    if abs(sumExpected - sumObserved) > 10E-6:
        ratio = sumObserved / sumExpected
        rescale = True

    sumSq = 0

    for i in range(0, len(observed)):
        if rescale:
            dev = observed[i] - (ratio * expected[i])
            sumSq += (dev * dev) / (ratio * expected[i])
        else:
            dev = observed[i] - expected[i]
            sumSq += dev * dev / expected[i]

    return sumSq

FFFFFFF.F.
================================================================================= FAILURES ==================================================================================
_______________________________________________________ test_chiSquare_with_func[originalInput1_10-originalInput1_20] _______________________________________________________

FAILURE: check 0.1584126984126986 <= 0.14023809523809525: MR3_2 failed
mutants/tests/chiSquareTest.py:147 in test_chiSquare_with_func() -> applyMR_Assert(originalInput1_1, originalInput1_2, originalResult)
mutants/tests/chiSquareTest.py:119 in applyMR_Assert() -> check.less_equal(originalResult, transformResult3_2, "MR3_2 failed")

FAILURE: check 0.1584126984126986 <= 0.1058119658119658: MR8 failed
FAILURE: check 0.1584126984126986 <= 0.15146713615023494: MR16 failed
FAILURE: check 0.1584126984126986 <= 0.14498644986449905: MR19 failed
------------------------------------------------------------
Failed Checks: 4
_______________________________________________________ test_chiSquare_with_func[originalInput1_11-originalInput1_21] _______________________________________________________

FAILURE: check 0.2200051800051801 <= 0.2181787101787101: MR3_2 failed
mutants/tests/chiSquareTest.py:147 in test_chiSquare_with_func() -> applyMR_Assert(originalInput1_1, originalInput1_2, originalResult)
mutants/tests/chiSquareTest.py:119 in applyMR_Assert() -> check.less_equal(originalResult, transformResult3_2, "MR3_2 failed")

------------------------------------------------------------
Failed Checks: 1
_______________________________________________________ test_chiSquare_with_func[originalInput1_12-originalInput1_22] _______________________________________________________

FAILURE: check 0.6949934123847168 <= 0.6944050433412133: MR3_2 failed
mutants/tests/chiSquareTest.py:147 in test_chiSquare_with_func() -> applyMR_Assert(originalInput1_1, originalInput1_2, originalResult)
mutants/tests/chiSquareTest.py:119 in applyMR_Assert() -> check.less_equal(originalResult, transformResult3_2, "MR3_2 failed")

------------------------------------------------------------
Failed Checks: 1
_______________________________________________________ test_chiSquare_with_func[originalInput1_13-originalInput1_23] _______________________________________________________

FAILURE: check 0.10292676293005268 <= 0.10291654680066316: MR3_2 failed
mutants/tests/chiSquareTest.py:147 in test_chiSquare_with_func() -> applyMR_Assert(originalInput1_1, originalInput1_2, originalResult)
mutants/tests/chiSquareTest.py:119 in applyMR_Assert() -> check.less_equal(originalResult, transformResult3_2, "MR3_2 failed")

------------------------------------------------------------
Failed Checks: 1
_______________________________________________________ test_chiSquare_with_func[originalInput1_14-originalInput1_24] _______________________________________________________

FAILURE: check 0.09456315289648604 <= 0.06043209876543195: MR8 failed
mutants/tests/chiSquareTest.py:147 in test_chiSquare_with_func() -> applyMR_Assert(originalInput1_1, originalInput1_2, originalResult)
mutants/tests/chiSquareTest.py:123 in applyMR_Assert() -> check.less_equal(originalResult, transformResult8, "MR8 failed")

FAILURE: check 0.09456315289648604 <= 0.08259803921568627: MR16 failed
FAILURE: check 0.09456315289648604 <= 0.07410141206675218: MR19 failed
------------------------------------------------------------
Failed Checks: 3
_______________________________________________________ test_chiSquare_with_func[originalInput1_15-originalInput1_25] _______________________________________________________

FAILURE: check 0.0779982330396693 <= 0.07728023014525537: MR3_2 failed
mutants/tests/chiSquareTest.py:147 in test_chiSquare_with_func() -> applyMR_Assert(originalInput1_1, originalInput1_2, originalResult)
mutants/tests/chiSquareTest.py:119 in applyMR_Assert() -> check.less_equal(originalResult, transformResult3_2, "MR3_2 failed")

FAILURE: check 0.0779982330396693 <= 0.07419311877732461: MR16 failed
FAILURE: check 0.0779982330396693 <= 0.07132307279758372: MR19 failed
------------------------------------------------------------
Failed Checks: 3
_______________________________________________________ test_chiSquare_with_func[originalInput1_16-originalInput1_26] _______________________________________________________

FAILURE: check 0.11557064982261839 <= 0.11125959198951908: MR3_2 failed
mutants/tests/chiSquareTest.py:147 in test_chiSquare_with_func() -> applyMR_Assert(originalInput1_1, originalInput1_2, originalResult)
mutants/tests/chiSquareTest.py:119 in applyMR_Assert() -> check.less_equal(originalResult, transformResult3_2, "MR3_2 failed")

FAILURE: check 0.11557064982261839 <= 0.10573625935468065: MR16 failed
FAILURE: check 0.11557064982261839 <= 0.098408014821931: MR19 failed
------------------------------------------------------------
Failed Checks: 3
_______________________________________________________ test_chiSquare_with_func[originalInput1_18-originalInput1_28] _______________________________________________________

FAILURE: check 0.14200870560434864 <= 0.14057404946584406: MR3_2 failed
mutants/tests/chiSquareTest.py:147 in test_chiSquare_with_func() -> applyMR_Assert(originalInput1_1, originalInput1_2, originalResult)
mutants/tests/chiSquareTest.py:119 in applyMR_Assert() -> check.less_equal(originalResult, transformResult3_2, "MR3_2 failed")

------------------------------------------------------------
Failed Checks: 1
============================================================================= warnings summary ==============================================================================
../../anaconda3/envs/mutmut39/lib/python3.9/site-packages/_pytest/config/__init__.py:1474
  /home/rts/anaconda3/envs/mutmut39/lib/python3.9/site-packages/_pytest/config/__init__.py:1474: PytestConfigWarning: Unknown config option: pytest -vv --tb
  
    self._warn_or_fail_if_strict(f"Unknown config option: {key}\n")

-- Docs: https://docs.pytest.org/en/stable/how-to/capture-warnings.html
========================================================================== short test summary info ==========================================================================
FAILED mutants/tests/chiSquareTest.py::test_chiSquare_with_func[originalInput1_10-originalInput1_20] - check 0.1584126984126986 <= 0.14023809523809525: MR3_2 failed
FAILED mutants/tests/chiSquareTest.py::test_chiSquare_with_func[originalInput1_11-originalInput1_21] - check 0.2200051800051801 <= 0.2181787101787101: MR3_2 failed
FAILED mutants/tests/chiSquareTest.py::test_chiSquare_with_func[originalInput1_12-originalInput1_22] - check 0.6949934123847168 <= 0.6944050433412133: MR3_2 failed
FAILED mutants/tests/chiSquareTest.py::test_chiSquare_with_func[originalInput1_13-originalInput1_23] - check 0.10292676293005268 <= 0.10291654680066316: MR3_2 failed
FAILED mutants/tests/chiSquareTest.py::test_chiSquare_with_func[originalInput1_14-originalInput1_24] - check 0.09456315289648604 <= 0.06043209876543195: MR8 failed
FAILED mutants/tests/chiSquareTest.py::test_chiSquare_with_func[originalInput1_15-originalInput1_25] - check 0.0779982330396693 <= 0.07728023014525537: MR3_2 failed
FAILED mutants/tests/chiSquareTest.py::test_chiSquare_with_func[originalInput1_16-originalInput1_26] - check 0.11557064982261839 <= 0.11125959198951908: MR3_2 failed
FAILED mutants/tests/chiSquareTest.py::test_chiSquare_with_func[originalInput1_18-originalInput1_28] - check 0.14200870560434864 <= 0.14057404946584406: MR3_2 failed
8 failed, 2 passed, 1 warning in 0.01s
❌ x_chiSquare__mutmut_2 存在失败 (退出码 1)

================================================================================
RUNNING chiSquare.py :: x_chiSquare__mutmut_20  -  2025-10-16T14:22:49.027974
================================================================================

>>> 当前使用的函数: x_chiSquare__mutmut_20
函数源码如下：
def x_chiSquare__mutmut_20(expected, observed):
    sumExpected = 0
    sumObserved = 0

    for i in range(0, len(observed)):
        sumExpected += expected[i]
        sumObserved += observed[i]

    ratio = 1
    rescale = False

    if abs(sumExpected - sumObserved) >= 10E-6:
        ratio = sumObserved / sumExpected
        rescale = True

    sumSq = 0

    for i in range(0, len(observed)):
        if rescale:
            dev = observed[i] - (ratio * expected[i])
            sumSq += (dev * dev) / (ratio * expected[i])
        else:
            dev = observed[i] - expected[i]
            sumSq += dev * dev / expected[i]

    return sumSq

..........
============================================================================= warnings summary ==============================================================================
../../anaconda3/envs/mutmut39/lib/python3.9/site-packages/_pytest/config/__init__.py:1474
  /home/rts/anaconda3/envs/mutmut39/lib/python3.9/site-packages/_pytest/config/__init__.py:1474: PytestConfigWarning: Unknown config option: pytest -vv --tb
  
    self._warn_or_fail_if_strict(f"Unknown config option: {key}\n")

-- Docs: https://docs.pytest.org/en/stable/how-to/capture-warnings.html
10 passed, 1 warning in 0.05s
✅ x_chiSquare__mutmut_20 所有测试通过

================================================================================
RUNNING chiSquare.py :: x_chiSquare__mutmut_21  -  2025-10-16T14:22:49.125261
================================================================================

>>> 当前使用的函数: x_chiSquare__mutmut_21
函数源码如下：
def x_chiSquare__mutmut_21(expected, observed):
    sumExpected = 0
    sumObserved = 0

    for i in range(0, len(observed)):
        sumExpected += expected[i]
        sumObserved += observed[i]

    ratio = 1
    rescale = False

    if abs(sumExpected - sumObserved) > 1.00001:
        ratio = sumObserved / sumExpected
        rescale = True

    sumSq = 0

    for i in range(0, len(observed)):
        if rescale:
            dev = observed[i] - (ratio * expected[i])
            sumSq += (dev * dev) / (ratio * expected[i])
        else:
            dev = observed[i] - expected[i]
            sumSq += dev * dev / expected[i]

    return sumSq

...F...F..
================================================================================= FAILURES ==================================================================================
_______________________________________________________ test_chiSquare_with_func[originalInput1_13-originalInput1_23] _______________________________________________________

FAILURE: check 0.10029306220095695 <= 0.08832863258625032: MR16 failed
mutants/tests/chiSquareTest.py:147 in test_chiSquare_with_func() -> applyMR_Assert(originalInput1_1, originalInput1_2, originalResult)
mutants/tests/chiSquareTest.py:125 in applyMR_Assert() -> check.less_equal(originalResult, transformResult16, "MR16 failed")

FAILURE: check 0.10029306220095695 <= 0.09598553719008263: MR19 failed
------------------------------------------------------------
Failed Checks: 2
_______________________________________________________ test_chiSquare_with_func[originalInput1_17-originalInput1_27] _______________________________________________________

FAILURE: check 0.11790382819794584 <= 0.09593376110133967: MR16 failed
mutants/tests/chiSquareTest.py:147 in test_chiSquare_with_func() -> applyMR_Assert(originalInput1_1, originalInput1_2, originalResult)
mutants/tests/chiSquareTest.py:125 in applyMR_Assert() -> check.less_equal(originalResult, transformResult16, "MR16 failed")

FAILURE: check 0.11790382819794584 <= 0.1026261659779423: MR19 failed
------------------------------------------------------------
Failed Checks: 2
============================================================================= warnings summary ==============================================================================
../../anaconda3/envs/mutmut39/lib/python3.9/site-packages/_pytest/config/__init__.py:1474
  /home/rts/anaconda3/envs/mutmut39/lib/python3.9/site-packages/_pytest/config/__init__.py:1474: PytestConfigWarning: Unknown config option: pytest -vv --tb
  
    self._warn_or_fail_if_strict(f"Unknown config option: {key}\n")

-- Docs: https://docs.pytest.org/en/stable/how-to/capture-warnings.html
========================================================================== short test summary info ==========================================================================
FAILED mutants/tests/chiSquareTest.py::test_chiSquare_with_func[originalInput1_13-originalInput1_23] - check 0.10029306220095695 <= 0.08832863258625032: MR16 failed
FAILED mutants/tests/chiSquareTest.py::test_chiSquare_with_func[originalInput1_17-originalInput1_27] - check 0.11790382819794584 <= 0.09593376110133967: MR16 failed
2 failed, 8 passed, 1 warning in 0.01s
❌ x_chiSquare__mutmut_21 存在失败 (退出码 1)

================================================================================
RUNNING chiSquare.py :: x_chiSquare__mutmut_22  -  2025-10-16T14:22:49.176456
================================================================================

>>> 当前使用的函数: x_chiSquare__mutmut_22
函数源码如下：
def x_chiSquare__mutmut_22(expected, observed):
    sumExpected = 0
    sumObserved = 0

    for i in range(0, len(observed)):
        sumExpected += expected[i]
        sumObserved += observed[i]

    ratio = 1
    rescale = False

    if abs(sumExpected - sumObserved) > 10E-6:
        ratio = None
        rescale = True

    sumSq = 0

    for i in range(0, len(observed)):
        if rescale:
            dev = observed[i] - (ratio * expected[i])
            sumSq += (dev * dev) / (ratio * expected[i])
        else:
            dev = observed[i] - expected[i]
            sumSq += dev * dev / expected[i]

    return sumSq

FFFFFFFFFF
================================================================================= FAILURES ==================================================================================
_______________________________________________________ test_chiSquare_with_func[originalInput1_10-originalInput1_20] _______________________________________________________
mutants/tests/chiSquareTest.py:147: in test_chiSquare_with_func
    applyMR_Assert(originalInput1_1, originalInput1_2, originalResult)
mutants/tests/chiSquareTest.py:100: in applyMR_Assert
    transformResult16 = func(transformInput16_1, transformInput16_2)
mutants/src/chiSquare.py:624: in x_chiSquare__mutmut_22
    dev = observed[i] - (ratio * expected[i])
E   TypeError: unsupported operand type(s) for *: 'NoneType' and 'float'
_______________________________________________________ test_chiSquare_with_func[originalInput1_11-originalInput1_21] _______________________________________________________
mutants/tests/chiSquareTest.py:147: in test_chiSquare_with_func
    applyMR_Assert(originalInput1_1, originalInput1_2, originalResult)
mutants/tests/chiSquareTest.py:100: in applyMR_Assert
    transformResult16 = func(transformInput16_1, transformInput16_2)
mutants/src/chiSquare.py:624: in x_chiSquare__mutmut_22
    dev = observed[i] - (ratio * expected[i])
E   TypeError: unsupported operand type(s) for *: 'NoneType' and 'float'
_______________________________________________________ test_chiSquare_with_func[originalInput1_12-originalInput1_22] _______________________________________________________
mutants/tests/chiSquareTest.py:146: in test_chiSquare_with_func
    originalResult = func(originalInput1_1, originalInput1_2)
mutants/src/chiSquare.py:624: in x_chiSquare__mutmut_22
    dev = observed[i] - (ratio * expected[i])
E   TypeError: unsupported operand type(s) for *: 'NoneType' and 'float'
_______________________________________________________ test_chiSquare_with_func[originalInput1_13-originalInput1_23] _______________________________________________________
mutants/tests/chiSquareTest.py:146: in test_chiSquare_with_func
    originalResult = func(originalInput1_1, originalInput1_2)
mutants/src/chiSquare.py:624: in x_chiSquare__mutmut_22
    dev = observed[i] - (ratio * expected[i])
E   TypeError: unsupported operand type(s) for *: 'NoneType' and 'float'
_______________________________________________________ test_chiSquare_with_func[originalInput1_14-originalInput1_24] _______________________________________________________
mutants/tests/chiSquareTest.py:146: in test_chiSquare_with_func
    originalResult = func(originalInput1_1, originalInput1_2)
mutants/src/chiSquare.py:624: in x_chiSquare__mutmut_22
    dev = observed[i] - (ratio * expected[i])
E   TypeError: unsupported operand type(s) for *: 'NoneType' and 'float'
_______________________________________________________ test_chiSquare_with_func[originalInput1_15-originalInput1_25] _______________________________________________________
mutants/tests/chiSquareTest.py:146: in test_chiSquare_with_func
    originalResult = func(originalInput1_1, originalInput1_2)
mutants/src/chiSquare.py:624: in x_chiSquare__mutmut_22
    dev = observed[i] - (ratio * expected[i])
E   TypeError: unsupported operand type(s) for *: 'NoneType' and 'float'
_______________________________________________________ test_chiSquare_with_func[originalInput1_16-originalInput1_26] _______________________________________________________
mutants/tests/chiSquareTest.py:146: in test_chiSquare_with_func
    originalResult = func(originalInput1_1, originalInput1_2)
mutants/src/chiSquare.py:624: in x_chiSquare__mutmut_22
    dev = observed[i] - (ratio * expected[i])
E   TypeError: unsupported operand type(s) for *: 'NoneType' and 'float'
_______________________________________________________ test_chiSquare_with_func[originalInput1_17-originalInput1_27] _______________________________________________________
mutants/tests/chiSquareTest.py:146: in test_chiSquare_with_func
    originalResult = func(originalInput1_1, originalInput1_2)
mutants/src/chiSquare.py:624: in x_chiSquare__mutmut_22
    dev = observed[i] - (ratio * expected[i])
E   TypeError: unsupported operand type(s) for *: 'NoneType' and 'float'
_______________________________________________________ test_chiSquare_with_func[originalInput1_18-originalInput1_28] _______________________________________________________
mutants/tests/chiSquareTest.py:146: in test_chiSquare_with_func
    originalResult = func(originalInput1_1, originalInput1_2)
mutants/src/chiSquare.py:624: in x_chiSquare__mutmut_22
    dev = observed[i] - (ratio * expected[i])
E   TypeError: unsupported operand type(s) for *: 'NoneType' and 'float'
_______________________________________________________ test_chiSquare_with_func[originalInput1_19-originalInput1_29] _______________________________________________________
mutants/tests/chiSquareTest.py:146: in test_chiSquare_with_func
    originalResult = func(originalInput1_1, originalInput1_2)
mutants/src/chiSquare.py:624: in x_chiSquare__mutmut_22
    dev = observed[i] - (ratio * expected[i])
E   TypeError: unsupported operand type(s) for *: 'NoneType' and 'float'
============================================================================= warnings summary ==============================================================================
../../anaconda3/envs/mutmut39/lib/python3.9/site-packages/_pytest/config/__init__.py:1474
  /home/rts/anaconda3/envs/mutmut39/lib/python3.9/site-packages/_pytest/config/__init__.py:1474: PytestConfigWarning: Unknown config option: pytest -vv --tb
  
    self._warn_or_fail_if_strict(f"Unknown config option: {key}\n")

-- Docs: https://docs.pytest.org/en/stable/how-to/capture-warnings.html
========================================================================== short test summary info ==========================================================================
FAILED mutants/tests/chiSquareTest.py::test_chiSquare_with_func[originalInput1_10-originalInput1_20] - TypeError: unsupported operand type(s) for *: 'NoneType' and 'float'
FAILED mutants/tests/chiSquareTest.py::test_chiSquare_with_func[originalInput1_11-originalInput1_21] - TypeError: unsupported operand type(s) for *: 'NoneType' and 'float'
FAILED mutants/tests/chiSquareTest.py::test_chiSquare_with_func[originalInput1_12-originalInput1_22] - TypeError: unsupported operand type(s) for *: 'NoneType' and 'float'
FAILED mutants/tests/chiSquareTest.py::test_chiSquare_with_func[originalInput1_13-originalInput1_23] - TypeError: unsupported operand type(s) for *: 'NoneType' and 'float'
FAILED mutants/tests/chiSquareTest.py::test_chiSquare_with_func[originalInput1_14-originalInput1_24] - TypeError: unsupported operand type(s) for *: 'NoneType' and 'float'
FAILED mutants/tests/chiSquareTest.py::test_chiSquare_with_func[originalInput1_15-originalInput1_25] - TypeError: unsupported operand type(s) for *: 'NoneType' and 'float'
FAILED mutants/tests/chiSquareTest.py::test_chiSquare_with_func[originalInput1_16-originalInput1_26] - TypeError: unsupported operand type(s) for *: 'NoneType' and 'float'
FAILED mutants/tests/chiSquareTest.py::test_chiSquare_with_func[originalInput1_17-originalInput1_27] - TypeError: unsupported operand type(s) for *: 'NoneType' and 'float'
FAILED mutants/tests/chiSquareTest.py::test_chiSquare_with_func[originalInput1_18-originalInput1_28] - TypeError: unsupported operand type(s) for *: 'NoneType' and 'float'
FAILED mutants/tests/chiSquareTest.py::test_chiSquare_with_func[originalInput1_19-originalInput1_29] - TypeError: unsupported operand type(s) for *: 'NoneType' and 'float'
10 failed, 1 warning in 0.14s
❌ x_chiSquare__mutmut_22 存在失败 (退出码 1)

================================================================================
RUNNING chiSquare.py :: x_chiSquare__mutmut_23  -  2025-10-16T14:22:49.355700
================================================================================

>>> 当前使用的函数: x_chiSquare__mutmut_23
函数源码如下：
def x_chiSquare__mutmut_23(expected, observed):
    sumExpected = 0
    sumObserved = 0

    for i in range(0, len(observed)):
        sumExpected += expected[i]
        sumObserved += observed[i]

    ratio = 1
    rescale = False

    if abs(sumExpected - sumObserved) > 10E-6:
        ratio = sumObserved * sumExpected
        rescale = True

    sumSq = 0

    for i in range(0, len(observed)):
        if rescale:
            dev = observed[i] - (ratio * expected[i])
            sumSq += (dev * dev) / (ratio * expected[i])
        else:
            dev = observed[i] - expected[i]
            sumSq += dev * dev / expected[i]

    return sumSq

..FFFFFFFF
================================================================================= FAILURES ==================================================================================
_______________________________________________________ test_chiSquare_with_func[originalInput1_12-originalInput1_22] _______________________________________________________

FAILURE: check 89012.02205387206 >= 154442.01835679976: MR2 failed
mutants/tests/chiSquareTest.py:147 in test_chiSquare_with_func() -> applyMR_Assert(originalInput1_1, originalInput1_2, originalResult)
mutants/tests/chiSquareTest.py:118 in applyMR_Assert() -> check.greater_equal(originalResult, transformResult2, "MR2 failed")

FAILURE: check 89012.02205387206 >= 89012.02205566695: MR13 failed
FAILURE: check bool(False): MR20 failed
------------------------------------------------------------
Failed Checks: 3
_______________________________________________________ test_chiSquare_with_func[originalInput1_13-originalInput1_23] _______________________________________________________

FAILURE: check 67160.0238416421 >= 145964.0185329149: MR2 failed
mutants/tests/chiSquareTest.py:147 in test_chiSquare_with_func() -> applyMR_Assert(originalInput1_1, originalInput1_2, originalResult)
mutants/tests/chiSquareTest.py:118 in applyMR_Assert() -> check.greater_equal(originalResult, transformResult2, "MR2 failed")

FAILURE: check 67160.0238416421 >= 67160.02384362572: MR13 failed
FAILURE: check bool(False): MR20 failed
------------------------------------------------------------
Failed Checks: 3
_______________________________________________________ test_chiSquare_with_func[originalInput1_14-originalInput1_24] _______________________________________________________

FAILURE: check 1917.0938014403293 >= 9877.551023557571: MR2 failed
mutants/tests/chiSquareTest.py:147 in test_chiSquare_with_func() -> applyMR_Assert(originalInput1_1, originalInput1_2, originalResult)
mutants/tests/chiSquareTest.py:118 in applyMR_Assert() -> check.greater_equal(originalResult, transformResult2, "MR2 failed")

FAILURE: check 1917.0938014403293 >= 1917.0938015801264: MR13 failed
FAILURE: check bool(False): MR20 failed
------------------------------------------------------------
Failed Checks: 3
_______________________________________________________ test_chiSquare_with_func[originalInput1_15-originalInput1_25] _______________________________________________________

FAILURE: check 46842.827970252714 >= 110956.42093686629: MR2 failed
mutants/tests/chiSquareTest.py:147 in test_chiSquare_with_func() -> applyMR_Assert(originalInput1_1, originalInput1_2, originalResult)
mutants/tests/chiSquareTest.py:118 in applyMR_Assert() -> check.greater_equal(originalResult, transformResult2, "MR2 failed")

FAILURE: check 46842.827970252714 >= 46842.827971812876: MR13 failed
FAILURE: check bool(False): MR20 failed
------------------------------------------------------------
Failed Checks: 3
_______________________________________________________ test_chiSquare_with_func[originalInput1_16-originalInput1_26] _______________________________________________________

FAILURE: check 2120.9753995247634 >= 10459.444893234344: MR2 failed
mutants/tests/chiSquareTest.py:147 in test_chiSquare_with_func() -> applyMR_Assert(originalInput1_1, originalInput1_2, originalResult)
mutants/tests/chiSquareTest.py:118 in applyMR_Assert() -> check.greater_equal(originalResult, transformResult2, "MR2 failed")

FAILURE: check 2120.9753995247634 >= 2120.975399673922: MR13 failed
FAILURE: check bool(False): MR20 failed
------------------------------------------------------------
Failed Checks: 3
_______________________________________________________ test_chiSquare_with_func[originalInput1_17-originalInput1_27] _______________________________________________________

FAILURE: check 42182.904898268076 >= 102611.89699742082: MR2 failed
mutants/tests/chiSquareTest.py:147 in test_chiSquare_with_func() -> applyMR_Assert(originalInput1_1, originalInput1_2, originalResult)
mutants/tests/chiSquareTest.py:118 in applyMR_Assert() -> check.greater_equal(originalResult, transformResult2, "MR2 failed")

FAILURE: check 42182.904898268076 >= 42182.90489972317: MR13 failed
FAILURE: check bool(False): MR20 failed
------------------------------------------------------------
Failed Checks: 3
_______________________________________________________ test_chiSquare_with_func[originalInput1_18-originalInput1_28] _______________________________________________________

FAILURE: check 11093.543646674078 >= 30697.781308982372: MR2 failed
mutants/tests/chiSquareTest.py:147 in test_chiSquare_with_func() -> applyMR_Assert(originalInput1_1, originalInput1_2, originalResult)
mutants/tests/chiSquareTest.py:118 in applyMR_Assert() -> check.greater_equal(originalResult, transformResult2, "MR2 failed")

FAILURE: check 11093.543646674078 >= 11093.54364712235: MR13 failed
FAILURE: check 11093.543646674078 <= 0.15055821371610845: MR16 failed
FAILURE: check bool(False): MR20 failed
------------------------------------------------------------
Failed Checks: 4
_______________________________________________________ test_chiSquare_with_func[originalInput1_19-originalInput1_29] _______________________________________________________

FAILURE: check 736918.0112457265 >= 1071406.0099077458: MR2 failed
mutants/tests/chiSquareTest.py:147 in test_chiSquare_with_func() -> applyMR_Assert(originalInput1_1, originalInput1_2, originalResult)
mutants/tests/chiSquareTest.py:118 in applyMR_Assert() -> check.greater_equal(originalResult, transformResult2, "MR2 failed")

FAILURE: check 736918.0112457265 >= 736918.0112555176: MR13 failed
FAILURE: check 736918.0112457265 <= 0.13583333333333333: MR19 failed
FAILURE: check bool(False): MR20 failed
------------------------------------------------------------
Failed Checks: 4
============================================================================= warnings summary ==============================================================================
../../anaconda3/envs/mutmut39/lib/python3.9/site-packages/_pytest/config/__init__.py:1474
  /home/rts/anaconda3/envs/mutmut39/lib/python3.9/site-packages/_pytest/config/__init__.py:1474: PytestConfigWarning: Unknown config option: pytest -vv --tb
  
    self._warn_or_fail_if_strict(f"Unknown config option: {key}\n")

-- Docs: https://docs.pytest.org/en/stable/how-to/capture-warnings.html
========================================================================== short test summary info ==========================================================================
FAILED mutants/tests/chiSquareTest.py::test_chiSquare_with_func[originalInput1_12-originalInput1_22] - check 89012.02205387206 >= 154442.01835679976: MR2 failed
FAILED mutants/tests/chiSquareTest.py::test_chiSquare_with_func[originalInput1_13-originalInput1_23] - check 67160.0238416421 >= 145964.0185329149: MR2 failed
FAILED mutants/tests/chiSquareTest.py::test_chiSquare_with_func[originalInput1_14-originalInput1_24] - check 1917.0938014403293 >= 9877.551023557571: MR2 failed
FAILED mutants/tests/chiSquareTest.py::test_chiSquare_with_func[originalInput1_15-originalInput1_25] - check 46842.827970252714 >= 110956.42093686629: MR2 failed
FAILED mutants/tests/chiSquareTest.py::test_chiSquare_with_func[originalInput1_16-originalInput1_26] - check 2120.9753995247634 >= 10459.444893234344: MR2 failed
FAILED mutants/tests/chiSquareTest.py::test_chiSquare_with_func[originalInput1_17-originalInput1_27] - check 42182.904898268076 >= 102611.89699742082: MR2 failed
FAILED mutants/tests/chiSquareTest.py::test_chiSquare_with_func[originalInput1_18-originalInput1_28] - check 11093.543646674078 >= 30697.781308982372: MR2 failed
FAILED mutants/tests/chiSquareTest.py::test_chiSquare_with_func[originalInput1_19-originalInput1_29] - check 736918.0112457265 >= 1071406.0099077458: MR2 failed
8 failed, 2 passed, 1 warning in 0.01s
❌ x_chiSquare__mutmut_23 存在失败 (退出码 1)

================================================================================
RUNNING chiSquare.py :: x_chiSquare__mutmut_24  -  2025-10-16T14:22:49.411589
================================================================================

>>> 当前使用的函数: x_chiSquare__mutmut_24
函数源码如下：
def x_chiSquare__mutmut_24(expected, observed):
    sumExpected = 0
    sumObserved = 0

    for i in range(0, len(observed)):
        sumExpected += expected[i]
        sumObserved += observed[i]

    ratio = 1
    rescale = False

    if abs(sumExpected - sumObserved) > 10E-6:
        ratio = sumObserved / sumExpected
        rescale = None

    sumSq = 0

    for i in range(0, len(observed)):
        if rescale:
            dev = observed[i] - (ratio * expected[i])
            sumSq += (dev * dev) / (ratio * expected[i])
        else:
            dev = observed[i] - expected[i]
            sumSq += dev * dev / expected[i]

    return sumSq

..........
============================================================================= warnings summary ==============================================================================
../../anaconda3/envs/mutmut39/lib/python3.9/site-packages/_pytest/config/__init__.py:1474
  /home/rts/anaconda3/envs/mutmut39/lib/python3.9/site-packages/_pytest/config/__init__.py:1474: PytestConfigWarning: Unknown config option: pytest -vv --tb
  
    self._warn_or_fail_if_strict(f"Unknown config option: {key}\n")

-- Docs: https://docs.pytest.org/en/stable/how-to/capture-warnings.html
10 passed, 1 warning in 0.01s
✅ x_chiSquare__mutmut_24 所有测试通过

================================================================================
RUNNING chiSquare.py :: x_chiSquare__mutmut_25  -  2025-10-16T14:22:49.461002
================================================================================

>>> 当前使用的函数: x_chiSquare__mutmut_25
函数源码如下：
def x_chiSquare__mutmut_25(expected, observed):
    sumExpected = 0
    sumObserved = 0

    for i in range(0, len(observed)):
        sumExpected += expected[i]
        sumObserved += observed[i]

    ratio = 1
    rescale = False

    if abs(sumExpected - sumObserved) > 10E-6:
        ratio = sumObserved / sumExpected
        rescale = False

    sumSq = 0

    for i in range(0, len(observed)):
        if rescale:
            dev = observed[i] - (ratio * expected[i])
            sumSq += (dev * dev) / (ratio * expected[i])
        else:
            dev = observed[i] - expected[i]
            sumSq += dev * dev / expected[i]

    return sumSq

..........
============================================================================= warnings summary ==============================================================================
../../anaconda3/envs/mutmut39/lib/python3.9/site-packages/_pytest/config/__init__.py:1474
  /home/rts/anaconda3/envs/mutmut39/lib/python3.9/site-packages/_pytest/config/__init__.py:1474: PytestConfigWarning: Unknown config option: pytest -vv --tb
  
    self._warn_or_fail_if_strict(f"Unknown config option: {key}\n")

-- Docs: https://docs.pytest.org/en/stable/how-to/capture-warnings.html
10 passed, 1 warning in 0.01s
✅ x_chiSquare__mutmut_25 所有测试通过

================================================================================
RUNNING chiSquare.py :: x_chiSquare__mutmut_26  -  2025-10-16T14:22:49.512204
================================================================================

>>> 当前使用的函数: x_chiSquare__mutmut_26
函数源码如下：
def x_chiSquare__mutmut_26(expected, observed):
    sumExpected = 0
    sumObserved = 0

    for i in range(0, len(observed)):
        sumExpected += expected[i]
        sumObserved += observed[i]

    ratio = 1
    rescale = False

    if abs(sumExpected - sumObserved) > 10E-6:
        ratio = sumObserved / sumExpected
        rescale = True

    sumSq = None

    for i in range(0, len(observed)):
        if rescale:
            dev = observed[i] - (ratio * expected[i])
            sumSq += (dev * dev) / (ratio * expected[i])
        else:
            dev = observed[i] - expected[i]
            sumSq += dev * dev / expected[i]

    return sumSq

FFFFFFFFFF
================================================================================= FAILURES ==================================================================================
_______________________________________________________ test_chiSquare_with_func[originalInput1_10-originalInput1_20] _______________________________________________________
mutants/tests/chiSquareTest.py:146: in test_chiSquare_with_func
    originalResult = func(originalInput1_1, originalInput1_2)
mutants/src/chiSquare.py:732: in x_chiSquare__mutmut_26
    sumSq += dev * dev / expected[i]
E   TypeError: unsupported operand type(s) for +=: 'NoneType' and 'float'
_______________________________________________________ test_chiSquare_with_func[originalInput1_11-originalInput1_21] _______________________________________________________
mutants/tests/chiSquareTest.py:146: in test_chiSquare_with_func
    originalResult = func(originalInput1_1, originalInput1_2)
mutants/src/chiSquare.py:732: in x_chiSquare__mutmut_26
    sumSq += dev * dev / expected[i]
E   TypeError: unsupported operand type(s) for +=: 'NoneType' and 'float'
_______________________________________________________ test_chiSquare_with_func[originalInput1_12-originalInput1_22] _______________________________________________________
mutants/tests/chiSquareTest.py:146: in test_chiSquare_with_func
    originalResult = func(originalInput1_1, originalInput1_2)
mutants/src/chiSquare.py:729: in x_chiSquare__mutmut_26
    sumSq += (dev * dev) / (ratio * expected[i])
E   TypeError: unsupported operand type(s) for +=: 'NoneType' and 'float'
_______________________________________________________ test_chiSquare_with_func[originalInput1_13-originalInput1_23] _______________________________________________________
mutants/tests/chiSquareTest.py:146: in test_chiSquare_with_func
    originalResult = func(originalInput1_1, originalInput1_2)
mutants/src/chiSquare.py:729: in x_chiSquare__mutmut_26
    sumSq += (dev * dev) / (ratio * expected[i])
E   TypeError: unsupported operand type(s) for +=: 'NoneType' and 'float'
_______________________________________________________ test_chiSquare_with_func[originalInput1_14-originalInput1_24] _______________________________________________________
mutants/tests/chiSquareTest.py:146: in test_chiSquare_with_func
    originalResult = func(originalInput1_1, originalInput1_2)
mutants/src/chiSquare.py:729: in x_chiSquare__mutmut_26
    sumSq += (dev * dev) / (ratio * expected[i])
E   TypeError: unsupported operand type(s) for +=: 'NoneType' and 'float'
_______________________________________________________ test_chiSquare_with_func[originalInput1_15-originalInput1_25] _______________________________________________________
mutants/tests/chiSquareTest.py:146: in test_chiSquare_with_func
    originalResult = func(originalInput1_1, originalInput1_2)
mutants/src/chiSquare.py:729: in x_chiSquare__mutmut_26
    sumSq += (dev * dev) / (ratio * expected[i])
E   TypeError: unsupported operand type(s) for +=: 'NoneType' and 'float'
_______________________________________________________ test_chiSquare_with_func[originalInput1_16-originalInput1_26] _______________________________________________________
mutants/tests/chiSquareTest.py:146: in test_chiSquare_with_func
    originalResult = func(originalInput1_1, originalInput1_2)
mutants/src/chiSquare.py:729: in x_chiSquare__mutmut_26
    sumSq += (dev * dev) / (ratio * expected[i])
E   TypeError: unsupported operand type(s) for +=: 'NoneType' and 'float'
_______________________________________________________ test_chiSquare_with_func[originalInput1_17-originalInput1_27] _______________________________________________________
mutants/tests/chiSquareTest.py:146: in test_chiSquare_with_func
    originalResult = func(originalInput1_1, originalInput1_2)
mutants/src/chiSquare.py:729: in x_chiSquare__mutmut_26
    sumSq += (dev * dev) / (ratio * expected[i])
E   TypeError: unsupported operand type(s) for +=: 'NoneType' and 'float'
_______________________________________________________ test_chiSquare_with_func[originalInput1_18-originalInput1_28] _______________________________________________________
mutants/tests/chiSquareTest.py:146: in test_chiSquare_with_func
    originalResult = func(originalInput1_1, originalInput1_2)
mutants/src/chiSquare.py:729: in x_chiSquare__mutmut_26
    sumSq += (dev * dev) / (ratio * expected[i])
E   TypeError: unsupported operand type(s) for +=: 'NoneType' and 'float'
_______________________________________________________ test_chiSquare_with_func[originalInput1_19-originalInput1_29] _______________________________________________________
mutants/tests/chiSquareTest.py:146: in test_chiSquare_with_func
    originalResult = func(originalInput1_1, originalInput1_2)
mutants/src/chiSquare.py:729: in x_chiSquare__mutmut_26
    sumSq += (dev * dev) / (ratio * expected[i])
E   TypeError: unsupported operand type(s) for +=: 'NoneType' and 'float'
============================================================================= warnings summary ==============================================================================
../../anaconda3/envs/mutmut39/lib/python3.9/site-packages/_pytest/config/__init__.py:1474
  /home/rts/anaconda3/envs/mutmut39/lib/python3.9/site-packages/_pytest/config/__init__.py:1474: PytestConfigWarning: Unknown config option: pytest -vv --tb
  
    self._warn_or_fail_if_strict(f"Unknown config option: {key}\n")

-- Docs: https://docs.pytest.org/en/stable/how-to/capture-warnings.html
========================================================================== short test summary info ==========================================================================
FAILED mutants/tests/chiSquareTest.py::test_chiSquare_with_func[originalInput1_10-originalInput1_20] - TypeError: unsupported operand type(s) for +=: 'NoneType' and 'float'
FAILED mutants/tests/chiSquareTest.py::test_chiSquare_with_func[originalInput1_11-originalInput1_21] - TypeError: unsupported operand type(s) for +=: 'NoneType' and 'float'
FAILED mutants/tests/chiSquareTest.py::test_chiSquare_with_func[originalInput1_12-originalInput1_22] - TypeError: unsupported operand type(s) for +=: 'NoneType' and 'float'
FAILED mutants/tests/chiSquareTest.py::test_chiSquare_with_func[originalInput1_13-originalInput1_23] - TypeError: unsupported operand type(s) for +=: 'NoneType' and 'float'
FAILED mutants/tests/chiSquareTest.py::test_chiSquare_with_func[originalInput1_14-originalInput1_24] - TypeError: unsupported operand type(s) for +=: 'NoneType' and 'float'
FAILED mutants/tests/chiSquareTest.py::test_chiSquare_with_func[originalInput1_15-originalInput1_25] - TypeError: unsupported operand type(s) for +=: 'NoneType' and 'float'
FAILED mutants/tests/chiSquareTest.py::test_chiSquare_with_func[originalInput1_16-originalInput1_26] - TypeError: unsupported operand type(s) for +=: 'NoneType' and 'float'
FAILED mutants/tests/chiSquareTest.py::test_chiSquare_with_func[originalInput1_17-originalInput1_27] - TypeError: unsupported operand type(s) for +=: 'NoneType' and 'float'
FAILED mutants/tests/chiSquareTest.py::test_chiSquare_with_func[originalInput1_18-originalInput1_28] - TypeError: unsupported operand type(s) for +=: 'NoneType' and 'float'
FAILED mutants/tests/chiSquareTest.py::test_chiSquare_with_func[originalInput1_19-originalInput1_29] - TypeError: unsupported operand type(s) for +=: 'NoneType' and 'float'
10 failed, 1 warning in 0.13s
❌ x_chiSquare__mutmut_26 存在失败 (退出码 1)

================================================================================
RUNNING chiSquare.py :: x_chiSquare__mutmut_27  -  2025-10-16T14:22:49.688648
================================================================================

>>> 当前使用的函数: x_chiSquare__mutmut_27
函数源码如下：
def x_chiSquare__mutmut_27(expected, observed):
    sumExpected = 0
    sumObserved = 0

    for i in range(0, len(observed)):
        sumExpected += expected[i]
        sumObserved += observed[i]

    ratio = 1
    rescale = False

    if abs(sumExpected - sumObserved) > 10E-6:
        ratio = sumObserved / sumExpected
        rescale = True

    sumSq = 1

    for i in range(0, len(observed)):
        if rescale:
            dev = observed[i] - (ratio * expected[i])
            sumSq += (dev * dev) / (ratio * expected[i])
        else:
            dev = observed[i] - expected[i]
            sumSq += dev * dev / expected[i]

    return sumSq

..........
============================================================================= warnings summary ==============================================================================
../../anaconda3/envs/mutmut39/lib/python3.9/site-packages/_pytest/config/__init__.py:1474
  /home/rts/anaconda3/envs/mutmut39/lib/python3.9/site-packages/_pytest/config/__init__.py:1474: PytestConfigWarning: Unknown config option: pytest -vv --tb
  
    self._warn_or_fail_if_strict(f"Unknown config option: {key}\n")

-- Docs: https://docs.pytest.org/en/stable/how-to/capture-warnings.html
10 passed, 1 warning in 0.01s
✅ x_chiSquare__mutmut_27 所有测试通过

================================================================================
RUNNING chiSquare.py :: x_chiSquare__mutmut_28  -  2025-10-16T14:22:49.739215
================================================================================

>>> 当前使用的函数: x_chiSquare__mutmut_28
函数源码如下：
def x_chiSquare__mutmut_28(expected, observed):
    sumExpected = 0
    sumObserved = 0

    for i in range(0, len(observed)):
        sumExpected += expected[i]
        sumObserved += observed[i]

    ratio = 1
    rescale = False

    if abs(sumExpected - sumObserved) > 10E-6:
        ratio = sumObserved / sumExpected
        rescale = True

    sumSq = 0

    for i in range(None, len(observed)):
        if rescale:
            dev = observed[i] - (ratio * expected[i])
            sumSq += (dev * dev) / (ratio * expected[i])
        else:
            dev = observed[i] - expected[i]
            sumSq += dev * dev / expected[i]

    return sumSq

FFFFFFFFFF
================================================================================= FAILURES ==================================================================================
_______________________________________________________ test_chiSquare_with_func[originalInput1_10-originalInput1_20] _______________________________________________________
mutants/tests/chiSquareTest.py:146: in test_chiSquare_with_func
    originalResult = func(originalInput1_1, originalInput1_2)
mutants/src/chiSquare.py:778: in x_chiSquare__mutmut_28
    for i in range(None, len(observed)):
E   TypeError: 'NoneType' object cannot be interpreted as an integer
_______________________________________________________ test_chiSquare_with_func[originalInput1_11-originalInput1_21] _______________________________________________________
mutants/tests/chiSquareTest.py:146: in test_chiSquare_with_func
    originalResult = func(originalInput1_1, originalInput1_2)
mutants/src/chiSquare.py:778: in x_chiSquare__mutmut_28
    for i in range(None, len(observed)):
E   TypeError: 'NoneType' object cannot be interpreted as an integer
_______________________________________________________ test_chiSquare_with_func[originalInput1_12-originalInput1_22] _______________________________________________________
mutants/tests/chiSquareTest.py:146: in test_chiSquare_with_func
    originalResult = func(originalInput1_1, originalInput1_2)
mutants/src/chiSquare.py:778: in x_chiSquare__mutmut_28
    for i in range(None, len(observed)):
E   TypeError: 'NoneType' object cannot be interpreted as an integer
_______________________________________________________ test_chiSquare_with_func[originalInput1_13-originalInput1_23] _______________________________________________________
mutants/tests/chiSquareTest.py:146: in test_chiSquare_with_func
    originalResult = func(originalInput1_1, originalInput1_2)
mutants/src/chiSquare.py:778: in x_chiSquare__mutmut_28
    for i in range(None, len(observed)):
E   TypeError: 'NoneType' object cannot be interpreted as an integer
_______________________________________________________ test_chiSquare_with_func[originalInput1_14-originalInput1_24] _______________________________________________________
mutants/tests/chiSquareTest.py:146: in test_chiSquare_with_func
    originalResult = func(originalInput1_1, originalInput1_2)
mutants/src/chiSquare.py:778: in x_chiSquare__mutmut_28
    for i in range(None, len(observed)):
E   TypeError: 'NoneType' object cannot be interpreted as an integer
_______________________________________________________ test_chiSquare_with_func[originalInput1_15-originalInput1_25] _______________________________________________________
mutants/tests/chiSquareTest.py:146: in test_chiSquare_with_func
    originalResult = func(originalInput1_1, originalInput1_2)
mutants/src/chiSquare.py:778: in x_chiSquare__mutmut_28
    for i in range(None, len(observed)):
E   TypeError: 'NoneType' object cannot be interpreted as an integer
_______________________________________________________ test_chiSquare_with_func[originalInput1_16-originalInput1_26] _______________________________________________________
mutants/tests/chiSquareTest.py:146: in test_chiSquare_with_func
    originalResult = func(originalInput1_1, originalInput1_2)
mutants/src/chiSquare.py:778: in x_chiSquare__mutmut_28
    for i in range(None, len(observed)):
E   TypeError: 'NoneType' object cannot be interpreted as an integer
_______________________________________________________ test_chiSquare_with_func[originalInput1_17-originalInput1_27] _______________________________________________________
mutants/tests/chiSquareTest.py:146: in test_chiSquare_with_func
    originalResult = func(originalInput1_1, originalInput1_2)
mutants/src/chiSquare.py:778: in x_chiSquare__mutmut_28
    for i in range(None, len(observed)):
E   TypeError: 'NoneType' object cannot be interpreted as an integer
_______________________________________________________ test_chiSquare_with_func[originalInput1_18-originalInput1_28] _______________________________________________________
mutants/tests/chiSquareTest.py:146: in test_chiSquare_with_func
    originalResult = func(originalInput1_1, originalInput1_2)
mutants/src/chiSquare.py:778: in x_chiSquare__mutmut_28
    for i in range(None, len(observed)):
E   TypeError: 'NoneType' object cannot be interpreted as an integer
_______________________________________________________ test_chiSquare_with_func[originalInput1_19-originalInput1_29] _______________________________________________________
mutants/tests/chiSquareTest.py:146: in test_chiSquare_with_func
    originalResult = func(originalInput1_1, originalInput1_2)
mutants/src/chiSquare.py:778: in x_chiSquare__mutmut_28
    for i in range(None, len(observed)):
E   TypeError: 'NoneType' object cannot be interpreted as an integer
============================================================================= warnings summary ==============================================================================
../../anaconda3/envs/mutmut39/lib/python3.9/site-packages/_pytest/config/__init__.py:1474
  /home/rts/anaconda3/envs/mutmut39/lib/python3.9/site-packages/_pytest/config/__init__.py:1474: PytestConfigWarning: Unknown config option: pytest -vv --tb
  
    self._warn_or_fail_if_strict(f"Unknown config option: {key}\n")

-- Docs: https://docs.pytest.org/en/stable/how-to/capture-warnings.html
========================================================================== short test summary info ==========================================================================
FAILED mutants/tests/chiSquareTest.py::test_chiSquare_with_func[originalInput1_10-originalInput1_20] - TypeError: 'NoneType' object cannot be interpreted as an integer
FAILED mutants/tests/chiSquareTest.py::test_chiSquare_with_func[originalInput1_11-originalInput1_21] - TypeError: 'NoneType' object cannot be interpreted as an integer
FAILED mutants/tests/chiSquareTest.py::test_chiSquare_with_func[originalInput1_12-originalInput1_22] - TypeError: 'NoneType' object cannot be interpreted as an integer
FAILED mutants/tests/chiSquareTest.py::test_chiSquare_with_func[originalInput1_13-originalInput1_23] - TypeError: 'NoneType' object cannot be interpreted as an integer
FAILED mutants/tests/chiSquareTest.py::test_chiSquare_with_func[originalInput1_14-originalInput1_24] - TypeError: 'NoneType' object cannot be interpreted as an integer
FAILED mutants/tests/chiSquareTest.py::test_chiSquare_with_func[originalInput1_15-originalInput1_25] - TypeError: 'NoneType' object cannot be interpreted as an integer
FAILED mutants/tests/chiSquareTest.py::test_chiSquare_with_func[originalInput1_16-originalInput1_26] - TypeError: 'NoneType' object cannot be interpreted as an integer
FAILED mutants/tests/chiSquareTest.py::test_chiSquare_with_func[originalInput1_17-originalInput1_27] - TypeError: 'NoneType' object cannot be interpreted as an integer
FAILED mutants/tests/chiSquareTest.py::test_chiSquare_with_func[originalInput1_18-originalInput1_28] - TypeError: 'NoneType' object cannot be interpreted as an integer
FAILED mutants/tests/chiSquareTest.py::test_chiSquare_with_func[originalInput1_19-originalInput1_29] - TypeError: 'NoneType' object cannot be interpreted as an integer
10 failed, 1 warning in 0.14s
❌ x_chiSquare__mutmut_28 存在失败 (退出码 1)

================================================================================
RUNNING chiSquare.py :: x_chiSquare__mutmut_29  -  2025-10-16T14:22:49.917187
================================================================================

>>> 当前使用的函数: x_chiSquare__mutmut_29
函数源码如下：
def x_chiSquare__mutmut_29(expected, observed):
    sumExpected = 0
    sumObserved = 0

    for i in range(0, len(observed)):
        sumExpected += expected[i]
        sumObserved += observed[i]

    ratio = 1
    rescale = False

    if abs(sumExpected - sumObserved) > 10E-6:
        ratio = sumObserved / sumExpected
        rescale = True

    sumSq = 0

    for i in range(0, None):
        if rescale:
            dev = observed[i] - (ratio * expected[i])
            sumSq += (dev * dev) / (ratio * expected[i])
        else:
            dev = observed[i] - expected[i]
            sumSq += dev * dev / expected[i]

    return sumSq

FFFFFFFFFF
================================================================================= FAILURES ==================================================================================
_______________________________________________________ test_chiSquare_with_func[originalInput1_10-originalInput1_20] _______________________________________________________
mutants/tests/chiSquareTest.py:146: in test_chiSquare_with_func
    originalResult = func(originalInput1_1, originalInput1_2)
mutants/src/chiSquare.py:804: in x_chiSquare__mutmut_29
    for i in range(0, None):
E   TypeError: 'NoneType' object cannot be interpreted as an integer
_______________________________________________________ test_chiSquare_with_func[originalInput1_11-originalInput1_21] _______________________________________________________
mutants/tests/chiSquareTest.py:146: in test_chiSquare_with_func
    originalResult = func(originalInput1_1, originalInput1_2)
mutants/src/chiSquare.py:804: in x_chiSquare__mutmut_29
    for i in range(0, None):
E   TypeError: 'NoneType' object cannot be interpreted as an integer
_______________________________________________________ test_chiSquare_with_func[originalInput1_12-originalInput1_22] _______________________________________________________
mutants/tests/chiSquareTest.py:146: in test_chiSquare_with_func
    originalResult = func(originalInput1_1, originalInput1_2)
mutants/src/chiSquare.py:804: in x_chiSquare__mutmut_29
    for i in range(0, None):
E   TypeError: 'NoneType' object cannot be interpreted as an integer
_______________________________________________________ test_chiSquare_with_func[originalInput1_13-originalInput1_23] _______________________________________________________
mutants/tests/chiSquareTest.py:146: in test_chiSquare_with_func
    originalResult = func(originalInput1_1, originalInput1_2)
mutants/src/chiSquare.py:804: in x_chiSquare__mutmut_29
    for i in range(0, None):
E   TypeError: 'NoneType' object cannot be interpreted as an integer
_______________________________________________________ test_chiSquare_with_func[originalInput1_14-originalInput1_24] _______________________________________________________
mutants/tests/chiSquareTest.py:146: in test_chiSquare_with_func
    originalResult = func(originalInput1_1, originalInput1_2)
mutants/src/chiSquare.py:804: in x_chiSquare__mutmut_29
    for i in range(0, None):
E   TypeError: 'NoneType' object cannot be interpreted as an integer
_______________________________________________________ test_chiSquare_with_func[originalInput1_15-originalInput1_25] _______________________________________________________
mutants/tests/chiSquareTest.py:146: in test_chiSquare_with_func
    originalResult = func(originalInput1_1, originalInput1_2)
mutants/src/chiSquare.py:804: in x_chiSquare__mutmut_29
    for i in range(0, None):
E   TypeError: 'NoneType' object cannot be interpreted as an integer
_______________________________________________________ test_chiSquare_with_func[originalInput1_16-originalInput1_26] _______________________________________________________
mutants/tests/chiSquareTest.py:146: in test_chiSquare_with_func
    originalResult = func(originalInput1_1, originalInput1_2)
mutants/src/chiSquare.py:804: in x_chiSquare__mutmut_29
    for i in range(0, None):
E   TypeError: 'NoneType' object cannot be interpreted as an integer
_______________________________________________________ test_chiSquare_with_func[originalInput1_17-originalInput1_27] _______________________________________________________
mutants/tests/chiSquareTest.py:146: in test_chiSquare_with_func
    originalResult = func(originalInput1_1, originalInput1_2)
mutants/src/chiSquare.py:804: in x_chiSquare__mutmut_29
    for i in range(0, None):
E   TypeError: 'NoneType' object cannot be interpreted as an integer
_______________________________________________________ test_chiSquare_with_func[originalInput1_18-originalInput1_28] _______________________________________________________
mutants/tests/chiSquareTest.py:146: in test_chiSquare_with_func
    originalResult = func(originalInput1_1, originalInput1_2)
mutants/src/chiSquare.py:804: in x_chiSquare__mutmut_29
    for i in range(0, None):
E   TypeError: 'NoneType' object cannot be interpreted as an integer
_______________________________________________________ test_chiSquare_with_func[originalInput1_19-originalInput1_29] _______________________________________________________
mutants/tests/chiSquareTest.py:146: in test_chiSquare_with_func
    originalResult = func(originalInput1_1, originalInput1_2)
mutants/src/chiSquare.py:804: in x_chiSquare__mutmut_29
    for i in range(0, None):
E   TypeError: 'NoneType' object cannot be interpreted as an integer
============================================================================= warnings summary ==============================================================================
../../anaconda3/envs/mutmut39/lib/python3.9/site-packages/_pytest/config/__init__.py:1474
  /home/rts/anaconda3/envs/mutmut39/lib/python3.9/site-packages/_pytest/config/__init__.py:1474: PytestConfigWarning: Unknown config option: pytest -vv --tb
  
    self._warn_or_fail_if_strict(f"Unknown config option: {key}\n")

-- Docs: https://docs.pytest.org/en/stable/how-to/capture-warnings.html
========================================================================== short test summary info ==========================================================================
FAILED mutants/tests/chiSquareTest.py::test_chiSquare_with_func[originalInput1_10-originalInput1_20] - TypeError: 'NoneType' object cannot be interpreted as an integer
FAILED mutants/tests/chiSquareTest.py::test_chiSquare_with_func[originalInput1_11-originalInput1_21] - TypeError: 'NoneType' object cannot be interpreted as an integer
FAILED mutants/tests/chiSquareTest.py::test_chiSquare_with_func[originalInput1_12-originalInput1_22] - TypeError: 'NoneType' object cannot be interpreted as an integer
FAILED mutants/tests/chiSquareTest.py::test_chiSquare_with_func[originalInput1_13-originalInput1_23] - TypeError: 'NoneType' object cannot be interpreted as an integer
FAILED mutants/tests/chiSquareTest.py::test_chiSquare_with_func[originalInput1_14-originalInput1_24] - TypeError: 'NoneType' object cannot be interpreted as an integer
FAILED mutants/tests/chiSquareTest.py::test_chiSquare_with_func[originalInput1_15-originalInput1_25] - TypeError: 'NoneType' object cannot be interpreted as an integer
FAILED mutants/tests/chiSquareTest.py::test_chiSquare_with_func[originalInput1_16-originalInput1_26] - TypeError: 'NoneType' object cannot be interpreted as an integer
FAILED mutants/tests/chiSquareTest.py::test_chiSquare_with_func[originalInput1_17-originalInput1_27] - TypeError: 'NoneType' object cannot be interpreted as an integer
FAILED mutants/tests/chiSquareTest.py::test_chiSquare_with_func[originalInput1_18-originalInput1_28] - TypeError: 'NoneType' object cannot be interpreted as an integer
FAILED mutants/tests/chiSquareTest.py::test_chiSquare_with_func[originalInput1_19-originalInput1_29] - TypeError: 'NoneType' object cannot be interpreted as an integer
10 failed, 1 warning in 0.14s
❌ x_chiSquare__mutmut_29 存在失败 (退出码 1)

================================================================================
RUNNING chiSquare.py :: x_chiSquare__mutmut_3  -  2025-10-16T14:22:50.095026
================================================================================

>>> 当前使用的函数: x_chiSquare__mutmut_3
函数源码如下：
def x_chiSquare__mutmut_3(expected, observed):
    sumExpected = 0
    sumObserved = None

    for i in range(0, len(observed)):
        sumExpected += expected[i]
        sumObserved += observed[i]

    ratio = 1
    rescale = False

    if abs(sumExpected - sumObserved) > 10E-6:
        ratio = sumObserved / sumExpected
        rescale = True

    sumSq = 0

    for i in range(0, len(observed)):
        if rescale:
            dev = observed[i] - (ratio * expected[i])
            sumSq += (dev * dev) / (ratio * expected[i])
        else:
            dev = observed[i] - expected[i]
            sumSq += dev * dev / expected[i]

    return sumSq

FFFFFFFFFF
================================================================================= FAILURES ==================================================================================
_______________________________________________________ test_chiSquare_with_func[originalInput1_10-originalInput1_20] _______________________________________________________
mutants/tests/chiSquareTest.py:146: in test_chiSquare_with_func
    originalResult = func(originalInput1_1, originalInput1_2)
mutants/src/chiSquare.py:117: in x_chiSquare__mutmut_3
    sumObserved += observed[i]
E   TypeError: unsupported operand type(s) for +=: 'NoneType' and 'float'
_______________________________________________________ test_chiSquare_with_func[originalInput1_11-originalInput1_21] _______________________________________________________
mutants/tests/chiSquareTest.py:146: in test_chiSquare_with_func
    originalResult = func(originalInput1_1, originalInput1_2)
mutants/src/chiSquare.py:117: in x_chiSquare__mutmut_3
    sumObserved += observed[i]
E   TypeError: unsupported operand type(s) for +=: 'NoneType' and 'float'
_______________________________________________________ test_chiSquare_with_func[originalInput1_12-originalInput1_22] _______________________________________________________
mutants/tests/chiSquareTest.py:146: in test_chiSquare_with_func
    originalResult = func(originalInput1_1, originalInput1_2)
mutants/src/chiSquare.py:117: in x_chiSquare__mutmut_3
    sumObserved += observed[i]
E   TypeError: unsupported operand type(s) for +=: 'NoneType' and 'float'
_______________________________________________________ test_chiSquare_with_func[originalInput1_13-originalInput1_23] _______________________________________________________
mutants/tests/chiSquareTest.py:146: in test_chiSquare_with_func
    originalResult = func(originalInput1_1, originalInput1_2)
mutants/src/chiSquare.py:117: in x_chiSquare__mutmut_3
    sumObserved += observed[i]
E   TypeError: unsupported operand type(s) for +=: 'NoneType' and 'float'
_______________________________________________________ test_chiSquare_with_func[originalInput1_14-originalInput1_24] _______________________________________________________
mutants/tests/chiSquareTest.py:146: in test_chiSquare_with_func
    originalResult = func(originalInput1_1, originalInput1_2)
mutants/src/chiSquare.py:117: in x_chiSquare__mutmut_3
    sumObserved += observed[i]
E   TypeError: unsupported operand type(s) for +=: 'NoneType' and 'float'
_______________________________________________________ test_chiSquare_with_func[originalInput1_15-originalInput1_25] _______________________________________________________
mutants/tests/chiSquareTest.py:146: in test_chiSquare_with_func
    originalResult = func(originalInput1_1, originalInput1_2)
mutants/src/chiSquare.py:117: in x_chiSquare__mutmut_3
    sumObserved += observed[i]
E   TypeError: unsupported operand type(s) for +=: 'NoneType' and 'float'
_______________________________________________________ test_chiSquare_with_func[originalInput1_16-originalInput1_26] _______________________________________________________
mutants/tests/chiSquareTest.py:146: in test_chiSquare_with_func
    originalResult = func(originalInput1_1, originalInput1_2)
mutants/src/chiSquare.py:117: in x_chiSquare__mutmut_3
    sumObserved += observed[i]
E   TypeError: unsupported operand type(s) for +=: 'NoneType' and 'float'
_______________________________________________________ test_chiSquare_with_func[originalInput1_17-originalInput1_27] _______________________________________________________
mutants/tests/chiSquareTest.py:146: in test_chiSquare_with_func
    originalResult = func(originalInput1_1, originalInput1_2)
mutants/src/chiSquare.py:117: in x_chiSquare__mutmut_3
    sumObserved += observed[i]
E   TypeError: unsupported operand type(s) for +=: 'NoneType' and 'float'
_______________________________________________________ test_chiSquare_with_func[originalInput1_18-originalInput1_28] _______________________________________________________
mutants/tests/chiSquareTest.py:146: in test_chiSquare_with_func
    originalResult = func(originalInput1_1, originalInput1_2)
mutants/src/chiSquare.py:117: in x_chiSquare__mutmut_3
    sumObserved += observed[i]
E   TypeError: unsupported operand type(s) for +=: 'NoneType' and 'float'
_______________________________________________________ test_chiSquare_with_func[originalInput1_19-originalInput1_29] _______________________________________________________
mutants/tests/chiSquareTest.py:146: in test_chiSquare_with_func
    originalResult = func(originalInput1_1, originalInput1_2)
mutants/src/chiSquare.py:117: in x_chiSquare__mutmut_3
    sumObserved += observed[i]
E   TypeError: unsupported operand type(s) for +=: 'NoneType' and 'float'
============================================================================= warnings summary ==============================================================================
../../anaconda3/envs/mutmut39/lib/python3.9/site-packages/_pytest/config/__init__.py:1474
  /home/rts/anaconda3/envs/mutmut39/lib/python3.9/site-packages/_pytest/config/__init__.py:1474: PytestConfigWarning: Unknown config option: pytest -vv --tb
  
    self._warn_or_fail_if_strict(f"Unknown config option: {key}\n")

-- Docs: https://docs.pytest.org/en/stable/how-to/capture-warnings.html
========================================================================== short test summary info ==========================================================================
FAILED mutants/tests/chiSquareTest.py::test_chiSquare_with_func[originalInput1_10-originalInput1_20] - TypeError: unsupported operand type(s) for +=: 'NoneType' and 'float'
FAILED mutants/tests/chiSquareTest.py::test_chiSquare_with_func[originalInput1_11-originalInput1_21] - TypeError: unsupported operand type(s) for +=: 'NoneType' and 'float'
FAILED mutants/tests/chiSquareTest.py::test_chiSquare_with_func[originalInput1_12-originalInput1_22] - TypeError: unsupported operand type(s) for +=: 'NoneType' and 'float'
FAILED mutants/tests/chiSquareTest.py::test_chiSquare_with_func[originalInput1_13-originalInput1_23] - TypeError: unsupported operand type(s) for +=: 'NoneType' and 'float'
FAILED mutants/tests/chiSquareTest.py::test_chiSquare_with_func[originalInput1_14-originalInput1_24] - TypeError: unsupported operand type(s) for +=: 'NoneType' and 'float'
FAILED mutants/tests/chiSquareTest.py::test_chiSquare_with_func[originalInput1_15-originalInput1_25] - TypeError: unsupported operand type(s) for +=: 'NoneType' and 'float'
FAILED mutants/tests/chiSquareTest.py::test_chiSquare_with_func[originalInput1_16-originalInput1_26] - TypeError: unsupported operand type(s) for +=: 'NoneType' and 'float'
FAILED mutants/tests/chiSquareTest.py::test_chiSquare_with_func[originalInput1_17-originalInput1_27] - TypeError: unsupported operand type(s) for +=: 'NoneType' and 'float'
FAILED mutants/tests/chiSquareTest.py::test_chiSquare_with_func[originalInput1_18-originalInput1_28] - TypeError: unsupported operand type(s) for +=: 'NoneType' and 'float'
FAILED mutants/tests/chiSquareTest.py::test_chiSquare_with_func[originalInput1_19-originalInput1_29] - TypeError: unsupported operand type(s) for +=: 'NoneType' and 'float'
10 failed, 1 warning in 0.13s
❌ x_chiSquare__mutmut_3 存在失败 (退出码 1)

================================================================================
RUNNING chiSquare.py :: x_chiSquare__mutmut_30  -  2025-10-16T14:22:50.272058
================================================================================

>>> 当前使用的函数: x_chiSquare__mutmut_30
函数源码如下：
def x_chiSquare__mutmut_30(expected, observed):
    sumExpected = 0
    sumObserved = 0

    for i in range(0, len(observed)):
        sumExpected += expected[i]
        sumObserved += observed[i]

    ratio = 1
    rescale = False

    if abs(sumExpected - sumObserved) > 10E-6:
        ratio = sumObserved / sumExpected
        rescale = True

    sumSq = 0

    for i in range(len(observed)):
        if rescale:
            dev = observed[i] - (ratio * expected[i])
            sumSq += (dev * dev) / (ratio * expected[i])
        else:
            dev = observed[i] - expected[i]
            sumSq += dev * dev / expected[i]

    return sumSq

..........
============================================================================= warnings summary ==============================================================================
../../anaconda3/envs/mutmut39/lib/python3.9/site-packages/_pytest/config/__init__.py:1474
  /home/rts/anaconda3/envs/mutmut39/lib/python3.9/site-packages/_pytest/config/__init__.py:1474: PytestConfigWarning: Unknown config option: pytest -vv --tb
  
    self._warn_or_fail_if_strict(f"Unknown config option: {key}\n")

-- Docs: https://docs.pytest.org/en/stable/how-to/capture-warnings.html
10 passed, 1 warning in 0.01s
✅ x_chiSquare__mutmut_30 所有测试通过

================================================================================
RUNNING chiSquare.py :: x_chiSquare__mutmut_31  -  2025-10-16T14:22:50.322514
================================================================================

>>> 当前使用的函数: x_chiSquare__mutmut_31
函数源码如下：
def x_chiSquare__mutmut_31(expected, observed):
    sumExpected = 0
    sumObserved = 0

    for i in range(0, len(observed)):
        sumExpected += expected[i]
        sumObserved += observed[i]

    ratio = 1
    rescale = False

    if abs(sumExpected - sumObserved) > 10E-6:
        ratio = sumObserved / sumExpected
        rescale = True

    sumSq = 0

    for i in range(0, ):
        if rescale:
            dev = observed[i] - (ratio * expected[i])
            sumSq += (dev * dev) / (ratio * expected[i])
        else:
            dev = observed[i] - expected[i]
            sumSq += dev * dev / expected[i]

    return sumSq

..........
============================================================================= warnings summary ==============================================================================
../../anaconda3/envs/mutmut39/lib/python3.9/site-packages/_pytest/config/__init__.py:1474
  /home/rts/anaconda3/envs/mutmut39/lib/python3.9/site-packages/_pytest/config/__init__.py:1474: PytestConfigWarning: Unknown config option: pytest -vv --tb
  
    self._warn_or_fail_if_strict(f"Unknown config option: {key}\n")

-- Docs: https://docs.pytest.org/en/stable/how-to/capture-warnings.html
10 passed, 1 warning in 0.01s
✅ x_chiSquare__mutmut_31 所有测试通过

================================================================================
RUNNING chiSquare.py :: x_chiSquare__mutmut_32  -  2025-10-16T14:22:50.372841
================================================================================

>>> 当前使用的函数: x_chiSquare__mutmut_32
函数源码如下：
def x_chiSquare__mutmut_32(expected, observed):
    sumExpected = 0
    sumObserved = 0

    for i in range(0, len(observed)):
        sumExpected += expected[i]
        sumObserved += observed[i]

    ratio = 1
    rescale = False

    if abs(sumExpected - sumObserved) > 10E-6:
        ratio = sumObserved / sumExpected
        rescale = True

    sumSq = 0

    for i in range(1, len(observed)):
        if rescale:
            dev = observed[i] - (ratio * expected[i])
            sumSq += (dev * dev) / (ratio * expected[i])
        else:
            dev = observed[i] - expected[i]
            sumSq += dev * dev / expected[i]

    return sumSq

FFFFFFFFFF
================================================================================= FAILURES ==================================================================================
_______________________________________________________ test_chiSquare_with_func[originalInput1_10-originalInput1_20] _______________________________________________________

FAILURE: check bool(False): MR6 failed
mutants/tests/chiSquareTest.py:147 in test_chiSquare_with_func() -> applyMR_Assert(originalInput1_1, originalInput1_2, originalResult)
mutants/tests/chiSquareTest.py:120 in applyMR_Assert() -> check.is_true(abs(originalResult - transformResult6) <= delta, "MR6 failed")

------------------------------------------------------------
Failed Checks: 1
_______________________________________________________ test_chiSquare_with_func[originalInput1_11-originalInput1_21] _______________________________________________________

FAILURE: check bool(False): MR6 failed
mutants/tests/chiSquareTest.py:147 in test_chiSquare_with_func() -> applyMR_Assert(originalInput1_1, originalInput1_2, originalResult)
mutants/tests/chiSquareTest.py:120 in applyMR_Assert() -> check.is_true(abs(originalResult - transformResult6) <= delta, "MR6 failed")

------------------------------------------------------------
Failed Checks: 1
_______________________________________________________ test_chiSquare_with_func[originalInput1_12-originalInput1_22] _______________________________________________________

FAILURE: check bool(False): MR6 failed
mutants/tests/chiSquareTest.py:147 in test_chiSquare_with_func() -> applyMR_Assert(originalInput1_1, originalInput1_2, originalResult)
mutants/tests/chiSquareTest.py:120 in applyMR_Assert() -> check.is_true(abs(originalResult - transformResult6) <= delta, "MR6 failed")

------------------------------------------------------------
Failed Checks: 1
_______________________________________________________ test_chiSquare_with_func[originalInput1_13-originalInput1_23] _______________________________________________________

FAILURE: check bool(False): MR6 failed
mutants/tests/chiSquareTest.py:147 in test_chiSquare_with_func() -> applyMR_Assert(originalInput1_1, originalInput1_2, originalResult)
mutants/tests/chiSquareTest.py:120 in applyMR_Assert() -> check.is_true(abs(originalResult - transformResult6) <= delta, "MR6 failed")

------------------------------------------------------------
Failed Checks: 1
_______________________________________________________ test_chiSquare_with_func[originalInput1_14-originalInput1_24] _______________________________________________________

FAILURE: check bool(False): MR6 failed
mutants/tests/chiSquareTest.py:147 in test_chiSquare_with_func() -> applyMR_Assert(originalInput1_1, originalInput1_2, originalResult)
mutants/tests/chiSquareTest.py:120 in applyMR_Assert() -> check.is_true(abs(originalResult - transformResult6) <= delta, "MR6 failed")

------------------------------------------------------------
Failed Checks: 1
_______________________________________________________ test_chiSquare_with_func[originalInput1_15-originalInput1_25] _______________________________________________________

FAILURE: check bool(False): MR6 failed
mutants/tests/chiSquareTest.py:147 in test_chiSquare_with_func() -> applyMR_Assert(originalInput1_1, originalInput1_2, originalResult)
mutants/tests/chiSquareTest.py:120 in applyMR_Assert() -> check.is_true(abs(originalResult - transformResult6) <= delta, "MR6 failed")

------------------------------------------------------------
Failed Checks: 1
_______________________________________________________ test_chiSquare_with_func[originalInput1_16-originalInput1_26] _______________________________________________________

FAILURE: check bool(False): MR6 failed
mutants/tests/chiSquareTest.py:147 in test_chiSquare_with_func() -> applyMR_Assert(originalInput1_1, originalInput1_2, originalResult)
mutants/tests/chiSquareTest.py:120 in applyMR_Assert() -> check.is_true(abs(originalResult - transformResult6) <= delta, "MR6 failed")

------------------------------------------------------------
Failed Checks: 1
_______________________________________________________ test_chiSquare_with_func[originalInput1_17-originalInput1_27] _______________________________________________________

FAILURE: check bool(False): MR6 failed
mutants/tests/chiSquareTest.py:147 in test_chiSquare_with_func() -> applyMR_Assert(originalInput1_1, originalInput1_2, originalResult)
mutants/tests/chiSquareTest.py:120 in applyMR_Assert() -> check.is_true(abs(originalResult - transformResult6) <= delta, "MR6 failed")

------------------------------------------------------------
Failed Checks: 1
_______________________________________________________ test_chiSquare_with_func[originalInput1_18-originalInput1_28] _______________________________________________________

FAILURE: check bool(False): MR6 failed
mutants/tests/chiSquareTest.py:147 in test_chiSquare_with_func() -> applyMR_Assert(originalInput1_1, originalInput1_2, originalResult)
mutants/tests/chiSquareTest.py:120 in applyMR_Assert() -> check.is_true(abs(originalResult - transformResult6) <= delta, "MR6 failed")

------------------------------------------------------------
Failed Checks: 1
_______________________________________________________ test_chiSquare_with_func[originalInput1_19-originalInput1_29] _______________________________________________________

FAILURE: check bool(False): MR6 failed
mutants/tests/chiSquareTest.py:147 in test_chiSquare_with_func() -> applyMR_Assert(originalInput1_1, originalInput1_2, originalResult)
mutants/tests/chiSquareTest.py:120 in applyMR_Assert() -> check.is_true(abs(originalResult - transformResult6) <= delta, "MR6 failed")

------------------------------------------------------------
Failed Checks: 1
============================================================================= warnings summary ==============================================================================
../../anaconda3/envs/mutmut39/lib/python3.9/site-packages/_pytest/config/__init__.py:1474
  /home/rts/anaconda3/envs/mutmut39/lib/python3.9/site-packages/_pytest/config/__init__.py:1474: PytestConfigWarning: Unknown config option: pytest -vv --tb
  
    self._warn_or_fail_if_strict(f"Unknown config option: {key}\n")

-- Docs: https://docs.pytest.org/en/stable/how-to/capture-warnings.html
========================================================================== short test summary info ==========================================================================
FAILED mutants/tests/chiSquareTest.py::test_chiSquare_with_func[originalInput1_10-originalInput1_20] - check bool(False): MR6 failed
FAILED mutants/tests/chiSquareTest.py::test_chiSquare_with_func[originalInput1_11-originalInput1_21] - check bool(False): MR6 failed
FAILED mutants/tests/chiSquareTest.py::test_chiSquare_with_func[originalInput1_12-originalInput1_22] - check bool(False): MR6 failed
FAILED mutants/tests/chiSquareTest.py::test_chiSquare_with_func[originalInput1_13-originalInput1_23] - check bool(False): MR6 failed
FAILED mutants/tests/chiSquareTest.py::test_chiSquare_with_func[originalInput1_14-originalInput1_24] - check bool(False): MR6 failed
FAILED mutants/tests/chiSquareTest.py::test_chiSquare_with_func[originalInput1_15-originalInput1_25] - check bool(False): MR6 failed
FAILED mutants/tests/chiSquareTest.py::test_chiSquare_with_func[originalInput1_16-originalInput1_26] - check bool(False): MR6 failed
FAILED mutants/tests/chiSquareTest.py::test_chiSquare_with_func[originalInput1_17-originalInput1_27] - check bool(False): MR6 failed
FAILED mutants/tests/chiSquareTest.py::test_chiSquare_with_func[originalInput1_18-originalInput1_28] - check bool(False): MR6 failed
FAILED mutants/tests/chiSquareTest.py::test_chiSquare_with_func[originalInput1_19-originalInput1_29] - check bool(False): MR6 failed
10 failed, 1 warning in 0.01s
❌ x_chiSquare__mutmut_32 存在失败 (退出码 1)

================================================================================
RUNNING chiSquare.py :: x_chiSquare__mutmut_33  -  2025-10-16T14:22:50.428146
================================================================================

>>> 当前使用的函数: x_chiSquare__mutmut_33
函数源码如下：
def x_chiSquare__mutmut_33(expected, observed):
    sumExpected = 0
    sumObserved = 0

    for i in range(0, len(observed)):
        sumExpected += expected[i]
        sumObserved += observed[i]

    ratio = 1
    rescale = False

    if abs(sumExpected - sumObserved) > 10E-6:
        ratio = sumObserved / sumExpected
        rescale = True

    sumSq = 0

    for i in range(0, len(observed)):
        if rescale:
            dev = None
            sumSq += (dev * dev) / (ratio * expected[i])
        else:
            dev = observed[i] - expected[i]
            sumSq += dev * dev / expected[i]

    return sumSq

FFFFFFFFFF
================================================================================= FAILURES ==================================================================================
_______________________________________________________ test_chiSquare_with_func[originalInput1_10-originalInput1_20] _______________________________________________________
mutants/tests/chiSquareTest.py:147: in test_chiSquare_with_func
    applyMR_Assert(originalInput1_1, originalInput1_2, originalResult)
mutants/tests/chiSquareTest.py:100: in applyMR_Assert
    transformResult16 = func(transformInput16_1, transformInput16_2)
mutants/src/chiSquare.py:911: in x_chiSquare__mutmut_33
    sumSq += (dev * dev) / (ratio * expected[i])
E   TypeError: unsupported operand type(s) for *: 'NoneType' and 'NoneType'
_______________________________________________________ test_chiSquare_with_func[originalInput1_11-originalInput1_21] _______________________________________________________
mutants/tests/chiSquareTest.py:147: in test_chiSquare_with_func
    applyMR_Assert(originalInput1_1, originalInput1_2, originalResult)
mutants/tests/chiSquareTest.py:100: in applyMR_Assert
    transformResult16 = func(transformInput16_1, transformInput16_2)
mutants/src/chiSquare.py:911: in x_chiSquare__mutmut_33
    sumSq += (dev * dev) / (ratio * expected[i])
E   TypeError: unsupported operand type(s) for *: 'NoneType' and 'NoneType'
_______________________________________________________ test_chiSquare_with_func[originalInput1_12-originalInput1_22] _______________________________________________________
mutants/tests/chiSquareTest.py:146: in test_chiSquare_with_func
    originalResult = func(originalInput1_1, originalInput1_2)
mutants/src/chiSquare.py:911: in x_chiSquare__mutmut_33
    sumSq += (dev * dev) / (ratio * expected[i])
E   TypeError: unsupported operand type(s) for *: 'NoneType' and 'NoneType'
_______________________________________________________ test_chiSquare_with_func[originalInput1_13-originalInput1_23] _______________________________________________________
mutants/tests/chiSquareTest.py:146: in test_chiSquare_with_func
    originalResult = func(originalInput1_1, originalInput1_2)
mutants/src/chiSquare.py:911: in x_chiSquare__mutmut_33
    sumSq += (dev * dev) / (ratio * expected[i])
E   TypeError: unsupported operand type(s) for *: 'NoneType' and 'NoneType'
_______________________________________________________ test_chiSquare_with_func[originalInput1_14-originalInput1_24] _______________________________________________________
mutants/tests/chiSquareTest.py:146: in test_chiSquare_with_func
    originalResult = func(originalInput1_1, originalInput1_2)
mutants/src/chiSquare.py:911: in x_chiSquare__mutmut_33
    sumSq += (dev * dev) / (ratio * expected[i])
E   TypeError: unsupported operand type(s) for *: 'NoneType' and 'NoneType'
_______________________________________________________ test_chiSquare_with_func[originalInput1_15-originalInput1_25] _______________________________________________________
mutants/tests/chiSquareTest.py:146: in test_chiSquare_with_func
    originalResult = func(originalInput1_1, originalInput1_2)
mutants/src/chiSquare.py:911: in x_chiSquare__mutmut_33
    sumSq += (dev * dev) / (ratio * expected[i])
E   TypeError: unsupported operand type(s) for *: 'NoneType' and 'NoneType'
_______________________________________________________ test_chiSquare_with_func[originalInput1_16-originalInput1_26] _______________________________________________________
mutants/tests/chiSquareTest.py:146: in test_chiSquare_with_func
    originalResult = func(originalInput1_1, originalInput1_2)
mutants/src/chiSquare.py:911: in x_chiSquare__mutmut_33
    sumSq += (dev * dev) / (ratio * expected[i])
E   TypeError: unsupported operand type(s) for *: 'NoneType' and 'NoneType'
_______________________________________________________ test_chiSquare_with_func[originalInput1_17-originalInput1_27] _______________________________________________________
mutants/tests/chiSquareTest.py:146: in test_chiSquare_with_func
    originalResult = func(originalInput1_1, originalInput1_2)
mutants/src/chiSquare.py:911: in x_chiSquare__mutmut_33
    sumSq += (dev * dev) / (ratio * expected[i])
E   TypeError: unsupported operand type(s) for *: 'NoneType' and 'NoneType'
_______________________________________________________ test_chiSquare_with_func[originalInput1_18-originalInput1_28] _______________________________________________________
mutants/tests/chiSquareTest.py:146: in test_chiSquare_with_func
    originalResult = func(originalInput1_1, originalInput1_2)
mutants/src/chiSquare.py:911: in x_chiSquare__mutmut_33
    sumSq += (dev * dev) / (ratio * expected[i])
E   TypeError: unsupported operand type(s) for *: 'NoneType' and 'NoneType'
_______________________________________________________ test_chiSquare_with_func[originalInput1_19-originalInput1_29] _______________________________________________________
mutants/tests/chiSquareTest.py:146: in test_chiSquare_with_func
    originalResult = func(originalInput1_1, originalInput1_2)
mutants/src/chiSquare.py:911: in x_chiSquare__mutmut_33
    sumSq += (dev * dev) / (ratio * expected[i])
E   TypeError: unsupported operand type(s) for *: 'NoneType' and 'NoneType'
============================================================================= warnings summary ==============================================================================
../../anaconda3/envs/mutmut39/lib/python3.9/site-packages/_pytest/config/__init__.py:1474
  /home/rts/anaconda3/envs/mutmut39/lib/python3.9/site-packages/_pytest/config/__init__.py:1474: PytestConfigWarning: Unknown config option: pytest -vv --tb
  
    self._warn_or_fail_if_strict(f"Unknown config option: {key}\n")

-- Docs: https://docs.pytest.org/en/stable/how-to/capture-warnings.html
========================================================================== short test summary info ==========================================================================
FAILED mutants/tests/chiSquareTest.py::test_chiSquare_with_func[originalInput1_10-originalInput1_20] - TypeError: unsupported operand type(s) for *: 'NoneType' and 'NoneType'
FAILED mutants/tests/chiSquareTest.py::test_chiSquare_with_func[originalInput1_11-originalInput1_21] - TypeError: unsupported operand type(s) for *: 'NoneType' and 'NoneType'
FAILED mutants/tests/chiSquareTest.py::test_chiSquare_with_func[originalInput1_12-originalInput1_22] - TypeError: unsupported operand type(s) for *: 'NoneType' and 'NoneType'
FAILED mutants/tests/chiSquareTest.py::test_chiSquare_with_func[originalInput1_13-originalInput1_23] - TypeError: unsupported operand type(s) for *: 'NoneType' and 'NoneType'
FAILED mutants/tests/chiSquareTest.py::test_chiSquare_with_func[originalInput1_14-originalInput1_24] - TypeError: unsupported operand type(s) for *: 'NoneType' and 'NoneType'
FAILED mutants/tests/chiSquareTest.py::test_chiSquare_with_func[originalInput1_15-originalInput1_25] - TypeError: unsupported operand type(s) for *: 'NoneType' and 'NoneType'
FAILED mutants/tests/chiSquareTest.py::test_chiSquare_with_func[originalInput1_16-originalInput1_26] - TypeError: unsupported operand type(s) for *: 'NoneType' and 'NoneType'
FAILED mutants/tests/chiSquareTest.py::test_chiSquare_with_func[originalInput1_17-originalInput1_27] - TypeError: unsupported operand type(s) for *: 'NoneType' and 'NoneType'
FAILED mutants/tests/chiSquareTest.py::test_chiSquare_with_func[originalInput1_18-originalInput1_28] - TypeError: unsupported operand type(s) for *: 'NoneType' and 'NoneType'
FAILED mutants/tests/chiSquareTest.py::test_chiSquare_with_func[originalInput1_19-originalInput1_29] - TypeError: unsupported operand type(s) for *: 'NoneType' and 'NoneType'
10 failed, 1 warning in 0.13s
❌ x_chiSquare__mutmut_33 存在失败 (退出码 1)

================================================================================
RUNNING chiSquare.py :: x_chiSquare__mutmut_34  -  2025-10-16T14:22:50.605442
================================================================================

>>> 当前使用的函数: x_chiSquare__mutmut_34
函数源码如下：
def x_chiSquare__mutmut_34(expected, observed):
    sumExpected = 0
    sumObserved = 0

    for i in range(0, len(observed)):
        sumExpected += expected[i]
        sumObserved += observed[i]

    ratio = 1
    rescale = False

    if abs(sumExpected - sumObserved) > 10E-6:
        ratio = sumObserved / sumExpected
        rescale = True

    sumSq = 0

    for i in range(0, len(observed)):
        if rescale:
            dev = observed[i] + (ratio * expected[i])
            sumSq += (dev * dev) / (ratio * expected[i])
        else:
            dev = observed[i] - expected[i]
            sumSq += dev * dev / expected[i]

    return sumSq

..FFFFFFFF
================================================================================= FAILURES ==================================================================================
_______________________________________________________ test_chiSquare_with_func[originalInput1_12-originalInput1_22] _______________________________________________________

FAILURE: check 176.65909090909093 >= 212.52842809364552: MR2 failed
mutants/tests/chiSquareTest.py:147 in test_chiSquare_with_func() -> applyMR_Assert(originalInput1_1, originalInput1_2, originalResult)
mutants/tests/chiSquareTest.py:118 in applyMR_Assert() -> check.greater_equal(originalResult, transformResult2, "MR2 failed")

FAILURE: check 176.65909090909093 >= 176.65909091028539: MR13 failed
------------------------------------------------------------
Failed Checks: 2
_______________________________________________________ test_chiSquare_with_func[originalInput1_13-originalInput1_23] _______________________________________________________

FAILURE: check 160.07780038875597 >= 208.05895793722408: MR2 failed
mutants/tests/chiSquareTest.py:147 in test_chiSquare_with_func() -> applyMR_Assert(originalInput1_1, originalInput1_2, originalResult)
mutants/tests/chiSquareTest.py:118 in applyMR_Assert() -> check.greater_equal(originalResult, transformResult2, "MR2 failed")

FAILURE: check 160.07780038875597 >= 160.07780039035515: MR13 failed
------------------------------------------------------------
Failed Checks: 2
_______________________________________________________ test_chiSquare_with_func[originalInput1_14-originalInput1_24] _______________________________________________________

FAILURE: check 54.00740740740741 >= 90.0013888888889: MR2 failed
mutants/tests/chiSquareTest.py:147 in test_chiSquare_with_func() -> applyMR_Assert(originalInput1_1, originalInput1_2, originalResult)
mutants/tests/chiSquareTest.py:118 in applyMR_Assert() -> check.greater_equal(originalResult, transformResult2, "MR2 failed")

FAILURE: check 54.00740740740741 >= 54.007407408606845: MR13 failed
------------------------------------------------------------
Failed Checks: 2
_______________________________________________________ test_chiSquare_with_func[originalInput1_15-originalInput1_25] _______________________________________________________

FAILURE: check 144.84944751381215 >= 192.83853988335315: MR2 failed
mutants/tests/chiSquareTest.py:147 in test_chiSquare_with_func() -> applyMR_Assert(originalInput1_1, originalInput1_2, originalResult)
mutants/tests/chiSquareTest.py:118 in applyMR_Assert() -> check.greater_equal(originalResult, transformResult2, "MR2 failed")

FAILURE: check 144.84944751381215 >= 144.8494475154117: MR13 failed
------------------------------------------------------------
Failed Checks: 2
_______________________________________________________ test_chiSquare_with_func[originalInput1_16-originalInput1_26] _______________________________________________________

FAILURE: check 50.84251968503936 >= 86.82832542184957: MR2 failed
mutants/tests/chiSquareTest.py:147 in test_chiSquare_with_func() -> applyMR_Assert(originalInput1_1, originalInput1_2, originalResult)
mutants/tests/chiSquareTest.py:118 in applyMR_Assert() -> check.greater_equal(originalResult, transformResult2, "MR2 failed")

FAILURE: check 50.84251968503936 >= 50.84251968623865: MR13 failed
------------------------------------------------------------
Failed Checks: 2
_______________________________________________________ test_chiSquare_with_func[originalInput1_17-originalInput1_27] _______________________________________________________

FAILURE: check 142.08641357951632 >= 190.06392316493577: MR2 failed
mutants/tests/chiSquareTest.py:147 in test_chiSquare_with_func() -> applyMR_Assert(originalInput1_1, originalInput1_2, originalResult)
mutants/tests/chiSquareTest.py:118 in applyMR_Assert() -> check.greater_equal(originalResult, transformResult2, "MR2 failed")

FAILURE: check 142.08641357951632 >= 142.0864135811153: MR13 failed
------------------------------------------------------------
Failed Checks: 2
_______________________________________________________ test_chiSquare_with_func[originalInput1_18-originalInput1_28] _______________________________________________________

FAILURE: check 88.09612875163114 >= 124.06633776091081: MR2 failed
mutants/tests/chiSquareTest.py:147 in test_chiSquare_with_func() -> applyMR_Assert(originalInput1_1, originalInput1_2, originalResult)
mutants/tests/chiSquareTest.py:118 in applyMR_Assert() -> check.greater_equal(originalResult, transformResult2, "MR2 failed")

FAILURE: check 88.09612875163114 >= 88.09612875282969: MR13 failed
FAILURE: check 88.09612875163114 <= 0.15055821371610845: MR16 failed
------------------------------------------------------------
Failed Checks: 3
_______________________________________________________ test_chiSquare_with_func[originalInput1_19-originalInput1_29] _______________________________________________________

FAILURE: check 364.0903846153846 >= 412.08018571410287: MR2 failed
mutants/tests/chiSquareTest.py:147 in test_chiSquare_with_func() -> applyMR_Assert(originalInput1_1, originalInput1_2, originalResult)
mutants/tests/chiSquareTest.py:118 in applyMR_Assert() -> check.greater_equal(originalResult, transformResult2, "MR2 failed")

FAILURE: check 364.0903846153846 >= 364.0903846169842: MR13 failed
FAILURE: check 364.0903846153846 <= 0.13583333333333333: MR19 failed
------------------------------------------------------------
Failed Checks: 3
============================================================================= warnings summary ==============================================================================
../../anaconda3/envs/mutmut39/lib/python3.9/site-packages/_pytest/config/__init__.py:1474
  /home/rts/anaconda3/envs/mutmut39/lib/python3.9/site-packages/_pytest/config/__init__.py:1474: PytestConfigWarning: Unknown config option: pytest -vv --tb
  
    self._warn_or_fail_if_strict(f"Unknown config option: {key}\n")

-- Docs: https://docs.pytest.org/en/stable/how-to/capture-warnings.html
========================================================================== short test summary info ==========================================================================
FAILED mutants/tests/chiSquareTest.py::test_chiSquare_with_func[originalInput1_12-originalInput1_22] - check 176.65909090909093 >= 212.52842809364552: MR2 failed
FAILED mutants/tests/chiSquareTest.py::test_chiSquare_with_func[originalInput1_13-originalInput1_23] - check 160.07780038875597 >= 208.05895793722408: MR2 failed
FAILED mutants/tests/chiSquareTest.py::test_chiSquare_with_func[originalInput1_14-originalInput1_24] - check 54.00740740740741 >= 90.0013888888889: MR2 failed
FAILED mutants/tests/chiSquareTest.py::test_chiSquare_with_func[originalInput1_15-originalInput1_25] - check 144.84944751381215 >= 192.83853988335315: MR2 failed
FAILED mutants/tests/chiSquareTest.py::test_chiSquare_with_func[originalInput1_16-originalInput1_26] - check 50.84251968503936 >= 86.82832542184957: MR2 failed
FAILED mutants/tests/chiSquareTest.py::test_chiSquare_with_func[originalInput1_17-originalInput1_27] - check 142.08641357951632 >= 190.06392316493577: MR2 failed
FAILED mutants/tests/chiSquareTest.py::test_chiSquare_with_func[originalInput1_18-originalInput1_28] - check 88.09612875163114 >= 124.06633776091081: MR2 failed
FAILED mutants/tests/chiSquareTest.py::test_chiSquare_with_func[originalInput1_19-originalInput1_29] - check 364.0903846153846 >= 412.08018571410287: MR2 failed
8 failed, 2 passed, 1 warning in 0.01s
❌ x_chiSquare__mutmut_34 存在失败 (退出码 1)

================================================================================
RUNNING chiSquare.py :: x_chiSquare__mutmut_35  -  2025-10-16T14:22:50.662455
================================================================================

>>> 当前使用的函数: x_chiSquare__mutmut_35
函数源码如下：
def x_chiSquare__mutmut_35(expected, observed):
    sumExpected = 0
    sumObserved = 0

    for i in range(0, len(observed)):
        sumExpected += expected[i]
        sumObserved += observed[i]

    ratio = 1
    rescale = False

    if abs(sumExpected - sumObserved) > 10E-6:
        ratio = sumObserved / sumExpected
        rescale = True

    sumSq = 0

    for i in range(0, len(observed)):
        if rescale:
            dev = observed[i] - (ratio / expected[i])
            sumSq += (dev * dev) / (ratio * expected[i])
        else:
            dev = observed[i] - expected[i]
            sumSq += dev * dev / expected[i]

    return sumSq

..FFFFFFFF
================================================================================= FAILURES ==================================================================================
_______________________________________________________ test_chiSquare_with_func[originalInput1_12-originalInput1_22] _______________________________________________________

FAILURE: check 44.206036176580625 >= 53.16727564114394: MR2 failed
mutants/tests/chiSquareTest.py:147 in test_chiSquare_with_func() -> applyMR_Assert(originalInput1_1, originalInput1_2, originalResult)
mutants/tests/chiSquareTest.py:118 in applyMR_Assert() -> check.greater_equal(originalResult, transformResult2, "MR2 failed")

FAILURE: check 44.206036176580625 <= 44.18446608293076: MR3_2 failed
FAILURE: check 44.206036176580625 >= 44.20603617687904: MR13 failed
------------------------------------------------------------
Failed Checks: 3
_______________________________________________________ test_chiSquare_with_func[originalInput1_13-originalInput1_23] _______________________________________________________

FAILURE: check 39.308301579617876 >= 51.46271503203174: MR2 failed
mutants/tests/chiSquareTest.py:147 in test_chiSquare_with_func() -> applyMR_Assert(originalInput1_1, originalInput1_2, originalResult)
mutants/tests/chiSquareTest.py:118 in applyMR_Assert() -> check.greater_equal(originalResult, transformResult2, "MR2 failed")

FAILURE: check 39.308301579617876 <= 39.28504320277424: MR3_2 failed
FAILURE: check 39.308301579617876 >= 39.308301580024505: MR13 failed
------------------------------------------------------------
Failed Checks: 3
_______________________________________________________ test_chiSquare_with_func[originalInput1_14-originalInput1_24] _______________________________________________________

FAILURE: check 11.795374421296298 >= 21.57870697864605: MR2 failed
mutants/tests/chiSquareTest.py:147 in test_chiSquare_with_func() -> applyMR_Assert(originalInput1_1, originalInput1_2, originalResult)
mutants/tests/chiSquareTest.py:118 in applyMR_Assert() -> check.greater_equal(originalResult, transformResult2, "MR2 failed")

FAILURE: check 11.795374421296298 >= 11.795374421644377: MR13 failed
------------------------------------------------------------
Failed Checks: 2
_______________________________________________________ test_chiSquare_with_func[originalInput1_15-originalInput1_25] _______________________________________________________

FAILURE: check 35.298348758025114 >= 47.54542798819969: MR2 failed
mutants/tests/chiSquareTest.py:147 in test_chiSquare_with_func() -> applyMR_Assert(originalInput1_1, originalInput1_2, originalResult)
mutants/tests/chiSquareTest.py:118 in applyMR_Assert() -> check.greater_equal(originalResult, transformResult2, "MR2 failed")

FAILURE: check 35.298348758025114 >= 35.2983487584366: MR13 failed
------------------------------------------------------------
Failed Checks: 2
_______________________________________________________ test_chiSquare_with_func[originalInput1_16-originalInput1_26] _______________________________________________________

FAILURE: check 11.214840814814238 >= 20.881320222335326: MR2 failed
mutants/tests/chiSquareTest.py:147 in test_chiSquare_with_func() -> applyMR_Assert(originalInput1_1, originalInput1_2, originalResult)
mutants/tests/chiSquareTest.py:118 in applyMR_Assert() -> check.greater_equal(originalResult, transformResult2, "MR2 failed")

FAILURE: check 11.214840814814238 <= 11.193983207505093: MR3_2 failed
FAILURE: check 11.214840814814238 >= 11.214840815154503: MR13 failed
------------------------------------------------------------
Failed Checks: 3
_______________________________________________________ test_chiSquare_with_func[originalInput1_17-originalInput1_27] _______________________________________________________

FAILURE: check 34.62138591916457 >= 46.856946398752015: MR2 failed
mutants/tests/chiSquareTest.py:147 in test_chiSquare_with_func() -> applyMR_Assert(originalInput1_1, originalInput1_2, originalResult)
mutants/tests/chiSquareTest.py:118 in applyMR_Assert() -> check.greater_equal(originalResult, transformResult2, "MR2 failed")

FAILURE: check 34.62138591916457 >= 34.62138591957533: MR13 failed
------------------------------------------------------------
Failed Checks: 2
_______________________________________________________ test_chiSquare_with_func[originalInput1_18-originalInput1_28] _______________________________________________________

FAILURE: check 21.260434743165245 >= 30.485153402467454: MR2 failed
mutants/tests/chiSquareTest.py:147 in test_chiSquare_with_func() -> applyMR_Assert(originalInput1_1, originalInput1_2, originalResult)
mutants/tests/chiSquareTest.py:118 in applyMR_Assert() -> check.greater_equal(originalResult, transformResult2, "MR2 failed")

FAILURE: check 21.260434743165245 <= 21.239557389309617: MR3_2 failed
FAILURE: check 21.260434743165245 >= 21.260434743476218: MR13 failed
FAILURE: check 21.260434743165245 <= 0.15055821371610845: MR16 failed
------------------------------------------------------------
Failed Checks: 4
_______________________________________________________ test_chiSquare_with_func[originalInput1_19-originalInput1_29] _______________________________________________________

FAILURE: check 90.71243497464388 >= 102.75100290439525: MR2 failed
mutants/tests/chiSquareTest.py:147 in test_chiSquare_with_func() -> applyMR_Assert(originalInput1_1, originalInput1_2, originalResult)
mutants/tests/chiSquareTest.py:118 in applyMR_Assert() -> check.greater_equal(originalResult, transformResult2, "MR2 failed")

FAILURE: check 90.71243497464388 >= 90.71243497504537: MR13 failed
FAILURE: check 90.71243497464388 <= 0.13583333333333333: MR19 failed
------------------------------------------------------------
Failed Checks: 3
============================================================================= warnings summary ==============================================================================
../../anaconda3/envs/mutmut39/lib/python3.9/site-packages/_pytest/config/__init__.py:1474
  /home/rts/anaconda3/envs/mutmut39/lib/python3.9/site-packages/_pytest/config/__init__.py:1474: PytestConfigWarning: Unknown config option: pytest -vv --tb
  
    self._warn_or_fail_if_strict(f"Unknown config option: {key}\n")

-- Docs: https://docs.pytest.org/en/stable/how-to/capture-warnings.html
========================================================================== short test summary info ==========================================================================
FAILED mutants/tests/chiSquareTest.py::test_chiSquare_with_func[originalInput1_12-originalInput1_22] - check 44.206036176580625 >= 53.16727564114394: MR2 failed
FAILED mutants/tests/chiSquareTest.py::test_chiSquare_with_func[originalInput1_13-originalInput1_23] - check 39.308301579617876 >= 51.46271503203174: MR2 failed
FAILED mutants/tests/chiSquareTest.py::test_chiSquare_with_func[originalInput1_14-originalInput1_24] - check 11.795374421296298 >= 21.57870697864605: MR2 failed
FAILED mutants/tests/chiSquareTest.py::test_chiSquare_with_func[originalInput1_15-originalInput1_25] - check 35.298348758025114 >= 47.54542798819969: MR2 failed
FAILED mutants/tests/chiSquareTest.py::test_chiSquare_with_func[originalInput1_16-originalInput1_26] - check 11.214840814814238 >= 20.881320222335326: MR2 failed
FAILED mutants/tests/chiSquareTest.py::test_chiSquare_with_func[originalInput1_17-originalInput1_27] - check 34.62138591916457 >= 46.856946398752015: MR2 failed
FAILED mutants/tests/chiSquareTest.py::test_chiSquare_with_func[originalInput1_18-originalInput1_28] - check 21.260434743165245 >= 30.485153402467454: MR2 failed
FAILED mutants/tests/chiSquareTest.py::test_chiSquare_with_func[originalInput1_19-originalInput1_29] - check 90.71243497464388 >= 102.75100290439525: MR2 failed
8 failed, 2 passed, 1 warning in 0.01s
❌ x_chiSquare__mutmut_35 存在失败 (退出码 1)

================================================================================
RUNNING chiSquare.py :: x_chiSquare__mutmut_36  -  2025-10-16T14:22:50.718035
================================================================================

>>> 当前使用的函数: x_chiSquare__mutmut_36
函数源码如下：
def x_chiSquare__mutmut_36(expected, observed):
    sumExpected = 0
    sumObserved = 0

    for i in range(0, len(observed)):
        sumExpected += expected[i]
        sumObserved += observed[i]

    ratio = 1
    rescale = False

    if abs(sumExpected - sumObserved) > 10E-6:
        ratio = sumObserved / sumExpected
        rescale = True

    sumSq = 0

    for i in range(0, len(observed)):
        if rescale:
            dev = observed[i] - (ratio * expected[i])
            sumSq = (dev * dev) / (ratio * expected[i])
        else:
            dev = observed[i] - expected[i]
            sumSq += dev * dev / expected[i]

    return sumSq

FFFFFFFFFF
================================================================================= FAILURES ==================================================================================
_______________________________________________________ test_chiSquare_with_func[originalInput1_10-originalInput1_20] _______________________________________________________

FAILURE: check 0.013333333333333357 <= 0.007243460764587549: MR16 failed
mutants/tests/chiSquareTest.py:147 in test_chiSquare_with_func() -> applyMR_Assert(originalInput1_1, originalInput1_2, originalResult)
mutants/tests/chiSquareTest.py:125 in applyMR_Assert() -> check.less_equal(originalResult, transformResult16, "MR16 failed")

FAILURE: check 0.013333333333333357 <= 0.005487804878048807: MR19 failed
------------------------------------------------------------
Failed Checks: 2
_______________________________________________________ test_chiSquare_with_func[originalInput1_11-originalInput1_21] _______________________________________________________

FAILURE: check 0.1728049728049728 <= 0.04010025062656633: MR16 failed
mutants/tests/chiSquareTest.py:147 in test_chiSquare_with_func() -> applyMR_Assert(originalInput1_1, originalInput1_2, originalResult)
mutants/tests/chiSquareTest.py:125 in applyMR_Assert() -> check.less_equal(originalResult, transformResult16, "MR16 failed")

FAILURE: check 0.1728049728049728 <= 0.03030303030303025: MR19 failed
------------------------------------------------------------
Failed Checks: 2
_______________________________________________________ test_chiSquare_with_func[originalInput1_12-originalInput1_22] _______________________________________________________

FAILURE: check 0.12373737373737344 <= 0.00048309178743961286: MR3_2 failed
mutants/tests/chiSquareTest.py:147 in test_chiSquare_with_func() -> applyMR_Assert(originalInput1_1, originalInput1_2, originalResult)
mutants/tests/chiSquareTest.py:119 in applyMR_Assert() -> check.less_equal(originalResult, transformResult3_2, "MR3_2 failed")

FAILURE: check bool(False): MR6 failed
------------------------------------------------------------
Failed Checks: 2
_______________________________________________________ test_chiSquare_with_func[originalInput1_13-originalInput1_23] _______________________________________________________

FAILURE: check 0.053121951219512166 <= 0.0005807200929152162: MR3_2 failed
mutants/tests/chiSquareTest.py:147 in test_chiSquare_with_func() -> applyMR_Assert(originalInput1_1, originalInput1_2, originalResult)
mutants/tests/chiSquareTest.py:119 in applyMR_Assert() -> check.less_equal(originalResult, transformResult3_2, "MR3_2 failed")

FAILURE: check bool(False): MR6 failed
FAILURE: check 0.053121951219512166 <= 0.00839151450053704: MR16 failed
FAILURE: check 0.053121951219512166 <= 0.0062300637958532705: MR19 failed
------------------------------------------------------------
Failed Checks: 4
_______________________________________________________ test_chiSquare_with_func[originalInput1_14-originalInput1_24] _______________________________________________________

FAILURE: check bool(False): MR6 failed
mutants/tests/chiSquareTest.py:147 in test_chiSquare_with_func() -> applyMR_Assert(originalInput1_1, originalInput1_2, originalResult)
mutants/tests/chiSquareTest.py:120 in applyMR_Assert() -> check.is_true(abs(originalResult - transformResult6) <= delta, "MR6 failed")

FAILURE: check 0.002777777777777778 <= 0.002032520325203259: MR19 failed
------------------------------------------------------------
Failed Checks: 2
_______________________________________________________ test_chiSquare_with_func[originalInput1_15-originalInput1_25] _______________________________________________________

FAILURE: check 0.026611418047882116 <= 2.906131938390182e-05: MR3_2 failed
mutants/tests/chiSquareTest.py:147 in test_chiSquare_with_func() -> applyMR_Assert(originalInput1_1, originalInput1_2, originalResult)
mutants/tests/chiSquareTest.py:119 in applyMR_Assert() -> check.less_equal(originalResult, transformResult3_2, "MR3_2 failed")

FAILURE: check bool(False): MR6 failed
FAILURE: check 0.026611418047882116 <= 0.0001354096140825989: MR16 failed
FAILURE: check 0.026611418047882116 <= 0.00010373443983402785: MR19 failed
------------------------------------------------------------
Failed Checks: 4
_______________________________________________________ test_chiSquare_with_func[originalInput1_16-originalInput1_26] _______________________________________________________

FAILURE: check 0.019291338582677127 <= 0.00046923879040667514: MR3_2 failed
mutants/tests/chiSquareTest.py:147 in test_chiSquare_with_func() -> applyMR_Assert(originalInput1_1, originalInput1_2, originalResult)
mutants/tests/chiSquareTest.py:119 in applyMR_Assert() -> check.less_equal(originalResult, transformResult3_2, "MR3_2 failed")

FAILURE: check bool(False): MR6 failed
FAILURE: check 0.019291338582677127 <= 0.0009550084889643447: MR16 failed
FAILURE: check 0.019291338582677127 <= 0.0007062146892655468: MR19 failed
------------------------------------------------------------
Failed Checks: 4
_______________________________________________________ test_chiSquare_with_func[originalInput1_17-originalInput1_27] _______________________________________________________

FAILURE: check 0.004291692182077996 <= 0.0007717538105344375: MR3_2 failed
mutants/tests/chiSquareTest.py:147 in test_chiSquare_with_func() -> applyMR_Assert(originalInput1_1, originalInput1_2, originalResult)
mutants/tests/chiSquareTest.py:119 in applyMR_Assert() -> check.less_equal(originalResult, transformResult3_2, "MR3_2 failed")

FAILURE: check bool(False): MR6 failed
------------------------------------------------------------
Failed Checks: 2
_______________________________________________________ test_chiSquare_with_func[originalInput1_18-originalInput1_28] _______________________________________________________

FAILURE: check 0.008984582668793132 <= 0.00046253469010175895: MR3_2 failed
mutants/tests/chiSquareTest.py:147 in test_chiSquare_with_func() -> applyMR_Assert(originalInput1_1, originalInput1_2, originalResult)
mutants/tests/chiSquareTest.py:119 in applyMR_Assert() -> check.less_equal(originalResult, transformResult3_2, "MR3_2 failed")

FAILURE: check bool(False): MR6 failed
------------------------------------------------------------
Failed Checks: 2
_______________________________________________________ test_chiSquare_with_func[originalInput1_19-originalInput1_29] _______________________________________________________

FAILURE: check 0.014652014652014704 <= 0.00011944577161968382: MR3_2 failed
mutants/tests/chiSquareTest.py:147 in test_chiSquare_with_func() -> applyMR_Assert(originalInput1_1, originalInput1_2, originalResult)
mutants/tests/chiSquareTest.py:119 in applyMR_Assert() -> check.less_equal(originalResult, transformResult3_2, "MR3_2 failed")

FAILURE: check bool(False): MR6 failed
------------------------------------------------------------
Failed Checks: 2
============================================================================= warnings summary ==============================================================================
../../anaconda3/envs/mutmut39/lib/python3.9/site-packages/_pytest/config/__init__.py:1474
  /home/rts/anaconda3/envs/mutmut39/lib/python3.9/site-packages/_pytest/config/__init__.py:1474: PytestConfigWarning: Unknown config option: pytest -vv --tb
  
    self._warn_or_fail_if_strict(f"Unknown config option: {key}\n")

-- Docs: https://docs.pytest.org/en/stable/how-to/capture-warnings.html
========================================================================== short test summary info ==========================================================================
FAILED mutants/tests/chiSquareTest.py::test_chiSquare_with_func[originalInput1_10-originalInput1_20] - check 0.013333333333333357 <= 0.007243460764587549: MR16 failed
FAILED mutants/tests/chiSquareTest.py::test_chiSquare_with_func[originalInput1_11-originalInput1_21] - check 0.1728049728049728 <= 0.04010025062656633: MR16 failed
FAILED mutants/tests/chiSquareTest.py::test_chiSquare_with_func[originalInput1_12-originalInput1_22] - check 0.12373737373737344 <= 0.00048309178743961286: MR3_2 failed
FAILED mutants/tests/chiSquareTest.py::test_chiSquare_with_func[originalInput1_13-originalInput1_23] - check 0.053121951219512166 <= 0.0005807200929152162: MR3_2 failed
FAILED mutants/tests/chiSquareTest.py::test_chiSquare_with_func[originalInput1_14-originalInput1_24] - check bool(False): MR6 failed
FAILED mutants/tests/chiSquareTest.py::test_chiSquare_with_func[originalInput1_15-originalInput1_25] - check 0.026611418047882116 <= 2.906131938390182e-05: MR3_2 failed
FAILED mutants/tests/chiSquareTest.py::test_chiSquare_with_func[originalInput1_16-originalInput1_26] - check 0.019291338582677127 <= 0.00046923879040667514: MR3_2 failed
FAILED mutants/tests/chiSquareTest.py::test_chiSquare_with_func[originalInput1_17-originalInput1_27] - check 0.004291692182077996 <= 0.0007717538105344375: MR3_2 failed
FAILED mutants/tests/chiSquareTest.py::test_chiSquare_with_func[originalInput1_18-originalInput1_28] - check 0.008984582668793132 <= 0.00046253469010175895: MR3_2 failed
FAILED mutants/tests/chiSquareTest.py::test_chiSquare_with_func[originalInput1_19-originalInput1_29] - check 0.014652014652014704 <= 0.00011944577161968382: MR3_2 failed
10 failed, 1 warning in 0.02s
❌ x_chiSquare__mutmut_36 存在失败 (退出码 1)

================================================================================
RUNNING chiSquare.py :: x_chiSquare__mutmut_37  -  2025-10-16T14:22:50.776226
================================================================================

>>> 当前使用的函数: x_chiSquare__mutmut_37
函数源码如下：
def x_chiSquare__mutmut_37(expected, observed):
    sumExpected = 0
    sumObserved = 0

    for i in range(0, len(observed)):
        sumExpected += expected[i]
        sumObserved += observed[i]

    ratio = 1
    rescale = False

    if abs(sumExpected - sumObserved) > 10E-6:
        ratio = sumObserved / sumExpected
        rescale = True

    sumSq = 0

    for i in range(0, len(observed)):
        if rescale:
            dev = observed[i] - (ratio * expected[i])
            sumSq -= (dev * dev) / (ratio * expected[i])
        else:
            dev = observed[i] - expected[i]
            sumSq += dev * dev / expected[i]

    return sumSq

FFFFFFFFFF
================================================================================= FAILURES ==================================================================================
_______________________________________________________ test_chiSquare_with_func[originalInput1_10-originalInput1_20] _______________________________________________________

FAILURE: check 0.013333333333333357 <= -0.021596244131455437: MR16 failed
mutants/tests/chiSquareTest.py:147 in test_chiSquare_with_func() -> applyMR_Assert(originalInput1_1, originalInput1_2, originalResult)
mutants/tests/chiSquareTest.py:125 in applyMR_Assert() -> check.less_equal(originalResult, transformResult16, "MR16 failed")

FAILURE: check 0.013333333333333357 <= -0.027642276422764275: MR19 failed
------------------------------------------------------------
Failed Checks: 2
_______________________________________________________ test_chiSquare_with_func[originalInput1_11-originalInput1_21] _______________________________________________________

FAILURE: check 0.1728049728049728 <= -0.22350982350982349: MR16 failed
mutants/tests/chiSquareTest.py:147 in test_chiSquare_with_func() -> applyMR_Assert(originalInput1_1, originalInput1_2, originalResult)
mutants/tests/chiSquareTest.py:125 in applyMR_Assert() -> check.less_equal(originalResult, transformResult16, "MR16 failed")

FAILURE: check 0.1728049728049728 <= -0.2615384615384614: MR19 failed
------------------------------------------------------------
Failed Checks: 2
_______________________________________________________ test_chiSquare_with_func[originalInput1_12-originalInput1_22] _______________________________________________________

FAILURE: check -0.6590909090909093 >= -0.5284280936454853: MR2 failed
mutants/tests/chiSquareTest.py:147 in test_chiSquare_with_func() -> applyMR_Assert(originalInput1_1, originalInput1_2, originalResult)
mutants/tests/chiSquareTest.py:118 in applyMR_Assert() -> check.greater_equal(originalResult, transformResult2, "MR2 failed")

FAILURE: check -0.6590909090909093 <= -0.6592592592592594: MR3_2 failed
FAILURE: check -0.6590909090909093 <= -1.3181818181818186: MR8 failed
FAILURE: check -0.6590909090909093 >= -0.6590909090853923: MR13 failed
FAILURE: check -0.6590909090909093 <= -1.029761904761905: MR16 failed
FAILURE: check -0.6590909090909093 <= -1.2696078431372553: MR19 failed
------------------------------------------------------------
Failed Checks: 6
_______________________________________________________ test_chiSquare_with_func[originalInput1_13-originalInput1_23] _______________________________________________________

FAILURE: check -0.07780038875598073 >= -0.058957937224066295: MR2 failed
mutants/tests/chiSquareTest.py:147 in test_chiSquare_with_func() -> applyMR_Assert(originalInput1_1, originalInput1_2, originalResult)
mutants/tests/chiSquareTest.py:118 in applyMR_Assert() -> check.greater_equal(originalResult, transformResult2, "MR2 failed")

FAILURE: check -0.07780038875598073 <= -0.07834899054732165: MR3_2 failed
FAILURE: check -0.07780038875598073 <= -0.15560077751196144: MR8 failed
FAILURE: check -0.07780038875598073 >= -0.07780038875514575: MR13 failed
FAILURE: check -0.07780038875598073 <= -0.08832863258625032: MR16 failed
FAILURE: check -0.07780038875598073 <= -0.09598553719008263: MR19 failed
------------------------------------------------------------
Failed Checks: 6
_______________________________________________________ test_chiSquare_with_func[originalInput1_14-originalInput1_24] _______________________________________________________

FAILURE: check -0.007407407407407408 >= -0.0013888888888888792: MR2 failed
mutants/tests/chiSquareTest.py:147 in test_chiSquare_with_func() -> applyMR_Assert(originalInput1_1, originalInput1_2, originalResult)
mutants/tests/chiSquareTest.py:118 in applyMR_Assert() -> check.greater_equal(originalResult, transformResult2, "MR2 failed")

FAILURE: check -0.007407407407407408 <= -0.0204022988505747: MR3_2 failed
FAILURE: check -0.007407407407407408 <= -0.014814814814814815: MR8 failed
FAILURE: check -0.007407407407407408 >= -0.007407407406847744: MR13 failed
FAILURE: check -0.007407407407407408 <= -0.011029411764705857: MR16 failed
FAILURE: check -0.007407407407407408 <= -0.013414634146341494: MR19 failed
------------------------------------------------------------
Failed Checks: 6
_______________________________________________________ test_chiSquare_with_func[originalInput1_15-originalInput1_25] _______________________________________________________

FAILURE: check -0.049447513812154675 >= -0.03853988335316133: MR2 failed
mutants/tests/chiSquareTest.py:147 in test_chiSquare_with_func() -> applyMR_Assert(originalInput1_1, originalInput1_2, originalResult)
mutants/tests/chiSquareTest.py:118 in applyMR_Assert() -> check.greater_equal(originalResult, transformResult2, "MR2 failed")

FAILURE: check -0.049447513812154675 <= -0.04948476702508944: MR3_2 failed
FAILURE: check -0.049447513812154675 <= -0.09889502762430935: MR8 failed
FAILURE: check -0.049447513812154675 >= -0.04944751381168662: MR13 failed
FAILURE: check -0.049447513812154675 <= -0.049644549763033154: MR16 failed
FAILURE: check -0.049447513812154675 <= -0.049792531120332044: MR19 failed
------------------------------------------------------------
Failed Checks: 6
_______________________________________________________ test_chiSquare_with_func[originalInput1_16-originalInput1_26] _______________________________________________________

FAILURE: check -0.04251968503937009 >= -0.028325421849554847: MR2 failed
mutants/tests/chiSquareTest.py:147 in test_chiSquare_with_func() -> applyMR_Assert(originalInput1_1, originalInput1_2, originalResult)
mutants/tests/chiSquareTest.py:118 in applyMR_Assert() -> check.greater_equal(originalResult, transformResult2, "MR2 failed")

FAILURE: check -0.04251968503937009 <= -0.04295339696799557: MR3_2 failed
FAILURE: check -0.04251968503937009 <= -0.08503937007874018: MR8 failed
FAILURE: check -0.04251968503937009 >= -0.042519685038648794: MR13 failed
FAILURE: check -0.04251968503937009 <= -0.043496963562753066: MR16 failed
FAILURE: check -0.04251968503937009 <= -0.04419817470664936: MR19 failed
------------------------------------------------------------
Failed Checks: 6
_______________________________________________________ test_chiSquare_with_func[originalInput1_17-originalInput1_27] _______________________________________________________

FAILURE: check -0.08641357951631343 >= -0.06392316493575063: MR2 failed
mutants/tests/chiSquareTest.py:147 in test_chiSquare_with_func() -> applyMR_Assert(originalInput1_1, originalInput1_2, originalResult)
mutants/tests/chiSquareTest.py:118 in applyMR_Assert() -> check.greater_equal(originalResult, transformResult2, "MR2 failed")

FAILURE: check -0.08641357951631343 <= -0.08727632605553638: MR3_2 failed
FAILURE: check -0.08641357951631343 <= -0.17282715903262688: MR8 failed
FAILURE: check -0.08641357951631343 >= -0.08641357951529355: MR13 failed
FAILURE: check -0.08641357951631343 <= -0.09593376110133967: MR16 failed
FAILURE: check -0.08641357951631343 <= -0.1026261659779423: MR19 failed
------------------------------------------------------------
Failed Checks: 6
_______________________________________________________ test_chiSquare_with_func[originalInput1_18-originalInput1_28] _______________________________________________________

FAILURE: check -0.096128751631144 >= -0.06633776091081603: MR2 failed
mutants/tests/chiSquareTest.py:147 in test_chiSquare_with_func() -> applyMR_Assert(originalInput1_1, originalInput1_2, originalResult)
mutants/tests/chiSquareTest.py:118 in applyMR_Assert() -> check.greater_equal(originalResult, transformResult2, "MR2 failed")

FAILURE: check -0.096128751631144 <= -0.09651896539768387: MR3_2 failed
FAILURE: check -0.096128751631144 <= -0.192257503262288: MR8 failed
FAILURE: check -0.096128751631144 >= -0.0961287516296833: MR13 failed
FAILURE: check -0.096128751631144 <= -0.18577727741814415: MR19 failed
------------------------------------------------------------
Failed Checks: 5
_______________________________________________________ test_chiSquare_with_func[originalInput1_19-originalInput1_29] _______________________________________________________

FAILURE: check -0.09038461538461529 >= -0.08018571410297895: MR2 failed
mutants/tests/chiSquareTest.py:147 in test_chiSquare_with_func() -> applyMR_Assert(originalInput1_1, originalInput1_2, originalResult)
mutants/tests/chiSquareTest.py:118 in applyMR_Assert() -> check.greater_equal(originalResult, transformResult2, "MR2 failed")

FAILURE: check -0.09038461538461529 <= -0.0905163043478261: MR3_2 failed
FAILURE: check -0.09038461538461529 <= -0.18076923076923057: MR8 failed
FAILURE: check -0.09038461538461529 >= -0.09038461538422886: MR13 failed
FAILURE: check -0.09038461538461529 <= -0.11623222748815154: MR16 failed
------------------------------------------------------------
Failed Checks: 5
============================================================================= warnings summary ==============================================================================
../../anaconda3/envs/mutmut39/lib/python3.9/site-packages/_pytest/config/__init__.py:1474
  /home/rts/anaconda3/envs/mutmut39/lib/python3.9/site-packages/_pytest/config/__init__.py:1474: PytestConfigWarning: Unknown config option: pytest -vv --tb
  
    self._warn_or_fail_if_strict(f"Unknown config option: {key}\n")

-- Docs: https://docs.pytest.org/en/stable/how-to/capture-warnings.html
========================================================================== short test summary info ==========================================================================
FAILED mutants/tests/chiSquareTest.py::test_chiSquare_with_func[originalInput1_10-originalInput1_20] - check 0.013333333333333357 <= -0.021596244131455437: MR16 failed
FAILED mutants/tests/chiSquareTest.py::test_chiSquare_with_func[originalInput1_11-originalInput1_21] - check 0.1728049728049728 <= -0.22350982350982349: MR16 failed
FAILED mutants/tests/chiSquareTest.py::test_chiSquare_with_func[originalInput1_12-originalInput1_22] - check -0.6590909090909093 >= -0.5284280936454853: MR2 failed
FAILED mutants/tests/chiSquareTest.py::test_chiSquare_with_func[originalInput1_13-originalInput1_23] - check -0.07780038875598073 >= -0.058957937224066295: MR2 failed
FAILED mutants/tests/chiSquareTest.py::test_chiSquare_with_func[originalInput1_14-originalInput1_24] - check -0.007407407407407408 >= -0.0013888888888888792: MR2 failed
FAILED mutants/tests/chiSquareTest.py::test_chiSquare_with_func[originalInput1_15-originalInput1_25] - check -0.049447513812154675 >= -0.03853988335316133: MR2 failed
FAILED mutants/tests/chiSquareTest.py::test_chiSquare_with_func[originalInput1_16-originalInput1_26] - check -0.04251968503937009 >= -0.028325421849554847: MR2 failed
FAILED mutants/tests/chiSquareTest.py::test_chiSquare_with_func[originalInput1_17-originalInput1_27] - check -0.08641357951631343 >= -0.06392316493575063: MR2 failed
FAILED mutants/tests/chiSquareTest.py::test_chiSquare_with_func[originalInput1_18-originalInput1_28] - check -0.096128751631144 >= -0.06633776091081603: MR2 failed
FAILED mutants/tests/chiSquareTest.py::test_chiSquare_with_func[originalInput1_19-originalInput1_29] - check -0.09038461538461529 >= -0.08018571410297895: MR2 failed
10 failed, 1 warning in 0.02s
❌ x_chiSquare__mutmut_37 存在失败 (退出码 1)

================================================================================
RUNNING chiSquare.py :: x_chiSquare__mutmut_38  -  2025-10-16T14:22:50.834312
================================================================================

>>> 当前使用的函数: x_chiSquare__mutmut_38
函数源码如下：
def x_chiSquare__mutmut_38(expected, observed):
    sumExpected = 0
    sumObserved = 0

    for i in range(0, len(observed)):
        sumExpected += expected[i]
        sumObserved += observed[i]

    ratio = 1
    rescale = False

    if abs(sumExpected - sumObserved) > 10E-6:
        ratio = sumObserved / sumExpected
        rescale = True

    sumSq = 0

    for i in range(0, len(observed)):
        if rescale:
            dev = observed[i] - (ratio * expected[i])
            sumSq += (dev * dev) * (ratio * expected[i])
        else:
            dev = observed[i] - expected[i]
            sumSq += dev * dev / expected[i]

    return sumSq

..FFFFFFFF
================================================================================= FAILURES ==================================================================================
_______________________________________________________ test_chiSquare_with_func[originalInput1_12-originalInput1_22] _______________________________________________________

FAILURE: check 102.12345679012336 >= 127.84705075445832: MR2 failed
mutants/tests/chiSquareTest.py:147 in test_chiSquare_with_func() -> applyMR_Assert(originalInput1_1, originalInput1_2, originalResult)
mutants/tests/chiSquareTest.py:118 in applyMR_Assert() -> check.greater_equal(originalResult, transformResult2, "MR2 failed")

FAILURE: check 102.12345679012336 >= 102.12345679097908: MR13 failed
------------------------------------------------------------
Failed Checks: 2
_______________________________________________________ test_chiSquare_with_func[originalInput1_13-originalInput1_23] _______________________________________________________

FAILURE: check 9.869125520523484 >= 12.092915628337494: MR2 failed
mutants/tests/chiSquareTest.py:147 in test_chiSquare_with_func() -> applyMR_Assert(originalInput1_1, originalInput1_2, originalResult)
mutants/tests/chiSquareTest.py:118 in applyMR_Assert() -> check.greater_equal(originalResult, transformResult2, "MR2 failed")

FAILURE: check 9.869125520523484 <= 9.815860868156777: MR3_2 failed
FAILURE: check 9.869125520523484 >= 9.869125520597386: MR13 failed
------------------------------------------------------------
Failed Checks: 3
_______________________________________________________ test_chiSquare_with_func[originalInput1_14-originalInput1_24] _______________________________________________________

FAILURE: check 0.140625 <= 0.1336481565771503: MR3_2 failed
mutants/tests/chiSquareTest.py:147 in test_chiSquare_with_func() -> applyMR_Assert(originalInput1_1, originalInput1_2, originalResult)
mutants/tests/chiSquareTest.py:119 in applyMR_Assert() -> check.less_equal(originalResult, transformResult3_2, "MR3_2 failed")

------------------------------------------------------------
Failed Checks: 1
_______________________________________________________ test_chiSquare_with_func[originalInput1_15-originalInput1_25] _______________________________________________________

FAILURE: check 6.062382716049379 >= 7.635850694444439: MR2 failed
mutants/tests/chiSquareTest.py:147 in test_chiSquare_with_func() -> applyMR_Assert(originalInput1_1, originalInput1_2, originalResult)
mutants/tests/chiSquareTest.py:118 in applyMR_Assert() -> check.greater_equal(originalResult, transformResult2, "MR2 failed")

FAILURE: check 6.062382716049379 <= 6.0530105620594945: MR3_2 failed
FAILURE: check 6.062382716049379 >= 6.062382716101652: MR13 failed
FAILURE: check 6.062382716049379 <= 6.019412374473597: MR16 failed
FAILURE: check 6.062382716049379 <= 5.989017361111124: MR19 failed
------------------------------------------------------------
Failed Checks: 5
_______________________________________________________ test_chiSquare_with_func[originalInput1_16-originalInput1_26] _______________________________________________________

FAILURE: check 1.1198920118343185 >= 1.9192058367768654: MR2 failed
mutants/tests/chiSquareTest.py:147 in test_chiSquare_with_func() -> applyMR_Assert(originalInput1_1, originalInput1_2, originalResult)
mutants/tests/chiSquareTest.py:118 in applyMR_Assert() -> check.greater_equal(originalResult, transformResult2, "MR2 failed")

FAILURE: check 1.1198920118343185 >= 1.11989201186138: MR13 failed
------------------------------------------------------------
Failed Checks: 2
_______________________________________________________ test_chiSquare_with_func[originalInput1_17-originalInput1_27] _______________________________________________________

FAILURE: check 6.492188570176148 >= 8.752729664812994: MR2 failed
mutants/tests/chiSquareTest.py:147 in test_chiSquare_with_func() -> applyMR_Assert(originalInput1_1, originalInput1_2, originalResult)
mutants/tests/chiSquareTest.py:118 in applyMR_Assert() -> check.greater_equal(originalResult, transformResult2, "MR2 failed")

FAILURE: check 6.492188570176148 <= 6.491400445920915: MR3_2 failed
FAILURE: check 6.492188570176148 >= 6.492188570251656: MR13 failed
------------------------------------------------------------
Failed Checks: 3
_______________________________________________________ test_chiSquare_with_func[originalInput1_18-originalInput1_28] _______________________________________________________

FAILURE: check 3.6720987654320947 >= 5.639203829680017: MR2 failed
mutants/tests/chiSquareTest.py:147 in test_chiSquare_with_func() -> applyMR_Assert(originalInput1_1, originalInput1_2, originalResult)
mutants/tests/chiSquareTest.py:118 in applyMR_Assert() -> check.greater_equal(originalResult, transformResult2, "MR2 failed")

FAILURE: check 3.6720987654320947 >= 3.6720987654972364: MR13 failed
FAILURE: check 3.6720987654320947 <= 0.15055821371610845: MR16 failed
------------------------------------------------------------
Failed Checks: 3
_______________________________________________________ test_chiSquare_with_func[originalInput1_19-originalInput1_29] _______________________________________________________

FAILURE: check 43.95524691358023 >= 50.67334678969646: MR2 failed
mutants/tests/chiSquareTest.py:147 in test_chiSquare_with_func() -> applyMR_Assert(originalInput1_1, originalInput1_2, originalResult)
mutants/tests/chiSquareTest.py:118 in applyMR_Assert() -> check.greater_equal(originalResult, transformResult2, "MR2 failed")

FAILURE: check 43.95524691358023 >= 43.95524691380407: MR13 failed
FAILURE: check 43.95524691358023 <= 0.13583333333333333: MR19 failed
------------------------------------------------------------
Failed Checks: 3
============================================================================= warnings summary ==============================================================================
../../anaconda3/envs/mutmut39/lib/python3.9/site-packages/_pytest/config/__init__.py:1474
  /home/rts/anaconda3/envs/mutmut39/lib/python3.9/site-packages/_pytest/config/__init__.py:1474: PytestConfigWarning: Unknown config option: pytest -vv --tb
  
    self._warn_or_fail_if_strict(f"Unknown config option: {key}\n")

-- Docs: https://docs.pytest.org/en/stable/how-to/capture-warnings.html
========================================================================== short test summary info ==========================================================================
FAILED mutants/tests/chiSquareTest.py::test_chiSquare_with_func[originalInput1_12-originalInput1_22] - check 102.12345679012336 >= 127.84705075445832: MR2 failed
FAILED mutants/tests/chiSquareTest.py::test_chiSquare_with_func[originalInput1_13-originalInput1_23] - check 9.869125520523484 >= 12.092915628337494: MR2 failed
FAILED mutants/tests/chiSquareTest.py::test_chiSquare_with_func[originalInput1_14-originalInput1_24] - check 0.140625 <= 0.1336481565771503: MR3_2 failed
FAILED mutants/tests/chiSquareTest.py::test_chiSquare_with_func[originalInput1_15-originalInput1_25] - check 6.062382716049379 >= 7.635850694444439: MR2 failed
FAILED mutants/tests/chiSquareTest.py::test_chiSquare_with_func[originalInput1_16-originalInput1_26] - check 1.1198920118343185 >= 1.9192058367768654: MR2 failed
FAILED mutants/tests/chiSquareTest.py::test_chiSquare_with_func[originalInput1_17-originalInput1_27] - check 6.492188570176148 >= 8.752729664812994: MR2 failed
FAILED mutants/tests/chiSquareTest.py::test_chiSquare_with_func[originalInput1_18-originalInput1_28] - check 3.6720987654320947 >= 5.639203829680017: MR2 failed
FAILED mutants/tests/chiSquareTest.py::test_chiSquare_with_func[originalInput1_19-originalInput1_29] - check 43.95524691358023 >= 50.67334678969646: MR2 failed
8 failed, 2 passed, 1 warning in 0.01s
❌ x_chiSquare__mutmut_38 存在失败 (退出码 1)

================================================================================
RUNNING chiSquare.py :: x_chiSquare__mutmut_39  -  2025-10-16T14:22:50.890129
================================================================================

>>> 当前使用的函数: x_chiSquare__mutmut_39
函数源码如下：
def x_chiSquare__mutmut_39(expected, observed):
    sumExpected = 0
    sumObserved = 0

    for i in range(0, len(observed)):
        sumExpected += expected[i]
        sumObserved += observed[i]

    ratio = 1
    rescale = False

    if abs(sumExpected - sumObserved) > 10E-6:
        ratio = sumObserved / sumExpected
        rescale = True

    sumSq = 0

    for i in range(0, len(observed)):
        if rescale:
            dev = observed[i] - (ratio * expected[i])
            sumSq += (dev / dev) / (ratio * expected[i])
        else:
            dev = observed[i] - expected[i]
            sumSq += dev * dev / expected[i]

    return sumSq

....F...FF
================================================================================= FAILURES ==================================================================================
_______________________________________________________ test_chiSquare_with_func[originalInput1_14-originalInput1_24] _______________________________________________________
mutants/tests/chiSquareTest.py:146: in test_chiSquare_with_func
    originalResult = func(originalInput1_1, originalInput1_2)
mutants/src/chiSquare.py:1067: in x_chiSquare__mutmut_39
    sumSq += (dev / dev) / (ratio * expected[i])
E   ZeroDivisionError: float division by zero
_______________________________________________________ test_chiSquare_with_func[originalInput1_18-originalInput1_28] _______________________________________________________

FAILURE: check 0.4299695519791214 <= 0.15055821371610845: MR16 failed
mutants/tests/chiSquareTest.py:147 in test_chiSquare_with_func() -> applyMR_Assert(originalInput1_1, originalInput1_2, originalResult)
mutants/tests/chiSquareTest.py:125 in applyMR_Assert() -> check.less_equal(originalResult, transformResult16, "MR16 failed")

------------------------------------------------------------
Failed Checks: 1
_______________________________________________________ test_chiSquare_with_func[originalInput1_19-originalInput1_29] _______________________________________________________

FAILURE: check 0.1879120879120879 <= 0.13583333333333333: MR19 failed
mutants/tests/chiSquareTest.py:147 in test_chiSquare_with_func() -> applyMR_Assert(originalInput1_1, originalInput1_2, originalResult)
mutants/tests/chiSquareTest.py:126 in applyMR_Assert() -> check.less_equal(originalResult, transformResult19, "MR19 failed")

------------------------------------------------------------
Failed Checks: 1
============================================================================= warnings summary ==============================================================================
../../anaconda3/envs/mutmut39/lib/python3.9/site-packages/_pytest/config/__init__.py:1474
  /home/rts/anaconda3/envs/mutmut39/lib/python3.9/site-packages/_pytest/config/__init__.py:1474: PytestConfigWarning: Unknown config option: pytest -vv --tb
  
    self._warn_or_fail_if_strict(f"Unknown config option: {key}\n")

-- Docs: https://docs.pytest.org/en/stable/how-to/capture-warnings.html
========================================================================== short test summary info ==========================================================================
FAILED mutants/tests/chiSquareTest.py::test_chiSquare_with_func[originalInput1_14-originalInput1_24] - ZeroDivisionError: float division by zero
FAILED mutants/tests/chiSquareTest.py::test_chiSquare_with_func[originalInput1_18-originalInput1_28] - check 0.4299695519791214 <= 0.15055821371610845: MR16 failed
FAILED mutants/tests/chiSquareTest.py::test_chiSquare_with_func[originalInput1_19-originalInput1_29] - check 0.1879120879120879 <= 0.13583333333333333: MR19 failed
3 failed, 7 passed, 1 warning in 0.02s
❌ x_chiSquare__mutmut_39 存在失败 (退出码 1)

================================================================================
RUNNING chiSquare.py :: x_chiSquare__mutmut_4  -  2025-10-16T14:22:50.956326
================================================================================

>>> 当前使用的函数: x_chiSquare__mutmut_4
函数源码如下：
def x_chiSquare__mutmut_4(expected, observed):
    sumExpected = 0
    sumObserved = 1

    for i in range(0, len(observed)):
        sumExpected += expected[i]
        sumObserved += observed[i]

    ratio = 1
    rescale = False

    if abs(sumExpected - sumObserved) > 10E-6:
        ratio = sumObserved / sumExpected
        rescale = True

    sumSq = 0

    for i in range(0, len(observed)):
        if rescale:
            dev = observed[i] - (ratio * expected[i])
            sumSq += (dev * dev) / (ratio * expected[i])
        else:
            dev = observed[i] - expected[i]
            sumSq += dev * dev / expected[i]

    return sumSq

FF..FFF.F.
================================================================================= FAILURES ==================================================================================
_______________________________________________________ test_chiSquare_with_func[originalInput1_10-originalInput1_20] _______________________________________________________

FAILURE: check 0.15428571428571436 <= 0.1366666666666666: MR3_2 failed
mutants/tests/chiSquareTest.py:147 in test_chiSquare_with_func() -> applyMR_Assert(originalInput1_1, originalInput1_2, originalResult)
mutants/tests/chiSquareTest.py:119 in applyMR_Assert() -> check.less_equal(originalResult, transformResult3_2, "MR3_2 failed")

FAILURE: check 0.15428571428571436 <= 0.10153846153846155: MR8 failed
FAILURE: check 0.15428571428571436 <= 0.14238683127572: MR16 failed
FAILURE: check 0.15428571428571436 <= 0.13333333333333322: MR19 failed
------------------------------------------------------------
Failed Checks: 4
_______________________________________________________ test_chiSquare_with_func[originalInput1_11-originalInput1_21] _______________________________________________________

FAILURE: check 0.20589277389277388 <= 0.20462016615862774: MR3_2 failed
mutants/tests/chiSquareTest.py:147 in test_chiSquare_with_func() -> applyMR_Assert(originalInput1_1, originalInput1_2, originalResult)
mutants/tests/chiSquareTest.py:119 in applyMR_Assert() -> check.less_equal(originalResult, transformResult3_2, "MR3_2 failed")

------------------------------------------------------------
Failed Checks: 1
_______________________________________________________ test_chiSquare_with_func[originalInput1_14-originalInput1_24] _______________________________________________________

FAILURE: check 0.07586206896551709 <= 0.050000000000000176: MR8 failed
mutants/tests/chiSquareTest.py:147 in test_chiSquare_with_func() -> applyMR_Assert(originalInput1_1, originalInput1_2, originalResult)
mutants/tests/chiSquareTest.py:123 in applyMR_Assert() -> check.less_equal(originalResult, transformResult8, "MR8 failed")

FAILURE: check 0.07586206896551709 <= 0.06597222222222215: MR16 failed
FAILURE: check 0.07586206896551709 <= 0.05930232558139532: MR19 failed
------------------------------------------------------------
Failed Checks: 3
_______________________________________________________ test_chiSquare_with_func[originalInput1_15-originalInput1_25] _______________________________________________________

FAILURE: check 0.07500000000000037 <= 0.0743673647469461: MR3_2 failed
mutants/tests/chiSquareTest.py:147 in test_chiSquare_with_func() -> applyMR_Assert(originalInput1_1, originalInput1_2, originalResult)
mutants/tests/chiSquareTest.py:119 in applyMR_Assert() -> check.less_equal(originalResult, transformResult3_2, "MR3_2 failed")

FAILURE: check 0.07500000000000037 <= 0.07164351851851894: MR16 failed
FAILURE: check 0.07500000000000037 <= 0.06910569105691063: MR19 failed
------------------------------------------------------------
Failed Checks: 3
_______________________________________________________ test_chiSquare_with_func[originalInput1_16-originalInput1_26] _______________________________________________________

FAILURE: check 0.11240875912408771 <= 0.1080586080586081: MR3_2 failed
mutants/tests/chiSquareTest.py:147 in test_chiSquare_with_func() -> applyMR_Assert(originalInput1_1, originalInput1_2, originalResult)
mutants/tests/chiSquareTest.py:119 in applyMR_Assert() -> check.less_equal(originalResult, transformResult3_2, "MR3_2 failed")

FAILURE: check 0.11240875912408771 <= 0.10254036087369427: MR16 failed
FAILURE: check 0.11240875912408771 <= 0.09531057178115968: MR19 failed
------------------------------------------------------------
Failed Checks: 3
_______________________________________________________ test_chiSquare_with_func[originalInput1_18-originalInput1_28] _______________________________________________________

FAILURE: check 0.1354275015602245 <= 0.13416400850611365: MR3_2 failed
mutants/tests/chiSquareTest.py:147 in test_chiSquare_with_func() -> applyMR_Assert(originalInput1_1, originalInput1_2, originalResult)
mutants/tests/chiSquareTest.py:119 in applyMR_Assert() -> check.less_equal(originalResult, transformResult3_2, "MR3_2 failed")

------------------------------------------------------------
Failed Checks: 1
============================================================================= warnings summary ==============================================================================
../../anaconda3/envs/mutmut39/lib/python3.9/site-packages/_pytest/config/__init__.py:1474
  /home/rts/anaconda3/envs/mutmut39/lib/python3.9/site-packages/_pytest/config/__init__.py:1474: PytestConfigWarning: Unknown config option: pytest -vv --tb
  
    self._warn_or_fail_if_strict(f"Unknown config option: {key}\n")

-- Docs: https://docs.pytest.org/en/stable/how-to/capture-warnings.html
========================================================================== short test summary info ==========================================================================
FAILED mutants/tests/chiSquareTest.py::test_chiSquare_with_func[originalInput1_10-originalInput1_20] - check 0.15428571428571436 <= 0.1366666666666666: MR3_2 failed
FAILED mutants/tests/chiSquareTest.py::test_chiSquare_with_func[originalInput1_11-originalInput1_21] - check 0.20589277389277388 <= 0.20462016615862774: MR3_2 failed
FAILED mutants/tests/chiSquareTest.py::test_chiSquare_with_func[originalInput1_14-originalInput1_24] - check 0.07586206896551709 <= 0.050000000000000176: MR8 failed
FAILED mutants/tests/chiSquareTest.py::test_chiSquare_with_func[originalInput1_15-originalInput1_25] - check 0.07500000000000037 <= 0.0743673647469461: MR3_2 failed
FAILED mutants/tests/chiSquareTest.py::test_chiSquare_with_func[originalInput1_16-originalInput1_26] - check 0.11240875912408771 <= 0.1080586080586081: MR3_2 failed
FAILED mutants/tests/chiSquareTest.py::test_chiSquare_with_func[originalInput1_18-originalInput1_28] - check 0.1354275015602245 <= 0.13416400850611365: MR3_2 failed
6 failed, 4 passed, 1 warning in 0.01s
❌ x_chiSquare__mutmut_4 存在失败 (退出码 1)

================================================================================
RUNNING chiSquare.py :: x_chiSquare__mutmut_40  -  2025-10-16T14:22:51.011368
================================================================================

>>> 当前使用的函数: x_chiSquare__mutmut_40
函数源码如下：
def x_chiSquare__mutmut_40(expected, observed):
    sumExpected = 0
    sumObserved = 0

    for i in range(0, len(observed)):
        sumExpected += expected[i]
        sumObserved += observed[i]

    ratio = 1
    rescale = False

    if abs(sumExpected - sumObserved) > 10E-6:
        ratio = sumObserved / sumExpected
        rescale = True

    sumSq = 0

    for i in range(0, len(observed)):
        if rescale:
            dev = observed[i] - (ratio * expected[i])
            sumSq += (dev * dev) / (ratio / expected[i])
        else:
            dev = observed[i] - expected[i]
            sumSq += dev * dev / expected[i]

    return sumSq

..FFFFFFFF
================================================================================= FAILURES ==================================================================================
_______________________________________________________ test_chiSquare_with_func[originalInput1_12-originalInput1_22] _______________________________________________________

FAILURE: check 106.81818181818173 >= 132.71698113207563: MR2 failed
mutants/tests/chiSquareTest.py:147 in test_chiSquare_with_func() -> applyMR_Assert(originalInput1_1, originalInput1_2, originalResult)
mutants/tests/chiSquareTest.py:118 in applyMR_Assert() -> check.greater_equal(originalResult, transformResult2, "MR2 failed")

FAILURE: check 106.81818181818173 >= 106.81818181904438: MR13 failed
------------------------------------------------------------
Failed Checks: 2
_______________________________________________________ test_chiSquare_with_func[originalInput1_13-originalInput1_23] _______________________________________________________

FAILURE: check 10.368749999999988 >= 12.562500000000007: MR2 failed
mutants/tests/chiSquareTest.py:147 in test_chiSquare_with_func() -> applyMR_Assert(originalInput1_1, originalInput1_2, originalResult)
mutants/tests/chiSquareTest.py:118 in applyMR_Assert() -> check.greater_equal(originalResult, transformResult2, "MR2 failed")

FAILURE: check 10.368749999999988 <= 10.300522648083613: MR3_2 failed
FAILURE: check 10.368749999999988 >= 10.368750000072573: MR13 failed
------------------------------------------------------------
Failed Checks: 3
_______________________________________________________ test_chiSquare_with_func[originalInput1_14-originalInput1_24] _______________________________________________________

FAILURE: check 0.1111111111111111 <= 0.10742705570291747: MR3_2 failed
mutants/tests/chiSquareTest.py:147 in test_chiSquare_with_func() -> applyMR_Assert(originalInput1_1, originalInput1_2, originalResult)
mutants/tests/chiSquareTest.py:119 in applyMR_Assert() -> check.less_equal(originalResult, transformResult3_2, "MR3_2 failed")

------------------------------------------------------------
Failed Checks: 1
_______________________________________________________ test_chiSquare_with_func[originalInput1_15-originalInput1_25] _______________________________________________________

FAILURE: check 5.995580110497235 >= 7.572614107883812: MR2 failed
mutants/tests/chiSquareTest.py:147 in test_chiSquare_with_func() -> applyMR_Assert(originalInput1_1, originalInput1_2, originalResult)
mutants/tests/chiSquareTest.py:118 in applyMR_Assert() -> check.greater_equal(originalResult, transformResult2, "MR2 failed")

FAILURE: check 5.995580110497235 <= 5.988099389712283: MR3_2 failed
FAILURE: check 5.995580110497235 >= 5.9955801105496676: MR13 failed
FAILURE: check 5.995580110497235 <= 5.962491536899118: MR16 failed
FAILURE: check 5.995580110497235 <= 5.939419087136943: MR19 failed
------------------------------------------------------------
Failed Checks: 5
_______________________________________________________ test_chiSquare_with_func[originalInput1_16-originalInput1_26] _______________________________________________________

FAILURE: check 1.1734251968503928 >= 1.9726382488479324: MR2 failed
mutants/tests/chiSquareTest.py:147 in test_chiSquare_with_func() -> applyMR_Assert(originalInput1_1, originalInput1_2, originalResult)
mutants/tests/chiSquareTest.py:118 in applyMR_Assert() -> check.greater_equal(originalResult, transformResult2, "MR2 failed")

FAILURE: check 1.1734251968503928 >= 1.173425196877468: MR13 failed
------------------------------------------------------------
Failed Checks: 2
_______________________________________________________ test_chiSquare_with_func[originalInput1_17-originalInput1_27] _______________________________________________________

FAILURE: check 6.1315829761175635 >= 8.388073005093364: MR2 failed
mutants/tests/chiSquareTest.py:147 in test_chiSquare_with_func() -> applyMR_Assert(originalInput1_1, originalInput1_2, originalResult)
mutants/tests/chiSquareTest.py:118 in applyMR_Assert() -> check.greater_equal(originalResult, transformResult2, "MR2 failed")

FAILURE: check 6.1315829761175635 >= 6.131582976192881: MR13 failed
------------------------------------------------------------
Failed Checks: 2
_______________________________________________________ test_chiSquare_with_func[originalInput1_18-originalInput1_28] _______________________________________________________

FAILURE: check 3.8409090909090864 >= 5.822580645161288: MR2 failed
mutants/tests/chiSquareTest.py:147 in test_chiSquare_with_func() -> applyMR_Assert(originalInput1_1, originalInput1_2, originalResult)
mutants/tests/chiSquareTest.py:118 in applyMR_Assert() -> check.greater_equal(originalResult, transformResult2, "MR2 failed")

FAILURE: check 3.8409090909090864 >= 3.8409090909748955: MR13 failed
FAILURE: check 3.8409090909090864 <= 0.15055821371610845: MR16 failed
------------------------------------------------------------
Failed Checks: 3
_______________________________________________________ test_chiSquare_with_func[originalInput1_19-originalInput1_29] _______________________________________________________

FAILURE: check 42.99450549450548 >= 49.694174757281736: MR2 failed
mutants/tests/chiSquareTest.py:147 in test_chiSquare_with_func() -> applyMR_Assert(originalInput1_1, originalInput1_2, originalResult)
mutants/tests/chiSquareTest.py:118 in applyMR_Assert() -> check.greater_equal(originalResult, transformResult2, "MR2 failed")

FAILURE: check 42.99450549450548 >= 42.994505494728614: MR13 failed
FAILURE: check 42.99450549450548 <= 0.13583333333333333: MR19 failed
------------------------------------------------------------
Failed Checks: 3
============================================================================= warnings summary ==============================================================================
../../anaconda3/envs/mutmut39/lib/python3.9/site-packages/_pytest/config/__init__.py:1474
  /home/rts/anaconda3/envs/mutmut39/lib/python3.9/site-packages/_pytest/config/__init__.py:1474: PytestConfigWarning: Unknown config option: pytest -vv --tb
  
    self._warn_or_fail_if_strict(f"Unknown config option: {key}\n")

-- Docs: https://docs.pytest.org/en/stable/how-to/capture-warnings.html
========================================================================== short test summary info ==========================================================================
FAILED mutants/tests/chiSquareTest.py::test_chiSquare_with_func[originalInput1_12-originalInput1_22] - check 106.81818181818173 >= 132.71698113207563: MR2 failed
FAILED mutants/tests/chiSquareTest.py::test_chiSquare_with_func[originalInput1_13-originalInput1_23] - check 10.368749999999988 >= 12.562500000000007: MR2 failed
FAILED mutants/tests/chiSquareTest.py::test_chiSquare_with_func[originalInput1_14-originalInput1_24] - check 0.1111111111111111 <= 0.10742705570291747: MR3_2 failed
FAILED mutants/tests/chiSquareTest.py::test_chiSquare_with_func[originalInput1_15-originalInput1_25] - check 5.995580110497235 >= 7.572614107883812: MR2 failed
FAILED mutants/tests/chiSquareTest.py::test_chiSquare_with_func[originalInput1_16-originalInput1_26] - check 1.1734251968503928 >= 1.9726382488479324: MR2 failed
FAILED mutants/tests/chiSquareTest.py::test_chiSquare_with_func[originalInput1_17-originalInput1_27] - check 6.1315829761175635 >= 8.388073005093364: MR2 failed
FAILED mutants/tests/chiSquareTest.py::test_chiSquare_with_func[originalInput1_18-originalInput1_28] - check 3.8409090909090864 >= 5.822580645161288: MR2 failed
FAILED mutants/tests/chiSquareTest.py::test_chiSquare_with_func[originalInput1_19-originalInput1_29] - check 42.99450549450548 >= 49.694174757281736: MR2 failed
8 failed, 2 passed, 1 warning in 0.01s
❌ x_chiSquare__mutmut_40 存在失败 (退出码 1)

================================================================================
RUNNING chiSquare.py :: x_chiSquare__mutmut_41  -  2025-10-16T14:22:51.068161
================================================================================

>>> 当前使用的函数: x_chiSquare__mutmut_41
函数源码如下：
def x_chiSquare__mutmut_41(expected, observed):
    sumExpected = 0
    sumObserved = 0

    for i in range(0, len(observed)):
        sumExpected += expected[i]
        sumObserved += observed[i]

    ratio = 1
    rescale = False

    if abs(sumExpected - sumObserved) > 10E-6:
        ratio = sumObserved / sumExpected
        rescale = True

    sumSq = 0

    for i in range(0, len(observed)):
        if rescale:
            dev = observed[i] - (ratio * expected[i])
            sumSq += (dev * dev) / (ratio * expected[i])
        else:
            dev = None
            sumSq += dev * dev / expected[i]

    return sumSq

FF......FF
================================================================================= FAILURES ==================================================================================
_______________________________________________________ test_chiSquare_with_func[originalInput1_10-originalInput1_20] _______________________________________________________
mutants/tests/chiSquareTest.py:146: in test_chiSquare_with_func
    originalResult = func(originalInput1_1, originalInput1_2)
mutants/src/chiSquare.py:1122: in x_chiSquare__mutmut_41
    sumSq += dev * dev / expected[i]
E   TypeError: unsupported operand type(s) for *: 'NoneType' and 'NoneType'
_______________________________________________________ test_chiSquare_with_func[originalInput1_11-originalInput1_21] _______________________________________________________
mutants/tests/chiSquareTest.py:146: in test_chiSquare_with_func
    originalResult = func(originalInput1_1, originalInput1_2)
mutants/src/chiSquare.py:1122: in x_chiSquare__mutmut_41
    sumSq += dev * dev / expected[i]
E   TypeError: unsupported operand type(s) for *: 'NoneType' and 'NoneType'
_______________________________________________________ test_chiSquare_with_func[originalInput1_18-originalInput1_28] _______________________________________________________
mutants/tests/chiSquareTest.py:147: in test_chiSquare_with_func
    applyMR_Assert(originalInput1_1, originalInput1_2, originalResult)
mutants/tests/chiSquareTest.py:100: in applyMR_Assert
    transformResult16 = func(transformInput16_1, transformInput16_2)
mutants/src/chiSquare.py:1122: in x_chiSquare__mutmut_41
    sumSq += dev * dev / expected[i]
E   TypeError: unsupported operand type(s) for *: 'NoneType' and 'NoneType'
_______________________________________________________ test_chiSquare_with_func[originalInput1_19-originalInput1_29] _______________________________________________________
mutants/tests/chiSquareTest.py:147: in test_chiSquare_with_func
    applyMR_Assert(originalInput1_1, originalInput1_2, originalResult)
mutants/tests/chiSquareTest.py:105: in applyMR_Assert
    transformResult19 = func(transformInput19_1, transformInput19_2)
mutants/src/chiSquare.py:1122: in x_chiSquare__mutmut_41
    sumSq += dev * dev / expected[i]
E   TypeError: unsupported operand type(s) for *: 'NoneType' and 'NoneType'
============================================================================= warnings summary ==============================================================================
../../anaconda3/envs/mutmut39/lib/python3.9/site-packages/_pytest/config/__init__.py:1474
  /home/rts/anaconda3/envs/mutmut39/lib/python3.9/site-packages/_pytest/config/__init__.py:1474: PytestConfigWarning: Unknown config option: pytest -vv --tb
  
    self._warn_or_fail_if_strict(f"Unknown config option: {key}\n")

-- Docs: https://docs.pytest.org/en/stable/how-to/capture-warnings.html
========================================================================== short test summary info ==========================================================================
FAILED mutants/tests/chiSquareTest.py::test_chiSquare_with_func[originalInput1_10-originalInput1_20] - TypeError: unsupported operand type(s) for *: 'NoneType' and 'NoneType'
FAILED mutants/tests/chiSquareTest.py::test_chiSquare_with_func[originalInput1_11-originalInput1_21] - TypeError: unsupported operand type(s) for *: 'NoneType' and 'NoneType'
FAILED mutants/tests/chiSquareTest.py::test_chiSquare_with_func[originalInput1_18-originalInput1_28] - TypeError: unsupported operand type(s) for *: 'NoneType' and 'NoneType'
FAILED mutants/tests/chiSquareTest.py::test_chiSquare_with_func[originalInput1_19-originalInput1_29] - TypeError: unsupported operand type(s) for *: 'NoneType' and 'NoneType'
4 failed, 6 passed, 1 warning in 0.06s
❌ x_chiSquare__mutmut_41 存在失败 (退出码 1)

================================================================================
RUNNING chiSquare.py :: x_chiSquare__mutmut_42  -  2025-10-16T14:22:51.170040
================================================================================

>>> 当前使用的函数: x_chiSquare__mutmut_42
函数源码如下：
def x_chiSquare__mutmut_42(expected, observed):
    sumExpected = 0
    sumObserved = 0

    for i in range(0, len(observed)):
        sumExpected += expected[i]
        sumObserved += observed[i]

    ratio = 1
    rescale = False

    if abs(sumExpected - sumObserved) > 10E-6:
        ratio = sumObserved / sumExpected
        rescale = True

    sumSq = 0

    for i in range(0, len(observed)):
        if rescale:
            dev = observed[i] - (ratio * expected[i])
            sumSq += (dev * dev) / (ratio * expected[i])
        else:
            dev = observed[i] + expected[i]
            sumSq += dev * dev / expected[i]

    return sumSq

FF........
================================================================================= FAILURES ==================================================================================
_______________________________________________________ test_chiSquare_with_func[originalInput1_10-originalInput1_20] _______________________________________________________

FAILURE: check 24.013333333333335 >= 60.00416666666668: MR2 failed
mutants/tests/chiSquareTest.py:147 in test_chiSquare_with_func() -> applyMR_Assert(originalInput1_1, originalInput1_2, originalResult)
mutants/tests/chiSquareTest.py:118 in applyMR_Assert() -> check.greater_equal(originalResult, transformResult2, "MR2 failed")

FAILURE: check 24.013333333333335 >= 24.013333334532224: MR13 failed
FAILURE: check 24.013333333333335 <= 0.021596244131455437: MR16 failed
FAILURE: check 24.013333333333335 <= 0.027642276422764275: MR19 failed
------------------------------------------------------------
Failed Checks: 4
_______________________________________________________ test_chiSquare_with_func[originalInput1_11-originalInput1_21] _______________________________________________________

FAILURE: check 96.17280497280498 >= 144.11287041132243: MR2 failed
mutants/tests/chiSquareTest.py:147 in test_chiSquare_with_func() -> applyMR_Assert(originalInput1_1, originalInput1_2, originalResult)
mutants/tests/chiSquareTest.py:118 in applyMR_Assert() -> check.greater_equal(originalResult, transformResult2, "MR2 failed")

FAILURE: check 96.17280497280498 >= 96.17280497440188: MR13 failed
FAILURE: check 96.17280497280498 <= 0.22350982350982349: MR16 failed
FAILURE: check 96.17280497280498 <= 0.2615384615384614: MR19 failed
------------------------------------------------------------
Failed Checks: 4
============================================================================= warnings summary ==============================================================================
../../anaconda3/envs/mutmut39/lib/python3.9/site-packages/_pytest/config/__init__.py:1474
  /home/rts/anaconda3/envs/mutmut39/lib/python3.9/site-packages/_pytest/config/__init__.py:1474: PytestConfigWarning: Unknown config option: pytest -vv --tb
  
    self._warn_or_fail_if_strict(f"Unknown config option: {key}\n")

-- Docs: https://docs.pytest.org/en/stable/how-to/capture-warnings.html
========================================================================== short test summary info ==========================================================================
FAILED mutants/tests/chiSquareTest.py::test_chiSquare_with_func[originalInput1_10-originalInput1_20] - check 24.013333333333335 >= 60.00416666666668: MR2 failed
FAILED mutants/tests/chiSquareTest.py::test_chiSquare_with_func[originalInput1_11-originalInput1_21] - check 96.17280497280498 >= 144.11287041132243: MR2 failed
2 failed, 8 passed, 1 warning in 0.01s
❌ x_chiSquare__mutmut_42 存在失败 (退出码 1)

================================================================================
RUNNING chiSquare.py :: x_chiSquare__mutmut_43  -  2025-10-16T14:22:51.223422
================================================================================

>>> 当前使用的函数: x_chiSquare__mutmut_43
函数源码如下：
def x_chiSquare__mutmut_43(expected, observed):
    sumExpected = 0
    sumObserved = 0

    for i in range(0, len(observed)):
        sumExpected += expected[i]
        sumObserved += observed[i]

    ratio = 1
    rescale = False

    if abs(sumExpected - sumObserved) > 10E-6:
        ratio = sumObserved / sumExpected
        rescale = True

    sumSq = 0

    for i in range(0, len(observed)):
        if rescale:
            dev = observed[i] - (ratio * expected[i])
            sumSq += (dev * dev) / (ratio * expected[i])
        else:
            dev = observed[i] - expected[i]
            sumSq = dev * dev / expected[i]

    return sumSq

FF......FF
================================================================================= FAILURES ==================================================================================
_______________________________________________________ test_chiSquare_with_func[originalInput1_10-originalInput1_20] _______________________________________________________

FAILURE: check 0.003333333333333339 <= 0.0: MR3_2 failed
mutants/tests/chiSquareTest.py:147 in test_chiSquare_with_func() -> applyMR_Assert(originalInput1_1, originalInput1_2, originalResult)
mutants/tests/chiSquareTest.py:119 in applyMR_Assert() -> check.less_equal(originalResult, transformResult3_2, "MR3_2 failed")

FAILURE: check bool(False): MR6 failed
------------------------------------------------------------
Failed Checks: 2
_______________________________________________________ test_chiSquare_with_func[originalInput1_11-originalInput1_21] _______________________________________________________

FAILURE: check 0.03333333333333333 <= 0.0: MR3_2 failed
mutants/tests/chiSquareTest.py:147 in test_chiSquare_with_func() -> applyMR_Assert(originalInput1_1, originalInput1_2, originalResult)
mutants/tests/chiSquareTest.py:119 in applyMR_Assert() -> check.less_equal(originalResult, transformResult3_2, "MR3_2 failed")

FAILURE: check bool(False): MR6 failed
------------------------------------------------------------
Failed Checks: 2
_______________________________________________________ test_chiSquare_with_func[originalInput1_18-originalInput1_28] _______________________________________________________

FAILURE: check 0.096128751631144 <= 0.045454545454545456: MR16 failed
mutants/tests/chiSquareTest.py:147 in test_chiSquare_with_func() -> applyMR_Assert(originalInput1_1, originalInput1_2, originalResult)
mutants/tests/chiSquareTest.py:125 in applyMR_Assert() -> check.less_equal(originalResult, transformResult16, "MR16 failed")

------------------------------------------------------------
Failed Checks: 1
_______________________________________________________ test_chiSquare_with_func[originalInput1_19-originalInput1_29] _______________________________________________________

FAILURE: check 0.09038461538461529 <= 0.016666666666666666: MR19 failed
mutants/tests/chiSquareTest.py:147 in test_chiSquare_with_func() -> applyMR_Assert(originalInput1_1, originalInput1_2, originalResult)
mutants/tests/chiSquareTest.py:126 in applyMR_Assert() -> check.less_equal(originalResult, transformResult19, "MR19 failed")

------------------------------------------------------------
Failed Checks: 1
============================================================================= warnings summary ==============================================================================
../../anaconda3/envs/mutmut39/lib/python3.9/site-packages/_pytest/config/__init__.py:1474
  /home/rts/anaconda3/envs/mutmut39/lib/python3.9/site-packages/_pytest/config/__init__.py:1474: PytestConfigWarning: Unknown config option: pytest -vv --tb
  
    self._warn_or_fail_if_strict(f"Unknown config option: {key}\n")

-- Docs: https://docs.pytest.org/en/stable/how-to/capture-warnings.html
========================================================================== short test summary info ==========================================================================
FAILED mutants/tests/chiSquareTest.py::test_chiSquare_with_func[originalInput1_10-originalInput1_20] - check 0.003333333333333339 <= 0.0: MR3_2 failed
FAILED mutants/tests/chiSquareTest.py::test_chiSquare_with_func[originalInput1_11-originalInput1_21] - check 0.03333333333333333 <= 0.0: MR3_2 failed
FAILED mutants/tests/chiSquareTest.py::test_chiSquare_with_func[originalInput1_18-originalInput1_28] - check 0.096128751631144 <= 0.045454545454545456: MR16 failed
FAILED mutants/tests/chiSquareTest.py::test_chiSquare_with_func[originalInput1_19-originalInput1_29] - check 0.09038461538461529 <= 0.016666666666666666: MR19 failed
4 failed, 6 passed, 1 warning in 0.01s
❌ x_chiSquare__mutmut_43 存在失败 (退出码 1)

================================================================================
RUNNING chiSquare.py :: x_chiSquare__mutmut_44  -  2025-10-16T14:22:51.277003
================================================================================

>>> 当前使用的函数: x_chiSquare__mutmut_44
函数源码如下：
def x_chiSquare__mutmut_44(expected, observed):
    sumExpected = 0
    sumObserved = 0

    for i in range(0, len(observed)):
        sumExpected += expected[i]
        sumObserved += observed[i]

    ratio = 1
    rescale = False

    if abs(sumExpected - sumObserved) > 10E-6:
        ratio = sumObserved / sumExpected
        rescale = True

    sumSq = 0

    for i in range(0, len(observed)):
        if rescale:
            dev = observed[i] - (ratio * expected[i])
            sumSq += (dev * dev) / (ratio * expected[i])
        else:
            dev = observed[i] - expected[i]
            sumSq -= dev * dev / expected[i]

    return sumSq

FF......FF
================================================================================= FAILURES ==================================================================================
_______________________________________________________ test_chiSquare_with_func[originalInput1_10-originalInput1_20] _______________________________________________________

FAILURE: check -0.013333333333333357 >= -0.004166666666666637: MR2 failed
mutants/tests/chiSquareTest.py:147 in test_chiSquare_with_func() -> applyMR_Assert(originalInput1_1, originalInput1_2, originalResult)
mutants/tests/chiSquareTest.py:118 in applyMR_Assert() -> check.greater_equal(originalResult, transformResult2, "MR2 failed")

FAILURE: check -0.013333333333333357 <= -0.026666666666666713: MR8 failed
FAILURE: check -0.013333333333333357 >= -0.013333333332222246: MR13 failed
------------------------------------------------------------
Failed Checks: 3
_______________________________________________________ test_chiSquare_with_func[originalInput1_11-originalInput1_21] _______________________________________________________

FAILURE: check -0.1728049728049728 >= -0.1128704113224237: MR2 failed
mutants/tests/chiSquareTest.py:147 in test_chiSquare_with_func() -> applyMR_Assert(originalInput1_1, originalInput1_2, originalResult)
mutants/tests/chiSquareTest.py:118 in applyMR_Assert() -> check.greater_equal(originalResult, transformResult2, "MR2 failed")

FAILURE: check -0.1728049728049728 <= -0.3456099456099456: MR8 failed
FAILURE: check -0.1728049728049728 >= -0.17280497280187562: MR13 failed
------------------------------------------------------------
Failed Checks: 3
_______________________________________________________ test_chiSquare_with_func[originalInput1_18-originalInput1_28] _______________________________________________________

FAILURE: check 0.096128751631144 <= -0.15055821371610845: MR16 failed
mutants/tests/chiSquareTest.py:147 in test_chiSquare_with_func() -> applyMR_Assert(originalInput1_1, originalInput1_2, originalResult)
mutants/tests/chiSquareTest.py:125 in applyMR_Assert() -> check.less_equal(originalResult, transformResult16, "MR16 failed")

------------------------------------------------------------
Failed Checks: 1
_______________________________________________________ test_chiSquare_with_func[originalInput1_19-originalInput1_29] _______________________________________________________

FAILURE: check 0.09038461538461529 <= -0.13583333333333333: MR19 failed
mutants/tests/chiSquareTest.py:147 in test_chiSquare_with_func() -> applyMR_Assert(originalInput1_1, originalInput1_2, originalResult)
mutants/tests/chiSquareTest.py:126 in applyMR_Assert() -> check.less_equal(originalResult, transformResult19, "MR19 failed")

------------------------------------------------------------
Failed Checks: 1
============================================================================= warnings summary ==============================================================================
../../anaconda3/envs/mutmut39/lib/python3.9/site-packages/_pytest/config/__init__.py:1474
  /home/rts/anaconda3/envs/mutmut39/lib/python3.9/site-packages/_pytest/config/__init__.py:1474: PytestConfigWarning: Unknown config option: pytest -vv --tb
  
    self._warn_or_fail_if_strict(f"Unknown config option: {key}\n")

-- Docs: https://docs.pytest.org/en/stable/how-to/capture-warnings.html
========================================================================== short test summary info ==========================================================================
FAILED mutants/tests/chiSquareTest.py::test_chiSquare_with_func[originalInput1_10-originalInput1_20] - check -0.013333333333333357 >= -0.004166666666666637: MR2 failed
FAILED mutants/tests/chiSquareTest.py::test_chiSquare_with_func[originalInput1_11-originalInput1_21] - check -0.1728049728049728 >= -0.1128704113224237: MR2 failed
FAILED mutants/tests/chiSquareTest.py::test_chiSquare_with_func[originalInput1_18-originalInput1_28] - check 0.096128751631144 <= -0.15055821371610845: MR16 failed
FAILED mutants/tests/chiSquareTest.py::test_chiSquare_with_func[originalInput1_19-originalInput1_29] - check 0.09038461538461529 <= -0.13583333333333333: MR19 failed
4 failed, 6 passed, 1 warning in 0.01s
❌ x_chiSquare__mutmut_44 存在失败 (退出码 1)

================================================================================
RUNNING chiSquare.py :: x_chiSquare__mutmut_45  -  2025-10-16T14:22:51.329781
================================================================================

>>> 当前使用的函数: x_chiSquare__mutmut_45
函数源码如下：
def x_chiSquare__mutmut_45(expected, observed):
    sumExpected = 0
    sumObserved = 0

    for i in range(0, len(observed)):
        sumExpected += expected[i]
        sumObserved += observed[i]

    ratio = 1
    rescale = False

    if abs(sumExpected - sumObserved) > 10E-6:
        ratio = sumObserved / sumExpected
        rescale = True

    sumSq = 0

    for i in range(0, len(observed)):
        if rescale:
            dev = observed[i] - (ratio * expected[i])
            sumSq += (dev * dev) / (ratio * expected[i])
        else:
            dev = observed[i] - expected[i]
            sumSq += dev * dev * expected[i]

    return sumSq

FF........
================================================================================= FAILURES ==================================================================================
_______________________________________________________ test_chiSquare_with_func[originalInput1_10-originalInput1_20] _______________________________________________________

FAILURE: check 0.04000000000000007 >= 0.09999999999999928: MR2 failed
mutants/tests/chiSquareTest.py:147 in test_chiSquare_with_func() -> applyMR_Assert(originalInput1_1, originalInput1_2, originalResult)
mutants/tests/chiSquareTest.py:118 in applyMR_Assert() -> check.greater_equal(originalResult, transformResult2, "MR2 failed")

FAILURE: check 0.04000000000000007 >= 0.040000000002000075: MR13 failed
FAILURE: check 0.04000000000000007 <= 0.021596244131455437: MR16 failed
FAILURE: check 0.04000000000000007 <= 0.027642276422764275: MR19 failed
------------------------------------------------------------
Failed Checks: 4
_______________________________________________________ test_chiSquare_with_func[originalInput1_11-originalInput1_21] _______________________________________________________

FAILURE: check 6.0 >= 9.0: MR2 failed
mutants/tests/chiSquareTest.py:147 in test_chiSquare_with_func() -> applyMR_Assert(originalInput1_1, originalInput1_2, originalResult)
mutants/tests/chiSquareTest.py:118 in applyMR_Assert() -> check.greater_equal(originalResult, transformResult2, "MR2 failed")

FAILURE: check 6.0 >= 6.0000000001: MR13 failed
FAILURE: check 6.0 <= 0.22350982350982349: MR16 failed
FAILURE: check 6.0 <= 0.2615384615384614: MR19 failed
------------------------------------------------------------
Failed Checks: 4
============================================================================= warnings summary ==============================================================================
../../anaconda3/envs/mutmut39/lib/python3.9/site-packages/_pytest/config/__init__.py:1474
  /home/rts/anaconda3/envs/mutmut39/lib/python3.9/site-packages/_pytest/config/__init__.py:1474: PytestConfigWarning: Unknown config option: pytest -vv --tb
  
    self._warn_or_fail_if_strict(f"Unknown config option: {key}\n")

-- Docs: https://docs.pytest.org/en/stable/how-to/capture-warnings.html
========================================================================== short test summary info ==========================================================================
FAILED mutants/tests/chiSquareTest.py::test_chiSquare_with_func[originalInput1_10-originalInput1_20] - check 0.04000000000000007 >= 0.09999999999999928: MR2 failed
FAILED mutants/tests/chiSquareTest.py::test_chiSquare_with_func[originalInput1_11-originalInput1_21] - check 6.0 >= 9.0: MR2 failed
2 failed, 8 passed, 1 warning in 0.01s
❌ x_chiSquare__mutmut_45 存在失败 (退出码 1)

================================================================================
RUNNING chiSquare.py :: x_chiSquare__mutmut_46  -  2025-10-16T14:22:51.383307
================================================================================

>>> 当前使用的函数: x_chiSquare__mutmut_46
函数源码如下：
def x_chiSquare__mutmut_46(expected, observed):
    sumExpected = 0
    sumObserved = 0

    for i in range(0, len(observed)):
        sumExpected += expected[i]
        sumObserved += observed[i]

    ratio = 1
    rescale = False

    if abs(sumExpected - sumObserved) > 10E-6:
        ratio = sumObserved / sumExpected
        rescale = True

    sumSq = 0

    for i in range(0, len(observed)):
        if rescale:
            dev = observed[i] - (ratio * expected[i])
            sumSq += (dev * dev) / (ratio * expected[i])
        else:
            dev = observed[i] - expected[i]
            sumSq += dev / dev / expected[i]

    return sumSq

FF........
================================================================================= FAILURES ==================================================================================
_______________________________________________________ test_chiSquare_with_func[originalInput1_10-originalInput1_20] _______________________________________________________
mutants/tests/chiSquareTest.py:146: in test_chiSquare_with_func
    originalResult = func(originalInput1_1, originalInput1_2)
mutants/src/chiSquare.py:1252: in x_chiSquare__mutmut_46
    sumSq += dev / dev / expected[i]
E   ZeroDivisionError: float division by zero
_______________________________________________________ test_chiSquare_with_func[originalInput1_11-originalInput1_21] _______________________________________________________
mutants/tests/chiSquareTest.py:147: in test_chiSquare_with_func
    applyMR_Assert(originalInput1_1, originalInput1_2, originalResult)
mutants/tests/chiSquareTest.py:30: in applyMR_Assert
    transformResult3_2 = func(transformInput3_3, transformInput3_4)
mutants/src/chiSquare.py:1252: in x_chiSquare__mutmut_46
    sumSq += dev / dev / expected[i]
E   ZeroDivisionError: float division by zero
============================================================================= warnings summary ==============================================================================
../../anaconda3/envs/mutmut39/lib/python3.9/site-packages/_pytest/config/__init__.py:1474
  /home/rts/anaconda3/envs/mutmut39/lib/python3.9/site-packages/_pytest/config/__init__.py:1474: PytestConfigWarning: Unknown config option: pytest -vv --tb
  
    self._warn_or_fail_if_strict(f"Unknown config option: {key}\n")

-- Docs: https://docs.pytest.org/en/stable/how-to/capture-warnings.html
========================================================================== short test summary info ==========================================================================
FAILED mutants/tests/chiSquareTest.py::test_chiSquare_with_func[originalInput1_10-originalInput1_20] - ZeroDivisionError: float division by zero
FAILED mutants/tests/chiSquareTest.py::test_chiSquare_with_func[originalInput1_11-originalInput1_21] - ZeroDivisionError: float division by zero
2 failed, 8 passed, 1 warning in 0.03s
❌ x_chiSquare__mutmut_46 存在失败 (退出码 1)

================================================================================
RUNNING chiSquare.py :: x_chiSquare__mutmut_5  -  2025-10-16T14:22:51.459772
================================================================================

>>> 当前使用的函数: x_chiSquare__mutmut_5
函数源码如下：
def x_chiSquare__mutmut_5(expected, observed):
    sumExpected = 0
    sumObserved = 0

    for i in range(None, len(observed)):
        sumExpected += expected[i]
        sumObserved += observed[i]

    ratio = 1
    rescale = False

    if abs(sumExpected - sumObserved) > 10E-6:
        ratio = sumObserved / sumExpected
        rescale = True

    sumSq = 0

    for i in range(0, len(observed)):
        if rescale:
            dev = observed[i] - (ratio * expected[i])
            sumSq += (dev * dev) / (ratio * expected[i])
        else:
            dev = observed[i] - expected[i]
            sumSq += dev * dev / expected[i]

    return sumSq

FFFFFFFFFF
================================================================================= FAILURES ==================================================================================
_______________________________________________________ test_chiSquare_with_func[originalInput1_10-originalInput1_20] _______________________________________________________
mutants/tests/chiSquareTest.py:146: in test_chiSquare_with_func
    originalResult = func(originalInput1_1, originalInput1_2)
mutants/src/chiSquare.py:167: in x_chiSquare__mutmut_5
    for i in range(None, len(observed)):
E   TypeError: 'NoneType' object cannot be interpreted as an integer
_______________________________________________________ test_chiSquare_with_func[originalInput1_11-originalInput1_21] _______________________________________________________
mutants/tests/chiSquareTest.py:146: in test_chiSquare_with_func
    originalResult = func(originalInput1_1, originalInput1_2)
mutants/src/chiSquare.py:167: in x_chiSquare__mutmut_5
    for i in range(None, len(observed)):
E   TypeError: 'NoneType' object cannot be interpreted as an integer
_______________________________________________________ test_chiSquare_with_func[originalInput1_12-originalInput1_22] _______________________________________________________
mutants/tests/chiSquareTest.py:146: in test_chiSquare_with_func
    originalResult = func(originalInput1_1, originalInput1_2)
mutants/src/chiSquare.py:167: in x_chiSquare__mutmut_5
    for i in range(None, len(observed)):
E   TypeError: 'NoneType' object cannot be interpreted as an integer
_______________________________________________________ test_chiSquare_with_func[originalInput1_13-originalInput1_23] _______________________________________________________
mutants/tests/chiSquareTest.py:146: in test_chiSquare_with_func
    originalResult = func(originalInput1_1, originalInput1_2)
mutants/src/chiSquare.py:167: in x_chiSquare__mutmut_5
    for i in range(None, len(observed)):
E   TypeError: 'NoneType' object cannot be interpreted as an integer
_______________________________________________________ test_chiSquare_with_func[originalInput1_14-originalInput1_24] _______________________________________________________
mutants/tests/chiSquareTest.py:146: in test_chiSquare_with_func
    originalResult = func(originalInput1_1, originalInput1_2)
mutants/src/chiSquare.py:167: in x_chiSquare__mutmut_5
    for i in range(None, len(observed)):
E   TypeError: 'NoneType' object cannot be interpreted as an integer
_______________________________________________________ test_chiSquare_with_func[originalInput1_15-originalInput1_25] _______________________________________________________
mutants/tests/chiSquareTest.py:146: in test_chiSquare_with_func
    originalResult = func(originalInput1_1, originalInput1_2)
mutants/src/chiSquare.py:167: in x_chiSquare__mutmut_5
    for i in range(None, len(observed)):
E   TypeError: 'NoneType' object cannot be interpreted as an integer
_______________________________________________________ test_chiSquare_with_func[originalInput1_16-originalInput1_26] _______________________________________________________
mutants/tests/chiSquareTest.py:146: in test_chiSquare_with_func
    originalResult = func(originalInput1_1, originalInput1_2)
mutants/src/chiSquare.py:167: in x_chiSquare__mutmut_5
    for i in range(None, len(observed)):
E   TypeError: 'NoneType' object cannot be interpreted as an integer
_______________________________________________________ test_chiSquare_with_func[originalInput1_17-originalInput1_27] _______________________________________________________
mutants/tests/chiSquareTest.py:146: in test_chiSquare_with_func
    originalResult = func(originalInput1_1, originalInput1_2)
mutants/src/chiSquare.py:167: in x_chiSquare__mutmut_5
    for i in range(None, len(observed)):
E   TypeError: 'NoneType' object cannot be interpreted as an integer
_______________________________________________________ test_chiSquare_with_func[originalInput1_18-originalInput1_28] _______________________________________________________
mutants/tests/chiSquareTest.py:146: in test_chiSquare_with_func
    originalResult = func(originalInput1_1, originalInput1_2)
mutants/src/chiSquare.py:167: in x_chiSquare__mutmut_5
    for i in range(None, len(observed)):
E   TypeError: 'NoneType' object cannot be interpreted as an integer
_______________________________________________________ test_chiSquare_with_func[originalInput1_19-originalInput1_29] _______________________________________________________
mutants/tests/chiSquareTest.py:146: in test_chiSquare_with_func
    originalResult = func(originalInput1_1, originalInput1_2)
mutants/src/chiSquare.py:167: in x_chiSquare__mutmut_5
    for i in range(None, len(observed)):
E   TypeError: 'NoneType' object cannot be interpreted as an integer
============================================================================= warnings summary ==============================================================================
../../anaconda3/envs/mutmut39/lib/python3.9/site-packages/_pytest/config/__init__.py:1474
  /home/rts/anaconda3/envs/mutmut39/lib/python3.9/site-packages/_pytest/config/__init__.py:1474: PytestConfigWarning: Unknown config option: pytest -vv --tb
  
    self._warn_or_fail_if_strict(f"Unknown config option: {key}\n")

-- Docs: https://docs.pytest.org/en/stable/how-to/capture-warnings.html
========================================================================== short test summary info ==========================================================================
FAILED mutants/tests/chiSquareTest.py::test_chiSquare_with_func[originalInput1_10-originalInput1_20] - TypeError: 'NoneType' object cannot be interpreted as an integer
FAILED mutants/tests/chiSquareTest.py::test_chiSquare_with_func[originalInput1_11-originalInput1_21] - TypeError: 'NoneType' object cannot be interpreted as an integer
FAILED mutants/tests/chiSquareTest.py::test_chiSquare_with_func[originalInput1_12-originalInput1_22] - TypeError: 'NoneType' object cannot be interpreted as an integer
FAILED mutants/tests/chiSquareTest.py::test_chiSquare_with_func[originalInput1_13-originalInput1_23] - TypeError: 'NoneType' object cannot be interpreted as an integer
FAILED mutants/tests/chiSquareTest.py::test_chiSquare_with_func[originalInput1_14-originalInput1_24] - TypeError: 'NoneType' object cannot be interpreted as an integer
FAILED mutants/tests/chiSquareTest.py::test_chiSquare_with_func[originalInput1_15-originalInput1_25] - TypeError: 'NoneType' object cannot be interpreted as an integer
FAILED mutants/tests/chiSquareTest.py::test_chiSquare_with_func[originalInput1_16-originalInput1_26] - TypeError: 'NoneType' object cannot be interpreted as an integer
FAILED mutants/tests/chiSquareTest.py::test_chiSquare_with_func[originalInput1_17-originalInput1_27] - TypeError: 'NoneType' object cannot be interpreted as an integer
FAILED mutants/tests/chiSquareTest.py::test_chiSquare_with_func[originalInput1_18-originalInput1_28] - TypeError: 'NoneType' object cannot be interpreted as an integer
FAILED mutants/tests/chiSquareTest.py::test_chiSquare_with_func[originalInput1_19-originalInput1_29] - TypeError: 'NoneType' object cannot be interpreted as an integer
10 failed, 1 warning in 0.13s
❌ x_chiSquare__mutmut_5 存在失败 (退出码 1)

================================================================================
RUNNING chiSquare.py :: x_chiSquare__mutmut_6  -  2025-10-16T14:22:51.634671
================================================================================

>>> 当前使用的函数: x_chiSquare__mutmut_6
函数源码如下：
def x_chiSquare__mutmut_6(expected, observed):
    sumExpected = 0
    sumObserved = 0

    for i in range(0, None):
        sumExpected += expected[i]
        sumObserved += observed[i]

    ratio = 1
    rescale = False

    if abs(sumExpected - sumObserved) > 10E-6:
        ratio = sumObserved / sumExpected
        rescale = True

    sumSq = 0

    for i in range(0, len(observed)):
        if rescale:
            dev = observed[i] - (ratio * expected[i])
            sumSq += (dev * dev) / (ratio * expected[i])
        else:
            dev = observed[i] - expected[i]
            sumSq += dev * dev / expected[i]

    return sumSq

FFFFFFFFFF
================================================================================= FAILURES ==================================================================================
_______________________________________________________ test_chiSquare_with_func[originalInput1_10-originalInput1_20] _______________________________________________________
mutants/tests/chiSquareTest.py:146: in test_chiSquare_with_func
    originalResult = func(originalInput1_1, originalInput1_2)
mutants/src/chiSquare.py:193: in x_chiSquare__mutmut_6
    for i in range(0, None):
E   TypeError: 'NoneType' object cannot be interpreted as an integer
_______________________________________________________ test_chiSquare_with_func[originalInput1_11-originalInput1_21] _______________________________________________________
mutants/tests/chiSquareTest.py:146: in test_chiSquare_with_func
    originalResult = func(originalInput1_1, originalInput1_2)
mutants/src/chiSquare.py:193: in x_chiSquare__mutmut_6
    for i in range(0, None):
E   TypeError: 'NoneType' object cannot be interpreted as an integer
_______________________________________________________ test_chiSquare_with_func[originalInput1_12-originalInput1_22] _______________________________________________________
mutants/tests/chiSquareTest.py:146: in test_chiSquare_with_func
    originalResult = func(originalInput1_1, originalInput1_2)
mutants/src/chiSquare.py:193: in x_chiSquare__mutmut_6
    for i in range(0, None):
E   TypeError: 'NoneType' object cannot be interpreted as an integer
_______________________________________________________ test_chiSquare_with_func[originalInput1_13-originalInput1_23] _______________________________________________________
mutants/tests/chiSquareTest.py:146: in test_chiSquare_with_func
    originalResult = func(originalInput1_1, originalInput1_2)
mutants/src/chiSquare.py:193: in x_chiSquare__mutmut_6
    for i in range(0, None):
E   TypeError: 'NoneType' object cannot be interpreted as an integer
_______________________________________________________ test_chiSquare_with_func[originalInput1_14-originalInput1_24] _______________________________________________________
mutants/tests/chiSquareTest.py:146: in test_chiSquare_with_func
    originalResult = func(originalInput1_1, originalInput1_2)
mutants/src/chiSquare.py:193: in x_chiSquare__mutmut_6
    for i in range(0, None):
E   TypeError: 'NoneType' object cannot be interpreted as an integer
_______________________________________________________ test_chiSquare_with_func[originalInput1_15-originalInput1_25] _______________________________________________________
mutants/tests/chiSquareTest.py:146: in test_chiSquare_with_func
    originalResult = func(originalInput1_1, originalInput1_2)
mutants/src/chiSquare.py:193: in x_chiSquare__mutmut_6
    for i in range(0, None):
E   TypeError: 'NoneType' object cannot be interpreted as an integer
_______________________________________________________ test_chiSquare_with_func[originalInput1_16-originalInput1_26] _______________________________________________________
mutants/tests/chiSquareTest.py:146: in test_chiSquare_with_func
    originalResult = func(originalInput1_1, originalInput1_2)
mutants/src/chiSquare.py:193: in x_chiSquare__mutmut_6
    for i in range(0, None):
E   TypeError: 'NoneType' object cannot be interpreted as an integer
_______________________________________________________ test_chiSquare_with_func[originalInput1_17-originalInput1_27] _______________________________________________________
mutants/tests/chiSquareTest.py:146: in test_chiSquare_with_func
    originalResult = func(originalInput1_1, originalInput1_2)
mutants/src/chiSquare.py:193: in x_chiSquare__mutmut_6
    for i in range(0, None):
E   TypeError: 'NoneType' object cannot be interpreted as an integer
_______________________________________________________ test_chiSquare_with_func[originalInput1_18-originalInput1_28] _______________________________________________________
mutants/tests/chiSquareTest.py:146: in test_chiSquare_with_func
    originalResult = func(originalInput1_1, originalInput1_2)
mutants/src/chiSquare.py:193: in x_chiSquare__mutmut_6
    for i in range(0, None):
E   TypeError: 'NoneType' object cannot be interpreted as an integer
_______________________________________________________ test_chiSquare_with_func[originalInput1_19-originalInput1_29] _______________________________________________________
mutants/tests/chiSquareTest.py:146: in test_chiSquare_with_func
    originalResult = func(originalInput1_1, originalInput1_2)
mutants/src/chiSquare.py:193: in x_chiSquare__mutmut_6
    for i in range(0, None):
E   TypeError: 'NoneType' object cannot be interpreted as an integer
============================================================================= warnings summary ==============================================================================
../../anaconda3/envs/mutmut39/lib/python3.9/site-packages/_pytest/config/__init__.py:1474
  /home/rts/anaconda3/envs/mutmut39/lib/python3.9/site-packages/_pytest/config/__init__.py:1474: PytestConfigWarning: Unknown config option: pytest -vv --tb
  
    self._warn_or_fail_if_strict(f"Unknown config option: {key}\n")

-- Docs: https://docs.pytest.org/en/stable/how-to/capture-warnings.html
========================================================================== short test summary info ==========================================================================
FAILED mutants/tests/chiSquareTest.py::test_chiSquare_with_func[originalInput1_10-originalInput1_20] - TypeError: 'NoneType' object cannot be interpreted as an integer
FAILED mutants/tests/chiSquareTest.py::test_chiSquare_with_func[originalInput1_11-originalInput1_21] - TypeError: 'NoneType' object cannot be interpreted as an integer
FAILED mutants/tests/chiSquareTest.py::test_chiSquare_with_func[originalInput1_12-originalInput1_22] - TypeError: 'NoneType' object cannot be interpreted as an integer
FAILED mutants/tests/chiSquareTest.py::test_chiSquare_with_func[originalInput1_13-originalInput1_23] - TypeError: 'NoneType' object cannot be interpreted as an integer
FAILED mutants/tests/chiSquareTest.py::test_chiSquare_with_func[originalInput1_14-originalInput1_24] - TypeError: 'NoneType' object cannot be interpreted as an integer
FAILED mutants/tests/chiSquareTest.py::test_chiSquare_with_func[originalInput1_15-originalInput1_25] - TypeError: 'NoneType' object cannot be interpreted as an integer
FAILED mutants/tests/chiSquareTest.py::test_chiSquare_with_func[originalInput1_16-originalInput1_26] - TypeError: 'NoneType' object cannot be interpreted as an integer
FAILED mutants/tests/chiSquareTest.py::test_chiSquare_with_func[originalInput1_17-originalInput1_27] - TypeError: 'NoneType' object cannot be interpreted as an integer
FAILED mutants/tests/chiSquareTest.py::test_chiSquare_with_func[originalInput1_18-originalInput1_28] - TypeError: 'NoneType' object cannot be interpreted as an integer
FAILED mutants/tests/chiSquareTest.py::test_chiSquare_with_func[originalInput1_19-originalInput1_29] - TypeError: 'NoneType' object cannot be interpreted as an integer
10 failed, 1 warning in 0.13s
❌ x_chiSquare__mutmut_6 存在失败 (退出码 1)

================================================================================
RUNNING chiSquare.py :: x_chiSquare__mutmut_7  -  2025-10-16T14:22:51.810500
================================================================================

>>> 当前使用的函数: x_chiSquare__mutmut_7
函数源码如下：
def x_chiSquare__mutmut_7(expected, observed):
    sumExpected = 0
    sumObserved = 0

    for i in range(len(observed)):
        sumExpected += expected[i]
        sumObserved += observed[i]

    ratio = 1
    rescale = False

    if abs(sumExpected - sumObserved) > 10E-6:
        ratio = sumObserved / sumExpected
        rescale = True

    sumSq = 0

    for i in range(0, len(observed)):
        if rescale:
            dev = observed[i] - (ratio * expected[i])
            sumSq += (dev * dev) / (ratio * expected[i])
        else:
            dev = observed[i] - expected[i]
            sumSq += dev * dev / expected[i]

    return sumSq

..........
============================================================================= warnings summary ==============================================================================
../../anaconda3/envs/mutmut39/lib/python3.9/site-packages/_pytest/config/__init__.py:1474
  /home/rts/anaconda3/envs/mutmut39/lib/python3.9/site-packages/_pytest/config/__init__.py:1474: PytestConfigWarning: Unknown config option: pytest -vv --tb
  
    self._warn_or_fail_if_strict(f"Unknown config option: {key}\n")

-- Docs: https://docs.pytest.org/en/stable/how-to/capture-warnings.html
10 passed, 1 warning in 0.01s
✅ x_chiSquare__mutmut_7 所有测试通过

================================================================================
RUNNING chiSquare.py :: x_chiSquare__mutmut_8  -  2025-10-16T14:22:51.862923
================================================================================

>>> 当前使用的函数: x_chiSquare__mutmut_8
函数源码如下：
def x_chiSquare__mutmut_8(expected, observed):
    sumExpected = 0
    sumObserved = 0

    for i in range(0, ):
        sumExpected += expected[i]
        sumObserved += observed[i]

    ratio = 1
    rescale = False

    if abs(sumExpected - sumObserved) > 10E-6:
        ratio = sumObserved / sumExpected
        rescale = True

    sumSq = 0

    for i in range(0, len(observed)):
        if rescale:
            dev = observed[i] - (ratio * expected[i])
            sumSq += (dev * dev) / (ratio * expected[i])
        else:
            dev = observed[i] - expected[i]
            sumSq += dev * dev / expected[i]

    return sumSq

..........
============================================================================= warnings summary ==============================================================================
../../anaconda3/envs/mutmut39/lib/python3.9/site-packages/_pytest/config/__init__.py:1474
  /home/rts/anaconda3/envs/mutmut39/lib/python3.9/site-packages/_pytest/config/__init__.py:1474: PytestConfigWarning: Unknown config option: pytest -vv --tb
  
    self._warn_or_fail_if_strict(f"Unknown config option: {key}\n")

-- Docs: https://docs.pytest.org/en/stable/how-to/capture-warnings.html
10 passed, 1 warning in 0.01s
✅ x_chiSquare__mutmut_8 所有测试通过

================================================================================
RUNNING chiSquare.py :: x_chiSquare__mutmut_9  -  2025-10-16T14:22:51.913324
================================================================================

>>> 当前使用的函数: x_chiSquare__mutmut_9
函数源码如下：
def x_chiSquare__mutmut_9(expected, observed):
    sumExpected = 0
    sumObserved = 0

    for i in range(1, len(observed)):
        sumExpected += expected[i]
        sumObserved += observed[i]

    ratio = 1
    rescale = False

    if abs(sumExpected - sumObserved) > 10E-6:
        ratio = sumObserved / sumExpected
        rescale = True

    sumSq = 0

    for i in range(0, len(observed)):
        if rescale:
            dev = observed[i] - (ratio * expected[i])
            sumSq += (dev * dev) / (ratio * expected[i])
        else:
            dev = observed[i] - expected[i]
            sumSq += dev * dev / expected[i]

    return sumSq

FFFFFFFFFF
================================================================================= FAILURES ==================================================================================
_______________________________________________________ test_chiSquare_with_func[originalInput1_10-originalInput1_20] _______________________________________________________

FAILURE: check 0.016054421768707486 <= 0.015536723163841817: MR3_2 failed
mutants/tests/chiSquareTest.py:147 in test_chiSquare_with_func() -> applyMR_Assert(originalInput1_1, originalInput1_2, originalResult)
mutants/tests/chiSquareTest.py:119 in applyMR_Assert() -> check.less_equal(originalResult, transformResult3_2, "MR3_2 failed")

FAILURE: check bool(False): MR6 failed
------------------------------------------------------------
Failed Checks: 2
_______________________________________________________ test_chiSquare_with_func[originalInput1_11-originalInput1_21] _______________________________________________________

FAILURE: check 0.18386946386946376 <= 0.1832085710134491: MR3_2 failed
mutants/tests/chiSquareTest.py:147 in test_chiSquare_with_func() -> applyMR_Assert(originalInput1_1, originalInput1_2, originalResult)
mutants/tests/chiSquareTest.py:119 in applyMR_Assert() -> check.less_equal(originalResult, transformResult3_2, "MR3_2 failed")

FAILURE: check bool(False): MR6 failed
------------------------------------------------------------
Failed Checks: 2
_______________________________________________________ test_chiSquare_with_func[originalInput1_12-originalInput1_22] _______________________________________________________

FAILURE: check 0.90327380952381 <= 0.8939393939393941: MR3_2 failed
mutants/tests/chiSquareTest.py:147 in test_chiSquare_with_func() -> applyMR_Assert(originalInput1_1, originalInput1_2, originalResult)
mutants/tests/chiSquareTest.py:119 in applyMR_Assert() -> check.less_equal(originalResult, transformResult3_2, "MR3_2 failed")

FAILURE: check bool(False): MR6 failed
------------------------------------------------------------
Failed Checks: 2
_______________________________________________________ test_chiSquare_with_func[originalInput1_13-originalInput1_23] _______________________________________________________

FAILURE: check bool(False): MR6 failed
mutants/tests/chiSquareTest.py:147 in test_chiSquare_with_func() -> applyMR_Assert(originalInput1_1, originalInput1_2, originalResult)
mutants/tests/chiSquareTest.py:120 in applyMR_Assert() -> check.is_true(abs(originalResult - transformResult6) <= delta, "MR6 failed")

------------------------------------------------------------
Failed Checks: 1
_______________________________________________________ test_chiSquare_with_func[originalInput1_14-originalInput1_24] _______________________________________________________

FAILURE: check bool(False): MR6 failed
mutants/tests/chiSquareTest.py:147 in test_chiSquare_with_func() -> applyMR_Assert(originalInput1_1, originalInput1_2, originalResult)
mutants/tests/chiSquareTest.py:120 in applyMR_Assert() -> check.is_true(abs(originalResult - transformResult6) <= delta, "MR6 failed")

------------------------------------------------------------
Failed Checks: 1
_______________________________________________________ test_chiSquare_with_func[originalInput1_15-originalInput1_25] _______________________________________________________

FAILURE: check bool(False): MR6 failed
mutants/tests/chiSquareTest.py:147 in test_chiSquare_with_func() -> applyMR_Assert(originalInput1_1, originalInput1_2, originalResult)
mutants/tests/chiSquareTest.py:120 in applyMR_Assert() -> check.is_true(abs(originalResult - transformResult6) <= delta, "MR6 failed")

------------------------------------------------------------
Failed Checks: 1
_______________________________________________________ test_chiSquare_with_func[originalInput1_16-originalInput1_26] _______________________________________________________

FAILURE: check bool(False): MR6 failed
mutants/tests/chiSquareTest.py:147 in test_chiSquare_with_func() -> applyMR_Assert(originalInput1_1, originalInput1_2, originalResult)
mutants/tests/chiSquareTest.py:120 in applyMR_Assert() -> check.is_true(abs(originalResult - transformResult6) <= delta, "MR6 failed")

------------------------------------------------------------
Failed Checks: 1
_______________________________________________________ test_chiSquare_with_func[originalInput1_17-originalInput1_27] _______________________________________________________

FAILURE: check bool(False): MR6 failed
mutants/tests/chiSquareTest.py:147 in test_chiSquare_with_func() -> applyMR_Assert(originalInput1_1, originalInput1_2, originalResult)
mutants/tests/chiSquareTest.py:120 in applyMR_Assert() -> check.is_true(abs(originalResult - transformResult6) <= delta, "MR6 failed")

------------------------------------------------------------
Failed Checks: 1
_______________________________________________________ test_chiSquare_with_func[originalInput1_18-originalInput1_28] _______________________________________________________

FAILURE: check 0.13189323576320472 <= 0.1292600931919817: MR3_2 failed
mutants/tests/chiSquareTest.py:147 in test_chiSquare_with_func() -> applyMR_Assert(originalInput1_1, originalInput1_2, originalResult)
mutants/tests/chiSquareTest.py:119 in applyMR_Assert() -> check.less_equal(originalResult, transformResult3_2, "MR3_2 failed")

FAILURE: check bool(False): MR6 failed
------------------------------------------------------------
Failed Checks: 2
_______________________________________________________ test_chiSquare_with_func[originalInput1_19-originalInput1_29] _______________________________________________________

FAILURE: check bool(False): MR6 failed
mutants/tests/chiSquareTest.py:147 in test_chiSquare_with_func() -> applyMR_Assert(originalInput1_1, originalInput1_2, originalResult)
mutants/tests/chiSquareTest.py:120 in applyMR_Assert() -> check.is_true(abs(originalResult - transformResult6) <= delta, "MR6 failed")

------------------------------------------------------------
Failed Checks: 1
============================================================================= warnings summary ==============================================================================
../../anaconda3/envs/mutmut39/lib/python3.9/site-packages/_pytest/config/__init__.py:1474
  /home/rts/anaconda3/envs/mutmut39/lib/python3.9/site-packages/_pytest/config/__init__.py:1474: PytestConfigWarning: Unknown config option: pytest -vv --tb
  
    self._warn_or_fail_if_strict(f"Unknown config option: {key}\n")

-- Docs: https://docs.pytest.org/en/stable/how-to/capture-warnings.html
========================================================================== short test summary info ==========================================================================
FAILED mutants/tests/chiSquareTest.py::test_chiSquare_with_func[originalInput1_10-originalInput1_20] - check 0.016054421768707486 <= 0.015536723163841817: MR3_2 failed
FAILED mutants/tests/chiSquareTest.py::test_chiSquare_with_func[originalInput1_11-originalInput1_21] - check 0.18386946386946376 <= 0.1832085710134491: MR3_2 failed
FAILED mutants/tests/chiSquareTest.py::test_chiSquare_with_func[originalInput1_12-originalInput1_22] - check 0.90327380952381 <= 0.8939393939393941: MR3_2 failed
FAILED mutants/tests/chiSquareTest.py::test_chiSquare_with_func[originalInput1_13-originalInput1_23] - check bool(False): MR6 failed
FAILED mutants/tests/chiSquareTest.py::test_chiSquare_with_func[originalInput1_14-originalInput1_24] - check bool(False): MR6 failed
FAILED mutants/tests/chiSquareTest.py::test_chiSquare_with_func[originalInput1_15-originalInput1_25] - check bool(False): MR6 failed
FAILED mutants/tests/chiSquareTest.py::test_chiSquare_with_func[originalInput1_16-originalInput1_26] - check bool(False): MR6 failed
FAILED mutants/tests/chiSquareTest.py::test_chiSquare_with_func[originalInput1_17-originalInput1_27] - check bool(False): MR6 failed
FAILED mutants/tests/chiSquareTest.py::test_chiSquare_with_func[originalInput1_18-originalInput1_28] - check 0.13189323576320472 <= 0.1292600931919817: MR3_2 failed
FAILED mutants/tests/chiSquareTest.py::test_chiSquare_with_func[originalInput1_19-originalInput1_29] - check bool(False): MR6 failed
10 failed, 1 warning in 0.01s
❌ x_chiSquare__mutmut_9 存在失败 (退出码 1)

================================================================================
RUNNING chiSquare.py :: x_chiSquare__mutmut_orig  -  2025-10-16T14:22:51.971569
================================================================================

>>> 当前使用的函数: x_chiSquare__mutmut_orig
函数源码如下：
def x_chiSquare__mutmut_orig(expected, observed):
    sumExpected = 0
    sumObserved = 0

    for i in range(0, len(observed)):
        sumExpected += expected[i]
        sumObserved += observed[i]

    ratio = 1
    rescale = False

    if abs(sumExpected - sumObserved) > 10E-6:
        ratio = sumObserved / sumExpected
        rescale = True

    sumSq = 0

    for i in range(0, len(observed)):
        if rescale:
            dev = observed[i] - (ratio * expected[i])
            sumSq += (dev * dev) / (ratio * expected[i])
        else:
            dev = observed[i] - expected[i]
            sumSq += dev * dev / expected[i]

    return sumSq

..........
============================================================================= warnings summary ==============================================================================
../../anaconda3/envs/mutmut39/lib/python3.9/site-packages/_pytest/config/__init__.py:1474
  /home/rts/anaconda3/envs/mutmut39/lib/python3.9/site-packages/_pytest/config/__init__.py:1474: PytestConfigWarning: Unknown config option: pytest -vv --tb
  
    self._warn_or_fail_if_strict(f"Unknown config option: {key}\n")

-- Docs: https://docs.pytest.org/en/stable/how-to/capture-warnings.html
10 passed, 1 warning in 0.01s
✅ x_chiSquare__mutmut_orig 所有测试通过
