
=== Running tests for single mutant file: covariance.py ===

================================================================================
RUNNING covariance.py :: x_covariance__mutmut_1  -  2025-10-16T10:10:40.841687
================================================================================

>>> 当前使用的函数: x_covariance__mutmut_1
函数源码如下：
def x_covariance__mutmut_1(elements1, elements2):
    size = None
    sumx = elements1[0]
    sumy = elements2[0]
    sxy = 0

    for i in range(0, size):
        x = elements1[i]
        y = elements2[i]

        sumx += x
        sxy += (x - sumx / (i + 1)) * (y - sumy / i)
        sumy += y

    return sxy / (size - 1)

FFFFFFFFFF
========================================================== FAILURES ==========================================================
_______________________________ test_covariance_with_func[originalInput1_10-originalInput1_20] _______________________________
mutants/tests/covarianceTest.py:156: in test_covariance_with_func
    originalResult = func(originalInput1_1, originalInput1_2)
mutants/src/covariance.py:54: in x_covariance__mutmut_1
    for i in range(0, size):
E   TypeError: 'NoneType' object cannot be interpreted as an integer
_______________________________ test_covariance_with_func[originalInput1_11-originalInput1_21] _______________________________
mutants/tests/covarianceTest.py:156: in test_covariance_with_func
    originalResult = func(originalInput1_1, originalInput1_2)
mutants/src/covariance.py:54: in x_covariance__mutmut_1
    for i in range(0, size):
E   TypeError: 'NoneType' object cannot be interpreted as an integer
_______________________________ test_covariance_with_func[originalInput1_12-originalInput1_22] _______________________________
mutants/tests/covarianceTest.py:156: in test_covariance_with_func
    originalResult = func(originalInput1_1, originalInput1_2)
mutants/src/covariance.py:54: in x_covariance__mutmut_1
    for i in range(0, size):
E   TypeError: 'NoneType' object cannot be interpreted as an integer
_______________________________ test_covariance_with_func[originalInput1_13-originalInput1_23] _______________________________
mutants/tests/covarianceTest.py:156: in test_covariance_with_func
    originalResult = func(originalInput1_1, originalInput1_2)
mutants/src/covariance.py:54: in x_covariance__mutmut_1
    for i in range(0, size):
E   TypeError: 'NoneType' object cannot be interpreted as an integer
_______________________________ test_covariance_with_func[originalInput1_14-originalInput1_24] _______________________________
mutants/tests/covarianceTest.py:156: in test_covariance_with_func
    originalResult = func(originalInput1_1, originalInput1_2)
mutants/src/covariance.py:54: in x_covariance__mutmut_1
    for i in range(0, size):
E   TypeError: 'NoneType' object cannot be interpreted as an integer
_______________________________ test_covariance_with_func[originalInput1_15-originalInput1_25] _______________________________
mutants/tests/covarianceTest.py:156: in test_covariance_with_func
    originalResult = func(originalInput1_1, originalInput1_2)
mutants/src/covariance.py:54: in x_covariance__mutmut_1
    for i in range(0, size):
E   TypeError: 'NoneType' object cannot be interpreted as an integer
_______________________________ test_covariance_with_func[originalInput1_16-originalInput1_26] _______________________________
mutants/tests/covarianceTest.py:156: in test_covariance_with_func
    originalResult = func(originalInput1_1, originalInput1_2)
mutants/src/covariance.py:54: in x_covariance__mutmut_1
    for i in range(0, size):
E   TypeError: 'NoneType' object cannot be interpreted as an integer
_______________________________ test_covariance_with_func[originalInput1_17-originalInput1_27] _______________________________
mutants/tests/covarianceTest.py:156: in test_covariance_with_func
    originalResult = func(originalInput1_1, originalInput1_2)
mutants/src/covariance.py:54: in x_covariance__mutmut_1
    for i in range(0, size):
E   TypeError: 'NoneType' object cannot be interpreted as an integer
_______________________________ test_covariance_with_func[originalInput1_18-originalInput1_28] _______________________________
mutants/tests/covarianceTest.py:156: in test_covariance_with_func
    originalResult = func(originalInput1_1, originalInput1_2)
mutants/src/covariance.py:54: in x_covariance__mutmut_1
    for i in range(0, size):
E   TypeError: 'NoneType' object cannot be interpreted as an integer
_______________________________ test_covariance_with_func[originalInput1_19-originalInput1_29] _______________________________
mutants/tests/covarianceTest.py:156: in test_covariance_with_func
    originalResult = func(originalInput1_1, originalInput1_2)
mutants/src/covariance.py:54: in x_covariance__mutmut_1
    for i in range(0, size):
E   TypeError: 'NoneType' object cannot be interpreted as an integer
====================================================== warnings summary ======================================================
../../anaconda3/envs/mutmut39/lib/python3.9/site-packages/_pytest/config/__init__.py:1474
  /home/rts/anaconda3/envs/mutmut39/lib/python3.9/site-packages/_pytest/config/__init__.py:1474: PytestConfigWarning: Unknown config option: pytest -vv --tb
  
    self._warn_or_fail_if_strict(f"Unknown config option: {key}\n")

-- Docs: https://docs.pytest.org/en/stable/how-to/capture-warnings.html
================================================== short test summary info ===================================================
FAILED mutants/tests/covarianceTest.py::test_covariance_with_func[originalInput1_10-originalInput1_20] - TypeError: 'NoneType' object cannot be interpreted as an integer
FAILED mutants/tests/covarianceTest.py::test_covariance_with_func[originalInput1_11-originalInput1_21] - TypeError: 'NoneType' object cannot be interpreted as an integer
FAILED mutants/tests/covarianceTest.py::test_covariance_with_func[originalInput1_12-originalInput1_22] - TypeError: 'NoneType' object cannot be interpreted as an integer
FAILED mutants/tests/covarianceTest.py::test_covariance_with_func[originalInput1_13-originalInput1_23] - TypeError: 'NoneType' object cannot be interpreted as an integer
FAILED mutants/tests/covarianceTest.py::test_covariance_with_func[originalInput1_14-originalInput1_24] - TypeError: 'NoneType' object cannot be interpreted as an integer
FAILED mutants/tests/covarianceTest.py::test_covariance_with_func[originalInput1_15-originalInput1_25] - TypeError: 'NoneType' object cannot be interpreted as an integer
FAILED mutants/tests/covarianceTest.py::test_covariance_with_func[originalInput1_16-originalInput1_26] - TypeError: 'NoneType' object cannot be interpreted as an integer
FAILED mutants/tests/covarianceTest.py::test_covariance_with_func[originalInput1_17-originalInput1_27] - TypeError: 'NoneType' object cannot be interpreted as an integer
FAILED mutants/tests/covarianceTest.py::test_covariance_with_func[originalInput1_18-originalInput1_28] - TypeError: 'NoneType' object cannot be interpreted as an integer
FAILED mutants/tests/covarianceTest.py::test_covariance_with_func[originalInput1_19-originalInput1_29] - TypeError: 'NoneType' object cannot be interpreted as an integer
10 failed, 1 warning in 0.10s
❌ x_covariance__mutmut_1 存在失败 (退出码 1)

================================================================================
RUNNING covariance.py :: x_covariance__mutmut_10  -  2025-10-16T10:10:41.018461
================================================================================

>>> 当前使用的函数: x_covariance__mutmut_10
函数源码如下：
def x_covariance__mutmut_10(elements1, elements2):
    size = len(elements1)
    sumx = elements1[0]
    sumy = elements2[0]
    sxy = 0

    for i in range(size):
        x = elements1[i]
        y = elements2[i]

        sumx += x
        sxy += (x - sumx / (i + 1)) * (y - sumy / i)
        sumy += y

    return sxy / (size - 1)

FFFFFFFFFF
========================================================== FAILURES ==========================================================
_______________________________ test_covariance_with_func[originalInput1_10-originalInput1_20] _______________________________
mutants/tests/covarianceTest.py:156: in test_covariance_with_func
    originalResult = func(originalInput1_1, originalInput1_2)
mutants/src/covariance.py:194: in x_covariance__mutmut_10
    sxy += (x - sumx / (i + 1)) * (y - sumy / i)
E   ZeroDivisionError: float division by zero
_______________________________ test_covariance_with_func[originalInput1_11-originalInput1_21] _______________________________
mutants/tests/covarianceTest.py:156: in test_covariance_with_func
    originalResult = func(originalInput1_1, originalInput1_2)
mutants/src/covariance.py:194: in x_covariance__mutmut_10
    sxy += (x - sumx / (i + 1)) * (y - sumy / i)
E   ZeroDivisionError: float division by zero
_______________________________ test_covariance_with_func[originalInput1_12-originalInput1_22] _______________________________
mutants/tests/covarianceTest.py:156: in test_covariance_with_func
    originalResult = func(originalInput1_1, originalInput1_2)
mutants/src/covariance.py:194: in x_covariance__mutmut_10
    sxy += (x - sumx / (i + 1)) * (y - sumy / i)
E   ZeroDivisionError: float division by zero
_______________________________ test_covariance_with_func[originalInput1_13-originalInput1_23] _______________________________
mutants/tests/covarianceTest.py:156: in test_covariance_with_func
    originalResult = func(originalInput1_1, originalInput1_2)
mutants/src/covariance.py:194: in x_covariance__mutmut_10
    sxy += (x - sumx / (i + 1)) * (y - sumy / i)
E   ZeroDivisionError: float division by zero
_______________________________ test_covariance_with_func[originalInput1_14-originalInput1_24] _______________________________
mutants/tests/covarianceTest.py:156: in test_covariance_with_func
    originalResult = func(originalInput1_1, originalInput1_2)
mutants/src/covariance.py:194: in x_covariance__mutmut_10
    sxy += (x - sumx / (i + 1)) * (y - sumy / i)
E   ZeroDivisionError: float division by zero
_______________________________ test_covariance_with_func[originalInput1_15-originalInput1_25] _______________________________
mutants/tests/covarianceTest.py:156: in test_covariance_with_func
    originalResult = func(originalInput1_1, originalInput1_2)
mutants/src/covariance.py:194: in x_covariance__mutmut_10
    sxy += (x - sumx / (i + 1)) * (y - sumy / i)
E   ZeroDivisionError: float division by zero
_______________________________ test_covariance_with_func[originalInput1_16-originalInput1_26] _______________________________
mutants/tests/covarianceTest.py:156: in test_covariance_with_func
    originalResult = func(originalInput1_1, originalInput1_2)
mutants/src/covariance.py:194: in x_covariance__mutmut_10
    sxy += (x - sumx / (i + 1)) * (y - sumy / i)
E   ZeroDivisionError: float division by zero
_______________________________ test_covariance_with_func[originalInput1_17-originalInput1_27] _______________________________
mutants/tests/covarianceTest.py:156: in test_covariance_with_func
    originalResult = func(originalInput1_1, originalInput1_2)
mutants/src/covariance.py:194: in x_covariance__mutmut_10
    sxy += (x - sumx / (i + 1)) * (y - sumy / i)
E   ZeroDivisionError: float division by zero
_______________________________ test_covariance_with_func[originalInput1_18-originalInput1_28] _______________________________
mutants/tests/covarianceTest.py:156: in test_covariance_with_func
    originalResult = func(originalInput1_1, originalInput1_2)
mutants/src/covariance.py:194: in x_covariance__mutmut_10
    sxy += (x - sumx / (i + 1)) * (y - sumy / i)
E   ZeroDivisionError: float division by zero
_______________________________ test_covariance_with_func[originalInput1_19-originalInput1_29] _______________________________
mutants/tests/covarianceTest.py:156: in test_covariance_with_func
    originalResult = func(originalInput1_1, originalInput1_2)
mutants/src/covariance.py:194: in x_covariance__mutmut_10
    sxy += (x - sumx / (i + 1)) * (y - sumy / i)
E   ZeroDivisionError: float division by zero
====================================================== warnings summary ======================================================
../../anaconda3/envs/mutmut39/lib/python3.9/site-packages/_pytest/config/__init__.py:1474
  /home/rts/anaconda3/envs/mutmut39/lib/python3.9/site-packages/_pytest/config/__init__.py:1474: PytestConfigWarning: Unknown config option: pytest -vv --tb
  
    self._warn_or_fail_if_strict(f"Unknown config option: {key}\n")

-- Docs: https://docs.pytest.org/en/stable/how-to/capture-warnings.html
================================================== short test summary info ===================================================
FAILED mutants/tests/covarianceTest.py::test_covariance_with_func[originalInput1_10-originalInput1_20] - ZeroDivisionError: float division by zero
FAILED mutants/tests/covarianceTest.py::test_covariance_with_func[originalInput1_11-originalInput1_21] - ZeroDivisionError: float division by zero
FAILED mutants/tests/covarianceTest.py::test_covariance_with_func[originalInput1_12-originalInput1_22] - ZeroDivisionError: float division by zero
FAILED mutants/tests/covarianceTest.py::test_covariance_with_func[originalInput1_13-originalInput1_23] - ZeroDivisionError: float division by zero
FAILED mutants/tests/covarianceTest.py::test_covariance_with_func[originalInput1_14-originalInput1_24] - ZeroDivisionError: float division by zero
FAILED mutants/tests/covarianceTest.py::test_covariance_with_func[originalInput1_15-originalInput1_25] - ZeroDivisionError: float division by zero
FAILED mutants/tests/covarianceTest.py::test_covariance_with_func[originalInput1_16-originalInput1_26] - ZeroDivisionError: float division by zero
FAILED mutants/tests/covarianceTest.py::test_covariance_with_func[originalInput1_17-originalInput1_27] - ZeroDivisionError: float division by zero
FAILED mutants/tests/covarianceTest.py::test_covariance_with_func[originalInput1_18-originalInput1_28] - ZeroDivisionError: float division by zero
FAILED mutants/tests/covarianceTest.py::test_covariance_with_func[originalInput1_19-originalInput1_29] - ZeroDivisionError: float division by zero
10 failed, 1 warning in 0.07s
❌ x_covariance__mutmut_10 存在失败 (退出码 1)

================================================================================
RUNNING covariance.py :: x_covariance__mutmut_11  -  2025-10-16T10:10:41.130137
================================================================================

>>> 当前使用的函数: x_covariance__mutmut_11
函数源码如下：
def x_covariance__mutmut_11(elements1, elements2):
    size = len(elements1)
    sumx = elements1[0]
    sumy = elements2[0]
    sxy = 0

    for i in range(0, ):
        x = elements1[i]
        y = elements2[i]

        sumx += x
        sxy += (x - sumx / (i + 1)) * (y - sumy / i)
        sumy += y

    return sxy / (size - 1)

FFFFFFFFFF
========================================================== FAILURES ==========================================================
_______________________________ test_covariance_with_func[originalInput1_10-originalInput1_20] _______________________________
mutants/tests/covarianceTest.py:157: in test_covariance_with_func
    applyMR_Assert(originalInput1_1, originalInput1_2, originalResult)
mutants/tests/covarianceTest.py:124: in applyMR_Assert
    check.equal(originalResult, transformResult6, delta=delta, msg="MR6 failed")
E   TypeError: equal() got an unexpected keyword argument 'delta'
_______________________________ test_covariance_with_func[originalInput1_11-originalInput1_21] _______________________________
mutants/tests/covarianceTest.py:157: in test_covariance_with_func
    applyMR_Assert(originalInput1_1, originalInput1_2, originalResult)
mutants/tests/covarianceTest.py:124: in applyMR_Assert
    check.equal(originalResult, transformResult6, delta=delta, msg="MR6 failed")
E   TypeError: equal() got an unexpected keyword argument 'delta'
_______________________________ test_covariance_with_func[originalInput1_12-originalInput1_22] _______________________________
mutants/tests/covarianceTest.py:157: in test_covariance_with_func
    applyMR_Assert(originalInput1_1, originalInput1_2, originalResult)
mutants/tests/covarianceTest.py:124: in applyMR_Assert
    check.equal(originalResult, transformResult6, delta=delta, msg="MR6 failed")
E   TypeError: equal() got an unexpected keyword argument 'delta'
_______________________________ test_covariance_with_func[originalInput1_13-originalInput1_23] _______________________________
mutants/tests/covarianceTest.py:157: in test_covariance_with_func
    applyMR_Assert(originalInput1_1, originalInput1_2, originalResult)
mutants/tests/covarianceTest.py:124: in applyMR_Assert
    check.equal(originalResult, transformResult6, delta=delta, msg="MR6 failed")
E   TypeError: equal() got an unexpected keyword argument 'delta'
_______________________________ test_covariance_with_func[originalInput1_14-originalInput1_24] _______________________________
mutants/tests/covarianceTest.py:157: in test_covariance_with_func
    applyMR_Assert(originalInput1_1, originalInput1_2, originalResult)
mutants/tests/covarianceTest.py:124: in applyMR_Assert
    check.equal(originalResult, transformResult6, delta=delta, msg="MR6 failed")
E   TypeError: equal() got an unexpected keyword argument 'delta'
_______________________________ test_covariance_with_func[originalInput1_15-originalInput1_25] _______________________________
mutants/tests/covarianceTest.py:157: in test_covariance_with_func
    applyMR_Assert(originalInput1_1, originalInput1_2, originalResult)
mutants/tests/covarianceTest.py:124: in applyMR_Assert
    check.equal(originalResult, transformResult6, delta=delta, msg="MR6 failed")
E   TypeError: equal() got an unexpected keyword argument 'delta'
_______________________________ test_covariance_with_func[originalInput1_16-originalInput1_26] _______________________________
mutants/tests/covarianceTest.py:157: in test_covariance_with_func
    applyMR_Assert(originalInput1_1, originalInput1_2, originalResult)
mutants/tests/covarianceTest.py:124: in applyMR_Assert
    check.equal(originalResult, transformResult6, delta=delta, msg="MR6 failed")
E   TypeError: equal() got an unexpected keyword argument 'delta'
_______________________________ test_covariance_with_func[originalInput1_17-originalInput1_27] _______________________________
mutants/tests/covarianceTest.py:157: in test_covariance_with_func
    applyMR_Assert(originalInput1_1, originalInput1_2, originalResult)
mutants/tests/covarianceTest.py:124: in applyMR_Assert
    check.equal(originalResult, transformResult6, delta=delta, msg="MR6 failed")
E   TypeError: equal() got an unexpected keyword argument 'delta'
_______________________________ test_covariance_with_func[originalInput1_18-originalInput1_28] _______________________________
mutants/tests/covarianceTest.py:157: in test_covariance_with_func
    applyMR_Assert(originalInput1_1, originalInput1_2, originalResult)
mutants/tests/covarianceTest.py:124: in applyMR_Assert
    check.equal(originalResult, transformResult6, delta=delta, msg="MR6 failed")
E   TypeError: equal() got an unexpected keyword argument 'delta'
_______________________________ test_covariance_with_func[originalInput1_19-originalInput1_29] _______________________________
mutants/tests/covarianceTest.py:157: in test_covariance_with_func
    applyMR_Assert(originalInput1_1, originalInput1_2, originalResult)
mutants/tests/covarianceTest.py:124: in applyMR_Assert
    check.equal(originalResult, transformResult6, delta=delta, msg="MR6 failed")
E   TypeError: equal() got an unexpected keyword argument 'delta'
====================================================== warnings summary ======================================================
../../anaconda3/envs/mutmut39/lib/python3.9/site-packages/_pytest/config/__init__.py:1474
  /home/rts/anaconda3/envs/mutmut39/lib/python3.9/site-packages/_pytest/config/__init__.py:1474: PytestConfigWarning: Unknown config option: pytest -vv --tb
  
    self._warn_or_fail_if_strict(f"Unknown config option: {key}\n")

-- Docs: https://docs.pytest.org/en/stable/how-to/capture-warnings.html
================================================== short test summary info ===================================================
FAILED mutants/tests/covarianceTest.py::test_covariance_with_func[originalInput1_10-originalInput1_20] - TypeError: equal() got an unexpected keyword argument 'delta'
FAILED mutants/tests/covarianceTest.py::test_covariance_with_func[originalInput1_11-originalInput1_21] - TypeError: equal() got an unexpected keyword argument 'delta'
FAILED mutants/tests/covarianceTest.py::test_covariance_with_func[originalInput1_12-originalInput1_22] - TypeError: equal() got an unexpected keyword argument 'delta'
FAILED mutants/tests/covarianceTest.py::test_covariance_with_func[originalInput1_13-originalInput1_23] - TypeError: equal() got an unexpected keyword argument 'delta'
FAILED mutants/tests/covarianceTest.py::test_covariance_with_func[originalInput1_14-originalInput1_24] - TypeError: equal() got an unexpected keyword argument 'delta'
FAILED mutants/tests/covarianceTest.py::test_covariance_with_func[originalInput1_15-originalInput1_25] - TypeError: equal() got an unexpected keyword argument 'delta'
FAILED mutants/tests/covarianceTest.py::test_covariance_with_func[originalInput1_16-originalInput1_26] - TypeError: equal() got an unexpected keyword argument 'delta'
FAILED mutants/tests/covarianceTest.py::test_covariance_with_func[originalInput1_17-originalInput1_27] - TypeError: equal() got an unexpected keyword argument 'delta'
FAILED mutants/tests/covarianceTest.py::test_covariance_with_func[originalInput1_18-originalInput1_28] - TypeError: equal() got an unexpected keyword argument 'delta'
FAILED mutants/tests/covarianceTest.py::test_covariance_with_func[originalInput1_19-originalInput1_29] - TypeError: equal() got an unexpected keyword argument 'delta'
10 failed, 1 warning in 0.04s
❌ x_covariance__mutmut_11 存在失败 (退出码 1)

================================================================================
RUNNING covariance.py :: x_covariance__mutmut_12  -  2025-10-16T10:10:41.207598
================================================================================

>>> 当前使用的函数: x_covariance__mutmut_12
函数源码如下：
def x_covariance__mutmut_12(elements1, elements2):
    size = len(elements1)
    sumx = elements1[0]
    sumy = elements2[0]
    sxy = 0

    for i in range(1, size):
        x = elements1[i]
        y = elements2[i]

        sumx += x
        sxy += (x - sumx / (i + 1)) * (y - sumy / i)
        sumy += y

    return sxy / (size - 1)

FFFFFFFFFF
========================================================== FAILURES ==========================================================
_______________________________ test_covariance_with_func[originalInput1_10-originalInput1_20] _______________________________
mutants/tests/covarianceTest.py:157: in test_covariance_with_func
    applyMR_Assert(originalInput1_1, originalInput1_2, originalResult)
mutants/tests/covarianceTest.py:124: in applyMR_Assert
    check.equal(originalResult, transformResult6, delta=delta, msg="MR6 failed")
E   TypeError: equal() got an unexpected keyword argument 'delta'
_______________________________ test_covariance_with_func[originalInput1_11-originalInput1_21] _______________________________
mutants/tests/covarianceTest.py:157: in test_covariance_with_func
    applyMR_Assert(originalInput1_1, originalInput1_2, originalResult)
mutants/tests/covarianceTest.py:124: in applyMR_Assert
    check.equal(originalResult, transformResult6, delta=delta, msg="MR6 failed")
E   TypeError: equal() got an unexpected keyword argument 'delta'
_______________________________ test_covariance_with_func[originalInput1_12-originalInput1_22] _______________________________
mutants/tests/covarianceTest.py:157: in test_covariance_with_func
    applyMR_Assert(originalInput1_1, originalInput1_2, originalResult)
mutants/tests/covarianceTest.py:124: in applyMR_Assert
    check.equal(originalResult, transformResult6, delta=delta, msg="MR6 failed")
E   TypeError: equal() got an unexpected keyword argument 'delta'
_______________________________ test_covariance_with_func[originalInput1_13-originalInput1_23] _______________________________
mutants/tests/covarianceTest.py:157: in test_covariance_with_func
    applyMR_Assert(originalInput1_1, originalInput1_2, originalResult)
mutants/tests/covarianceTest.py:124: in applyMR_Assert
    check.equal(originalResult, transformResult6, delta=delta, msg="MR6 failed")
E   TypeError: equal() got an unexpected keyword argument 'delta'
_______________________________ test_covariance_with_func[originalInput1_14-originalInput1_24] _______________________________
mutants/tests/covarianceTest.py:157: in test_covariance_with_func
    applyMR_Assert(originalInput1_1, originalInput1_2, originalResult)
mutants/tests/covarianceTest.py:124: in applyMR_Assert
    check.equal(originalResult, transformResult6, delta=delta, msg="MR6 failed")
E   TypeError: equal() got an unexpected keyword argument 'delta'
_______________________________ test_covariance_with_func[originalInput1_15-originalInput1_25] _______________________________
mutants/tests/covarianceTest.py:157: in test_covariance_with_func
    applyMR_Assert(originalInput1_1, originalInput1_2, originalResult)
mutants/tests/covarianceTest.py:124: in applyMR_Assert
    check.equal(originalResult, transformResult6, delta=delta, msg="MR6 failed")
E   TypeError: equal() got an unexpected keyword argument 'delta'
_______________________________ test_covariance_with_func[originalInput1_16-originalInput1_26] _______________________________
mutants/tests/covarianceTest.py:157: in test_covariance_with_func
    applyMR_Assert(originalInput1_1, originalInput1_2, originalResult)
mutants/tests/covarianceTest.py:124: in applyMR_Assert
    check.equal(originalResult, transformResult6, delta=delta, msg="MR6 failed")
E   TypeError: equal() got an unexpected keyword argument 'delta'
_______________________________ test_covariance_with_func[originalInput1_17-originalInput1_27] _______________________________
mutants/tests/covarianceTest.py:157: in test_covariance_with_func
    applyMR_Assert(originalInput1_1, originalInput1_2, originalResult)
mutants/tests/covarianceTest.py:124: in applyMR_Assert
    check.equal(originalResult, transformResult6, delta=delta, msg="MR6 failed")
E   TypeError: equal() got an unexpected keyword argument 'delta'
_______________________________ test_covariance_with_func[originalInput1_18-originalInput1_28] _______________________________
mutants/tests/covarianceTest.py:157: in test_covariance_with_func
    applyMR_Assert(originalInput1_1, originalInput1_2, originalResult)
mutants/tests/covarianceTest.py:124: in applyMR_Assert
    check.equal(originalResult, transformResult6, delta=delta, msg="MR6 failed")
E   TypeError: equal() got an unexpected keyword argument 'delta'
_______________________________ test_covariance_with_func[originalInput1_19-originalInput1_29] _______________________________
mutants/tests/covarianceTest.py:157: in test_covariance_with_func
    applyMR_Assert(originalInput1_1, originalInput1_2, originalResult)
mutants/tests/covarianceTest.py:124: in applyMR_Assert
    check.equal(originalResult, transformResult6, delta=delta, msg="MR6 failed")
E   TypeError: equal() got an unexpected keyword argument 'delta'
====================================================== warnings summary ======================================================
../../anaconda3/envs/mutmut39/lib/python3.9/site-packages/_pytest/config/__init__.py:1474
  /home/rts/anaconda3/envs/mutmut39/lib/python3.9/site-packages/_pytest/config/__init__.py:1474: PytestConfigWarning: Unknown config option: pytest -vv --tb
  
    self._warn_or_fail_if_strict(f"Unknown config option: {key}\n")

-- Docs: https://docs.pytest.org/en/stable/how-to/capture-warnings.html
================================================== short test summary info ===================================================
FAILED mutants/tests/covarianceTest.py::test_covariance_with_func[originalInput1_10-originalInput1_20] - TypeError: equal() got an unexpected keyword argument 'delta'
FAILED mutants/tests/covarianceTest.py::test_covariance_with_func[originalInput1_11-originalInput1_21] - TypeError: equal() got an unexpected keyword argument 'delta'
FAILED mutants/tests/covarianceTest.py::test_covariance_with_func[originalInput1_12-originalInput1_22] - TypeError: equal() got an unexpected keyword argument 'delta'
FAILED mutants/tests/covarianceTest.py::test_covariance_with_func[originalInput1_13-originalInput1_23] - TypeError: equal() got an unexpected keyword argument 'delta'
FAILED mutants/tests/covarianceTest.py::test_covariance_with_func[originalInput1_14-originalInput1_24] - TypeError: equal() got an unexpected keyword argument 'delta'
FAILED mutants/tests/covarianceTest.py::test_covariance_with_func[originalInput1_15-originalInput1_25] - TypeError: equal() got an unexpected keyword argument 'delta'
FAILED mutants/tests/covarianceTest.py::test_covariance_with_func[originalInput1_16-originalInput1_26] - TypeError: equal() got an unexpected keyword argument 'delta'
FAILED mutants/tests/covarianceTest.py::test_covariance_with_func[originalInput1_17-originalInput1_27] - TypeError: equal() got an unexpected keyword argument 'delta'
FAILED mutants/tests/covarianceTest.py::test_covariance_with_func[originalInput1_18-originalInput1_28] - TypeError: equal() got an unexpected keyword argument 'delta'
FAILED mutants/tests/covarianceTest.py::test_covariance_with_func[originalInput1_19-originalInput1_29] - TypeError: equal() got an unexpected keyword argument 'delta'
10 failed, 1 warning in 0.04s
❌ x_covariance__mutmut_12 存在失败 (退出码 1)

================================================================================
RUNNING covariance.py :: x_covariance__mutmut_13  -  2025-10-16T10:10:41.284979
================================================================================

>>> 当前使用的函数: x_covariance__mutmut_13
函数源码如下：
def x_covariance__mutmut_13(elements1, elements2):
    size = len(elements1)
    sumx = elements1[0]
    sumy = elements2[0]
    sxy = 0

    for i in range(0, size):
        x = None
        y = elements2[i]

        sumx += x
        sxy += (x - sumx / (i + 1)) * (y - sumy / i)
        sumy += y

    return sxy / (size - 1)

FFFFFFFFFF
========================================================== FAILURES ==========================================================
_______________________________ test_covariance_with_func[originalInput1_10-originalInput1_20] _______________________________
mutants/tests/covarianceTest.py:156: in test_covariance_with_func
    originalResult = func(originalInput1_1, originalInput1_2)
mutants/src/covariance.py:238: in x_covariance__mutmut_13
    sumx += x
E   TypeError: unsupported operand type(s) for +=: 'float' and 'NoneType'
_______________________________ test_covariance_with_func[originalInput1_11-originalInput1_21] _______________________________
mutants/tests/covarianceTest.py:156: in test_covariance_with_func
    originalResult = func(originalInput1_1, originalInput1_2)
mutants/src/covariance.py:238: in x_covariance__mutmut_13
    sumx += x
E   TypeError: unsupported operand type(s) for +=: 'float' and 'NoneType'
_______________________________ test_covariance_with_func[originalInput1_12-originalInput1_22] _______________________________
mutants/tests/covarianceTest.py:156: in test_covariance_with_func
    originalResult = func(originalInput1_1, originalInput1_2)
mutants/src/covariance.py:238: in x_covariance__mutmut_13
    sumx += x
E   TypeError: unsupported operand type(s) for +=: 'float' and 'NoneType'
_______________________________ test_covariance_with_func[originalInput1_13-originalInput1_23] _______________________________
mutants/tests/covarianceTest.py:156: in test_covariance_with_func
    originalResult = func(originalInput1_1, originalInput1_2)
mutants/src/covariance.py:238: in x_covariance__mutmut_13
    sumx += x
E   TypeError: unsupported operand type(s) for +=: 'float' and 'NoneType'
_______________________________ test_covariance_with_func[originalInput1_14-originalInput1_24] _______________________________
mutants/tests/covarianceTest.py:156: in test_covariance_with_func
    originalResult = func(originalInput1_1, originalInput1_2)
mutants/src/covariance.py:238: in x_covariance__mutmut_13
    sumx += x
E   TypeError: unsupported operand type(s) for +=: 'float' and 'NoneType'
_______________________________ test_covariance_with_func[originalInput1_15-originalInput1_25] _______________________________
mutants/tests/covarianceTest.py:156: in test_covariance_with_func
    originalResult = func(originalInput1_1, originalInput1_2)
mutants/src/covariance.py:238: in x_covariance__mutmut_13
    sumx += x
E   TypeError: unsupported operand type(s) for +=: 'float' and 'NoneType'
_______________________________ test_covariance_with_func[originalInput1_16-originalInput1_26] _______________________________
mutants/tests/covarianceTest.py:156: in test_covariance_with_func
    originalResult = func(originalInput1_1, originalInput1_2)
mutants/src/covariance.py:238: in x_covariance__mutmut_13
    sumx += x
E   TypeError: unsupported operand type(s) for +=: 'float' and 'NoneType'
_______________________________ test_covariance_with_func[originalInput1_17-originalInput1_27] _______________________________
mutants/tests/covarianceTest.py:156: in test_covariance_with_func
    originalResult = func(originalInput1_1, originalInput1_2)
mutants/src/covariance.py:238: in x_covariance__mutmut_13
    sumx += x
E   TypeError: unsupported operand type(s) for +=: 'float' and 'NoneType'
_______________________________ test_covariance_with_func[originalInput1_18-originalInput1_28] _______________________________
mutants/tests/covarianceTest.py:156: in test_covariance_with_func
    originalResult = func(originalInput1_1, originalInput1_2)
mutants/src/covariance.py:238: in x_covariance__mutmut_13
    sumx += x
E   TypeError: unsupported operand type(s) for +=: 'float' and 'NoneType'
_______________________________ test_covariance_with_func[originalInput1_19-originalInput1_29] _______________________________
mutants/tests/covarianceTest.py:156: in test_covariance_with_func
    originalResult = func(originalInput1_1, originalInput1_2)
mutants/src/covariance.py:238: in x_covariance__mutmut_13
    sumx += x
E   TypeError: unsupported operand type(s) for +=: 'float' and 'NoneType'
====================================================== warnings summary ======================================================
../../anaconda3/envs/mutmut39/lib/python3.9/site-packages/_pytest/config/__init__.py:1474
  /home/rts/anaconda3/envs/mutmut39/lib/python3.9/site-packages/_pytest/config/__init__.py:1474: PytestConfigWarning: Unknown config option: pytest -vv --tb
  
    self._warn_or_fail_if_strict(f"Unknown config option: {key}\n")

-- Docs: https://docs.pytest.org/en/stable/how-to/capture-warnings.html
================================================== short test summary info ===================================================
FAILED mutants/tests/covarianceTest.py::test_covariance_with_func[originalInput1_10-originalInput1_20] - TypeError: unsupported operand type(s) for +=: 'float' and 'NoneType'
FAILED mutants/tests/covarianceTest.py::test_covariance_with_func[originalInput1_11-originalInput1_21] - TypeError: unsupported operand type(s) for +=: 'float' and 'NoneType'
FAILED mutants/tests/covarianceTest.py::test_covariance_with_func[originalInput1_12-originalInput1_22] - TypeError: unsupported operand type(s) for +=: 'float' and 'NoneType'
FAILED mutants/tests/covarianceTest.py::test_covariance_with_func[originalInput1_13-originalInput1_23] - TypeError: unsupported operand type(s) for +=: 'float' and 'NoneType'
FAILED mutants/tests/covarianceTest.py::test_covariance_with_func[originalInput1_14-originalInput1_24] - TypeError: unsupported operand type(s) for +=: 'float' and 'NoneType'
FAILED mutants/tests/covarianceTest.py::test_covariance_with_func[originalInput1_15-originalInput1_25] - TypeError: unsupported operand type(s) for +=: 'float' and 'NoneType'
FAILED mutants/tests/covarianceTest.py::test_covariance_with_func[originalInput1_16-originalInput1_26] - TypeError: unsupported operand type(s) for +=: 'float' and 'NoneType'
FAILED mutants/tests/covarianceTest.py::test_covariance_with_func[originalInput1_17-originalInput1_27] - TypeError: unsupported operand type(s) for +=: 'float' and 'NoneType'
FAILED mutants/tests/covarianceTest.py::test_covariance_with_func[originalInput1_18-originalInput1_28] - TypeError: unsupported operand type(s) for +=: 'float' and 'NoneType'
FAILED mutants/tests/covarianceTest.py::test_covariance_with_func[originalInput1_19-originalInput1_29] - TypeError: unsupported operand type(s) for +=: 'float' and 'NoneType'
10 failed, 1 warning in 0.07s
❌ x_covariance__mutmut_13 存在失败 (退出码 1)

================================================================================
RUNNING covariance.py :: x_covariance__mutmut_14  -  2025-10-16T10:10:41.395125
================================================================================

>>> 当前使用的函数: x_covariance__mutmut_14
函数源码如下：
def x_covariance__mutmut_14(elements1, elements2):
    size = len(elements1)
    sumx = elements1[0]
    sumy = elements2[0]
    sxy = 0

    for i in range(0, size):
        x = elements1[i]
        y = None

        sumx += x
        sxy += (x - sumx / (i + 1)) * (y - sumy / i)
        sumy += y

    return sxy / (size - 1)

FFFFFFFFFF
========================================================== FAILURES ==========================================================
_______________________________ test_covariance_with_func[originalInput1_10-originalInput1_20] _______________________________
mutants/tests/covarianceTest.py:156: in test_covariance_with_func
    originalResult = func(originalInput1_1, originalInput1_2)
mutants/src/covariance.py:254: in x_covariance__mutmut_14
    sxy += (x - sumx / (i + 1)) * (y - sumy / i)
E   ZeroDivisionError: float division by zero
_______________________________ test_covariance_with_func[originalInput1_11-originalInput1_21] _______________________________
mutants/tests/covarianceTest.py:156: in test_covariance_with_func
    originalResult = func(originalInput1_1, originalInput1_2)
mutants/src/covariance.py:254: in x_covariance__mutmut_14
    sxy += (x - sumx / (i + 1)) * (y - sumy / i)
E   ZeroDivisionError: float division by zero
_______________________________ test_covariance_with_func[originalInput1_12-originalInput1_22] _______________________________
mutants/tests/covarianceTest.py:156: in test_covariance_with_func
    originalResult = func(originalInput1_1, originalInput1_2)
mutants/src/covariance.py:254: in x_covariance__mutmut_14
    sxy += (x - sumx / (i + 1)) * (y - sumy / i)
E   ZeroDivisionError: float division by zero
_______________________________ test_covariance_with_func[originalInput1_13-originalInput1_23] _______________________________
mutants/tests/covarianceTest.py:156: in test_covariance_with_func
    originalResult = func(originalInput1_1, originalInput1_2)
mutants/src/covariance.py:254: in x_covariance__mutmut_14
    sxy += (x - sumx / (i + 1)) * (y - sumy / i)
E   ZeroDivisionError: float division by zero
_______________________________ test_covariance_with_func[originalInput1_14-originalInput1_24] _______________________________
mutants/tests/covarianceTest.py:156: in test_covariance_with_func
    originalResult = func(originalInput1_1, originalInput1_2)
mutants/src/covariance.py:254: in x_covariance__mutmut_14
    sxy += (x - sumx / (i + 1)) * (y - sumy / i)
E   ZeroDivisionError: float division by zero
_______________________________ test_covariance_with_func[originalInput1_15-originalInput1_25] _______________________________
mutants/tests/covarianceTest.py:156: in test_covariance_with_func
    originalResult = func(originalInput1_1, originalInput1_2)
mutants/src/covariance.py:254: in x_covariance__mutmut_14
    sxy += (x - sumx / (i + 1)) * (y - sumy / i)
E   ZeroDivisionError: float division by zero
_______________________________ test_covariance_with_func[originalInput1_16-originalInput1_26] _______________________________
mutants/tests/covarianceTest.py:156: in test_covariance_with_func
    originalResult = func(originalInput1_1, originalInput1_2)
mutants/src/covariance.py:254: in x_covariance__mutmut_14
    sxy += (x - sumx / (i + 1)) * (y - sumy / i)
E   ZeroDivisionError: float division by zero
_______________________________ test_covariance_with_func[originalInput1_17-originalInput1_27] _______________________________
mutants/tests/covarianceTest.py:156: in test_covariance_with_func
    originalResult = func(originalInput1_1, originalInput1_2)
mutants/src/covariance.py:254: in x_covariance__mutmut_14
    sxy += (x - sumx / (i + 1)) * (y - sumy / i)
E   ZeroDivisionError: float division by zero
_______________________________ test_covariance_with_func[originalInput1_18-originalInput1_28] _______________________________
mutants/tests/covarianceTest.py:156: in test_covariance_with_func
    originalResult = func(originalInput1_1, originalInput1_2)
mutants/src/covariance.py:254: in x_covariance__mutmut_14
    sxy += (x - sumx / (i + 1)) * (y - sumy / i)
E   ZeroDivisionError: float division by zero
_______________________________ test_covariance_with_func[originalInput1_19-originalInput1_29] _______________________________
mutants/tests/covarianceTest.py:156: in test_covariance_with_func
    originalResult = func(originalInput1_1, originalInput1_2)
mutants/src/covariance.py:254: in x_covariance__mutmut_14
    sxy += (x - sumx / (i + 1)) * (y - sumy / i)
E   ZeroDivisionError: float division by zero
====================================================== warnings summary ======================================================
../../anaconda3/envs/mutmut39/lib/python3.9/site-packages/_pytest/config/__init__.py:1474
  /home/rts/anaconda3/envs/mutmut39/lib/python3.9/site-packages/_pytest/config/__init__.py:1474: PytestConfigWarning: Unknown config option: pytest -vv --tb
  
    self._warn_or_fail_if_strict(f"Unknown config option: {key}\n")

-- Docs: https://docs.pytest.org/en/stable/how-to/capture-warnings.html
================================================== short test summary info ===================================================
FAILED mutants/tests/covarianceTest.py::test_covariance_with_func[originalInput1_10-originalInput1_20] - ZeroDivisionError: float division by zero
FAILED mutants/tests/covarianceTest.py::test_covariance_with_func[originalInput1_11-originalInput1_21] - ZeroDivisionError: float division by zero
FAILED mutants/tests/covarianceTest.py::test_covariance_with_func[originalInput1_12-originalInput1_22] - ZeroDivisionError: float division by zero
FAILED mutants/tests/covarianceTest.py::test_covariance_with_func[originalInput1_13-originalInput1_23] - ZeroDivisionError: float division by zero
FAILED mutants/tests/covarianceTest.py::test_covariance_with_func[originalInput1_14-originalInput1_24] - ZeroDivisionError: float division by zero
FAILED mutants/tests/covarianceTest.py::test_covariance_with_func[originalInput1_15-originalInput1_25] - ZeroDivisionError: float division by zero
FAILED mutants/tests/covarianceTest.py::test_covariance_with_func[originalInput1_16-originalInput1_26] - ZeroDivisionError: float division by zero
FAILED mutants/tests/covarianceTest.py::test_covariance_with_func[originalInput1_17-originalInput1_27] - ZeroDivisionError: float division by zero
FAILED mutants/tests/covarianceTest.py::test_covariance_with_func[originalInput1_18-originalInput1_28] - ZeroDivisionError: float division by zero
FAILED mutants/tests/covarianceTest.py::test_covariance_with_func[originalInput1_19-originalInput1_29] - ZeroDivisionError: float division by zero
10 failed, 1 warning in 0.07s
❌ x_covariance__mutmut_14 存在失败 (退出码 1)

================================================================================
RUNNING covariance.py :: x_covariance__mutmut_15  -  2025-10-16T10:10:41.504646
================================================================================

>>> 当前使用的函数: x_covariance__mutmut_15
函数源码如下：
def x_covariance__mutmut_15(elements1, elements2):
    size = len(elements1)
    sumx = elements1[0]
    sumy = elements2[0]
    sxy = 0

    for i in range(0, size):
        x = elements1[i]
        y = elements2[i]

        sumx = x
        sxy += (x - sumx / (i + 1)) * (y - sumy / i)
        sumy += y

    return sxy / (size - 1)

FFFFFFFFFF
========================================================== FAILURES ==========================================================
_______________________________ test_covariance_with_func[originalInput1_10-originalInput1_20] _______________________________
mutants/tests/covarianceTest.py:156: in test_covariance_with_func
    originalResult = func(originalInput1_1, originalInput1_2)
mutants/src/covariance.py:269: in x_covariance__mutmut_15
    sxy += (x - sumx / (i + 1)) * (y - sumy / i)
E   ZeroDivisionError: float division by zero
_______________________________ test_covariance_with_func[originalInput1_11-originalInput1_21] _______________________________
mutants/tests/covarianceTest.py:156: in test_covariance_with_func
    originalResult = func(originalInput1_1, originalInput1_2)
mutants/src/covariance.py:269: in x_covariance__mutmut_15
    sxy += (x - sumx / (i + 1)) * (y - sumy / i)
E   ZeroDivisionError: float division by zero
_______________________________ test_covariance_with_func[originalInput1_12-originalInput1_22] _______________________________
mutants/tests/covarianceTest.py:156: in test_covariance_with_func
    originalResult = func(originalInput1_1, originalInput1_2)
mutants/src/covariance.py:269: in x_covariance__mutmut_15
    sxy += (x - sumx / (i + 1)) * (y - sumy / i)
E   ZeroDivisionError: float division by zero
_______________________________ test_covariance_with_func[originalInput1_13-originalInput1_23] _______________________________
mutants/tests/covarianceTest.py:156: in test_covariance_with_func
    originalResult = func(originalInput1_1, originalInput1_2)
mutants/src/covariance.py:269: in x_covariance__mutmut_15
    sxy += (x - sumx / (i + 1)) * (y - sumy / i)
E   ZeroDivisionError: float division by zero
_______________________________ test_covariance_with_func[originalInput1_14-originalInput1_24] _______________________________
mutants/tests/covarianceTest.py:156: in test_covariance_with_func
    originalResult = func(originalInput1_1, originalInput1_2)
mutants/src/covariance.py:269: in x_covariance__mutmut_15
    sxy += (x - sumx / (i + 1)) * (y - sumy / i)
E   ZeroDivisionError: float division by zero
_______________________________ test_covariance_with_func[originalInput1_15-originalInput1_25] _______________________________
mutants/tests/covarianceTest.py:156: in test_covariance_with_func
    originalResult = func(originalInput1_1, originalInput1_2)
mutants/src/covariance.py:269: in x_covariance__mutmut_15
    sxy += (x - sumx / (i + 1)) * (y - sumy / i)
E   ZeroDivisionError: float division by zero
_______________________________ test_covariance_with_func[originalInput1_16-originalInput1_26] _______________________________
mutants/tests/covarianceTest.py:156: in test_covariance_with_func
    originalResult = func(originalInput1_1, originalInput1_2)
mutants/src/covariance.py:269: in x_covariance__mutmut_15
    sxy += (x - sumx / (i + 1)) * (y - sumy / i)
E   ZeroDivisionError: float division by zero
_______________________________ test_covariance_with_func[originalInput1_17-originalInput1_27] _______________________________
mutants/tests/covarianceTest.py:156: in test_covariance_with_func
    originalResult = func(originalInput1_1, originalInput1_2)
mutants/src/covariance.py:269: in x_covariance__mutmut_15
    sxy += (x - sumx / (i + 1)) * (y - sumy / i)
E   ZeroDivisionError: float division by zero
_______________________________ test_covariance_with_func[originalInput1_18-originalInput1_28] _______________________________
mutants/tests/covarianceTest.py:156: in test_covariance_with_func
    originalResult = func(originalInput1_1, originalInput1_2)
mutants/src/covariance.py:269: in x_covariance__mutmut_15
    sxy += (x - sumx / (i + 1)) * (y - sumy / i)
E   ZeroDivisionError: float division by zero
_______________________________ test_covariance_with_func[originalInput1_19-originalInput1_29] _______________________________
mutants/tests/covarianceTest.py:156: in test_covariance_with_func
    originalResult = func(originalInput1_1, originalInput1_2)
mutants/src/covariance.py:269: in x_covariance__mutmut_15
    sxy += (x - sumx / (i + 1)) * (y - sumy / i)
E   ZeroDivisionError: float division by zero
====================================================== warnings summary ======================================================
../../anaconda3/envs/mutmut39/lib/python3.9/site-packages/_pytest/config/__init__.py:1474
  /home/rts/anaconda3/envs/mutmut39/lib/python3.9/site-packages/_pytest/config/__init__.py:1474: PytestConfigWarning: Unknown config option: pytest -vv --tb
  
    self._warn_or_fail_if_strict(f"Unknown config option: {key}\n")

-- Docs: https://docs.pytest.org/en/stable/how-to/capture-warnings.html
================================================== short test summary info ===================================================
FAILED mutants/tests/covarianceTest.py::test_covariance_with_func[originalInput1_10-originalInput1_20] - ZeroDivisionError: float division by zero
FAILED mutants/tests/covarianceTest.py::test_covariance_with_func[originalInput1_11-originalInput1_21] - ZeroDivisionError: float division by zero
FAILED mutants/tests/covarianceTest.py::test_covariance_with_func[originalInput1_12-originalInput1_22] - ZeroDivisionError: float division by zero
FAILED mutants/tests/covarianceTest.py::test_covariance_with_func[originalInput1_13-originalInput1_23] - ZeroDivisionError: float division by zero
FAILED mutants/tests/covarianceTest.py::test_covariance_with_func[originalInput1_14-originalInput1_24] - ZeroDivisionError: float division by zero
FAILED mutants/tests/covarianceTest.py::test_covariance_with_func[originalInput1_15-originalInput1_25] - ZeroDivisionError: float division by zero
FAILED mutants/tests/covarianceTest.py::test_covariance_with_func[originalInput1_16-originalInput1_26] - ZeroDivisionError: float division by zero
FAILED mutants/tests/covarianceTest.py::test_covariance_with_func[originalInput1_17-originalInput1_27] - ZeroDivisionError: float division by zero
FAILED mutants/tests/covarianceTest.py::test_covariance_with_func[originalInput1_18-originalInput1_28] - ZeroDivisionError: float division by zero
FAILED mutants/tests/covarianceTest.py::test_covariance_with_func[originalInput1_19-originalInput1_29] - ZeroDivisionError: float division by zero
10 failed, 1 warning in 0.07s
❌ x_covariance__mutmut_15 存在失败 (退出码 1)

================================================================================
RUNNING covariance.py :: x_covariance__mutmut_16  -  2025-10-16T10:10:41.615040
================================================================================

>>> 当前使用的函数: x_covariance__mutmut_16
函数源码如下：
def x_covariance__mutmut_16(elements1, elements2):
    size = len(elements1)
    sumx = elements1[0]
    sumy = elements2[0]
    sxy = 0

    for i in range(0, size):
        x = elements1[i]
        y = elements2[i]

        sumx -= x
        sxy += (x - sumx / (i + 1)) * (y - sumy / i)
        sumy += y

    return sxy / (size - 1)

FFFFFFFFFF
========================================================== FAILURES ==========================================================
_______________________________ test_covariance_with_func[originalInput1_10-originalInput1_20] _______________________________
mutants/tests/covarianceTest.py:156: in test_covariance_with_func
    originalResult = func(originalInput1_1, originalInput1_2)
mutants/src/covariance.py:284: in x_covariance__mutmut_16
    sxy += (x - sumx / (i + 1)) * (y - sumy / i)
E   ZeroDivisionError: float division by zero
_______________________________ test_covariance_with_func[originalInput1_11-originalInput1_21] _______________________________
mutants/tests/covarianceTest.py:156: in test_covariance_with_func
    originalResult = func(originalInput1_1, originalInput1_2)
mutants/src/covariance.py:284: in x_covariance__mutmut_16
    sxy += (x - sumx / (i + 1)) * (y - sumy / i)
E   ZeroDivisionError: float division by zero
_______________________________ test_covariance_with_func[originalInput1_12-originalInput1_22] _______________________________
mutants/tests/covarianceTest.py:156: in test_covariance_with_func
    originalResult = func(originalInput1_1, originalInput1_2)
mutants/src/covariance.py:284: in x_covariance__mutmut_16
    sxy += (x - sumx / (i + 1)) * (y - sumy / i)
E   ZeroDivisionError: float division by zero
_______________________________ test_covariance_with_func[originalInput1_13-originalInput1_23] _______________________________
mutants/tests/covarianceTest.py:156: in test_covariance_with_func
    originalResult = func(originalInput1_1, originalInput1_2)
mutants/src/covariance.py:284: in x_covariance__mutmut_16
    sxy += (x - sumx / (i + 1)) * (y - sumy / i)
E   ZeroDivisionError: float division by zero
_______________________________ test_covariance_with_func[originalInput1_14-originalInput1_24] _______________________________
mutants/tests/covarianceTest.py:156: in test_covariance_with_func
    originalResult = func(originalInput1_1, originalInput1_2)
mutants/src/covariance.py:284: in x_covariance__mutmut_16
    sxy += (x - sumx / (i + 1)) * (y - sumy / i)
E   ZeroDivisionError: float division by zero
_______________________________ test_covariance_with_func[originalInput1_15-originalInput1_25] _______________________________
mutants/tests/covarianceTest.py:156: in test_covariance_with_func
    originalResult = func(originalInput1_1, originalInput1_2)
mutants/src/covariance.py:284: in x_covariance__mutmut_16
    sxy += (x - sumx / (i + 1)) * (y - sumy / i)
E   ZeroDivisionError: float division by zero
_______________________________ test_covariance_with_func[originalInput1_16-originalInput1_26] _______________________________
mutants/tests/covarianceTest.py:156: in test_covariance_with_func
    originalResult = func(originalInput1_1, originalInput1_2)
mutants/src/covariance.py:284: in x_covariance__mutmut_16
    sxy += (x - sumx / (i + 1)) * (y - sumy / i)
E   ZeroDivisionError: float division by zero
_______________________________ test_covariance_with_func[originalInput1_17-originalInput1_27] _______________________________
mutants/tests/covarianceTest.py:156: in test_covariance_with_func
    originalResult = func(originalInput1_1, originalInput1_2)
mutants/src/covariance.py:284: in x_covariance__mutmut_16
    sxy += (x - sumx / (i + 1)) * (y - sumy / i)
E   ZeroDivisionError: float division by zero
_______________________________ test_covariance_with_func[originalInput1_18-originalInput1_28] _______________________________
mutants/tests/covarianceTest.py:156: in test_covariance_with_func
    originalResult = func(originalInput1_1, originalInput1_2)
mutants/src/covariance.py:284: in x_covariance__mutmut_16
    sxy += (x - sumx / (i + 1)) * (y - sumy / i)
E   ZeroDivisionError: float division by zero
_______________________________ test_covariance_with_func[originalInput1_19-originalInput1_29] _______________________________
mutants/tests/covarianceTest.py:156: in test_covariance_with_func
    originalResult = func(originalInput1_1, originalInput1_2)
mutants/src/covariance.py:284: in x_covariance__mutmut_16
    sxy += (x - sumx / (i + 1)) * (y - sumy / i)
E   ZeroDivisionError: float division by zero
====================================================== warnings summary ======================================================
../../anaconda3/envs/mutmut39/lib/python3.9/site-packages/_pytest/config/__init__.py:1474
  /home/rts/anaconda3/envs/mutmut39/lib/python3.9/site-packages/_pytest/config/__init__.py:1474: PytestConfigWarning: Unknown config option: pytest -vv --tb
  
    self._warn_or_fail_if_strict(f"Unknown config option: {key}\n")

-- Docs: https://docs.pytest.org/en/stable/how-to/capture-warnings.html
================================================== short test summary info ===================================================
FAILED mutants/tests/covarianceTest.py::test_covariance_with_func[originalInput1_10-originalInput1_20] - ZeroDivisionError: float division by zero
FAILED mutants/tests/covarianceTest.py::test_covariance_with_func[originalInput1_11-originalInput1_21] - ZeroDivisionError: float division by zero
FAILED mutants/tests/covarianceTest.py::test_covariance_with_func[originalInput1_12-originalInput1_22] - ZeroDivisionError: float division by zero
FAILED mutants/tests/covarianceTest.py::test_covariance_with_func[originalInput1_13-originalInput1_23] - ZeroDivisionError: float division by zero
FAILED mutants/tests/covarianceTest.py::test_covariance_with_func[originalInput1_14-originalInput1_24] - ZeroDivisionError: float division by zero
FAILED mutants/tests/covarianceTest.py::test_covariance_with_func[originalInput1_15-originalInput1_25] - ZeroDivisionError: float division by zero
FAILED mutants/tests/covarianceTest.py::test_covariance_with_func[originalInput1_16-originalInput1_26] - ZeroDivisionError: float division by zero
FAILED mutants/tests/covarianceTest.py::test_covariance_with_func[originalInput1_17-originalInput1_27] - ZeroDivisionError: float division by zero
FAILED mutants/tests/covarianceTest.py::test_covariance_with_func[originalInput1_18-originalInput1_28] - ZeroDivisionError: float division by zero
FAILED mutants/tests/covarianceTest.py::test_covariance_with_func[originalInput1_19-originalInput1_29] - ZeroDivisionError: float division by zero
10 failed, 1 warning in 0.07s
❌ x_covariance__mutmut_16 存在失败 (退出码 1)

================================================================================
RUNNING covariance.py :: x_covariance__mutmut_17  -  2025-10-16T10:10:41.723831
================================================================================

>>> 当前使用的函数: x_covariance__mutmut_17
函数源码如下：
def x_covariance__mutmut_17(elements1, elements2):
    size = len(elements1)
    sumx = elements1[0]
    sumy = elements2[0]
    sxy = 0

    for i in range(0, size):
        x = elements1[i]
        y = elements2[i]

        sumx += x
        sxy = (x - sumx / (i + 1)) * (y - sumy / i)
        sumy += y

    return sxy / (size - 1)

FFFFFFFFFF
========================================================== FAILURES ==========================================================
_______________________________ test_covariance_with_func[originalInput1_10-originalInput1_20] _______________________________
mutants/tests/covarianceTest.py:156: in test_covariance_with_func
    originalResult = func(originalInput1_1, originalInput1_2)
mutants/src/covariance.py:299: in x_covariance__mutmut_17
    sxy = (x - sumx / (i + 1)) * (y - sumy / i)
E   ZeroDivisionError: float division by zero
_______________________________ test_covariance_with_func[originalInput1_11-originalInput1_21] _______________________________
mutants/tests/covarianceTest.py:156: in test_covariance_with_func
    originalResult = func(originalInput1_1, originalInput1_2)
mutants/src/covariance.py:299: in x_covariance__mutmut_17
    sxy = (x - sumx / (i + 1)) * (y - sumy / i)
E   ZeroDivisionError: float division by zero
_______________________________ test_covariance_with_func[originalInput1_12-originalInput1_22] _______________________________
mutants/tests/covarianceTest.py:156: in test_covariance_with_func
    originalResult = func(originalInput1_1, originalInput1_2)
mutants/src/covariance.py:299: in x_covariance__mutmut_17
    sxy = (x - sumx / (i + 1)) * (y - sumy / i)
E   ZeroDivisionError: float division by zero
_______________________________ test_covariance_with_func[originalInput1_13-originalInput1_23] _______________________________
mutants/tests/covarianceTest.py:156: in test_covariance_with_func
    originalResult = func(originalInput1_1, originalInput1_2)
mutants/src/covariance.py:299: in x_covariance__mutmut_17
    sxy = (x - sumx / (i + 1)) * (y - sumy / i)
E   ZeroDivisionError: float division by zero
_______________________________ test_covariance_with_func[originalInput1_14-originalInput1_24] _______________________________
mutants/tests/covarianceTest.py:156: in test_covariance_with_func
    originalResult = func(originalInput1_1, originalInput1_2)
mutants/src/covariance.py:299: in x_covariance__mutmut_17
    sxy = (x - sumx / (i + 1)) * (y - sumy / i)
E   ZeroDivisionError: float division by zero
_______________________________ test_covariance_with_func[originalInput1_15-originalInput1_25] _______________________________
mutants/tests/covarianceTest.py:156: in test_covariance_with_func
    originalResult = func(originalInput1_1, originalInput1_2)
mutants/src/covariance.py:299: in x_covariance__mutmut_17
    sxy = (x - sumx / (i + 1)) * (y - sumy / i)
E   ZeroDivisionError: float division by zero
_______________________________ test_covariance_with_func[originalInput1_16-originalInput1_26] _______________________________
mutants/tests/covarianceTest.py:156: in test_covariance_with_func
    originalResult = func(originalInput1_1, originalInput1_2)
mutants/src/covariance.py:299: in x_covariance__mutmut_17
    sxy = (x - sumx / (i + 1)) * (y - sumy / i)
E   ZeroDivisionError: float division by zero
_______________________________ test_covariance_with_func[originalInput1_17-originalInput1_27] _______________________________
mutants/tests/covarianceTest.py:156: in test_covariance_with_func
    originalResult = func(originalInput1_1, originalInput1_2)
mutants/src/covariance.py:299: in x_covariance__mutmut_17
    sxy = (x - sumx / (i + 1)) * (y - sumy / i)
E   ZeroDivisionError: float division by zero
_______________________________ test_covariance_with_func[originalInput1_18-originalInput1_28] _______________________________
mutants/tests/covarianceTest.py:156: in test_covariance_with_func
    originalResult = func(originalInput1_1, originalInput1_2)
mutants/src/covariance.py:299: in x_covariance__mutmut_17
    sxy = (x - sumx / (i + 1)) * (y - sumy / i)
E   ZeroDivisionError: float division by zero
_______________________________ test_covariance_with_func[originalInput1_19-originalInput1_29] _______________________________
mutants/tests/covarianceTest.py:156: in test_covariance_with_func
    originalResult = func(originalInput1_1, originalInput1_2)
mutants/src/covariance.py:299: in x_covariance__mutmut_17
    sxy = (x - sumx / (i + 1)) * (y - sumy / i)
E   ZeroDivisionError: float division by zero
====================================================== warnings summary ======================================================
../../anaconda3/envs/mutmut39/lib/python3.9/site-packages/_pytest/config/__init__.py:1474
  /home/rts/anaconda3/envs/mutmut39/lib/python3.9/site-packages/_pytest/config/__init__.py:1474: PytestConfigWarning: Unknown config option: pytest -vv --tb
  
    self._warn_or_fail_if_strict(f"Unknown config option: {key}\n")

-- Docs: https://docs.pytest.org/en/stable/how-to/capture-warnings.html
================================================== short test summary info ===================================================
FAILED mutants/tests/covarianceTest.py::test_covariance_with_func[originalInput1_10-originalInput1_20] - ZeroDivisionError: float division by zero
FAILED mutants/tests/covarianceTest.py::test_covariance_with_func[originalInput1_11-originalInput1_21] - ZeroDivisionError: float division by zero
FAILED mutants/tests/covarianceTest.py::test_covariance_with_func[originalInput1_12-originalInput1_22] - ZeroDivisionError: float division by zero
FAILED mutants/tests/covarianceTest.py::test_covariance_with_func[originalInput1_13-originalInput1_23] - ZeroDivisionError: float division by zero
FAILED mutants/tests/covarianceTest.py::test_covariance_with_func[originalInput1_14-originalInput1_24] - ZeroDivisionError: float division by zero
FAILED mutants/tests/covarianceTest.py::test_covariance_with_func[originalInput1_15-originalInput1_25] - ZeroDivisionError: float division by zero
FAILED mutants/tests/covarianceTest.py::test_covariance_with_func[originalInput1_16-originalInput1_26] - ZeroDivisionError: float division by zero
FAILED mutants/tests/covarianceTest.py::test_covariance_with_func[originalInput1_17-originalInput1_27] - ZeroDivisionError: float division by zero
FAILED mutants/tests/covarianceTest.py::test_covariance_with_func[originalInput1_18-originalInput1_28] - ZeroDivisionError: float division by zero
FAILED mutants/tests/covarianceTest.py::test_covariance_with_func[originalInput1_19-originalInput1_29] - ZeroDivisionError: float division by zero
10 failed, 1 warning in 0.07s
❌ x_covariance__mutmut_17 存在失败 (退出码 1)

================================================================================
RUNNING covariance.py :: x_covariance__mutmut_18  -  2025-10-16T10:10:41.835604
================================================================================

>>> 当前使用的函数: x_covariance__mutmut_18
函数源码如下：
def x_covariance__mutmut_18(elements1, elements2):
    size = len(elements1)
    sumx = elements1[0]
    sumy = elements2[0]
    sxy = 0

    for i in range(0, size):
        x = elements1[i]
        y = elements2[i]

        sumx += x
        sxy -= (x - sumx / (i + 1)) * (y - sumy / i)
        sumy += y

    return sxy / (size - 1)

FFFFFFFFFF
========================================================== FAILURES ==========================================================
_______________________________ test_covariance_with_func[originalInput1_10-originalInput1_20] _______________________________
mutants/tests/covarianceTest.py:156: in test_covariance_with_func
    originalResult = func(originalInput1_1, originalInput1_2)
mutants/src/covariance.py:314: in x_covariance__mutmut_18
    sxy -= (x - sumx / (i + 1)) * (y - sumy / i)
E   ZeroDivisionError: float division by zero
_______________________________ test_covariance_with_func[originalInput1_11-originalInput1_21] _______________________________
mutants/tests/covarianceTest.py:156: in test_covariance_with_func
    originalResult = func(originalInput1_1, originalInput1_2)
mutants/src/covariance.py:314: in x_covariance__mutmut_18
    sxy -= (x - sumx / (i + 1)) * (y - sumy / i)
E   ZeroDivisionError: float division by zero
_______________________________ test_covariance_with_func[originalInput1_12-originalInput1_22] _______________________________
mutants/tests/covarianceTest.py:156: in test_covariance_with_func
    originalResult = func(originalInput1_1, originalInput1_2)
mutants/src/covariance.py:314: in x_covariance__mutmut_18
    sxy -= (x - sumx / (i + 1)) * (y - sumy / i)
E   ZeroDivisionError: float division by zero
_______________________________ test_covariance_with_func[originalInput1_13-originalInput1_23] _______________________________
mutants/tests/covarianceTest.py:156: in test_covariance_with_func
    originalResult = func(originalInput1_1, originalInput1_2)
mutants/src/covariance.py:314: in x_covariance__mutmut_18
    sxy -= (x - sumx / (i + 1)) * (y - sumy / i)
E   ZeroDivisionError: float division by zero
_______________________________ test_covariance_with_func[originalInput1_14-originalInput1_24] _______________________________
mutants/tests/covarianceTest.py:156: in test_covariance_with_func
    originalResult = func(originalInput1_1, originalInput1_2)
mutants/src/covariance.py:314: in x_covariance__mutmut_18
    sxy -= (x - sumx / (i + 1)) * (y - sumy / i)
E   ZeroDivisionError: float division by zero
_______________________________ test_covariance_with_func[originalInput1_15-originalInput1_25] _______________________________
mutants/tests/covarianceTest.py:156: in test_covariance_with_func
    originalResult = func(originalInput1_1, originalInput1_2)
mutants/src/covariance.py:314: in x_covariance__mutmut_18
    sxy -= (x - sumx / (i + 1)) * (y - sumy / i)
E   ZeroDivisionError: float division by zero
_______________________________ test_covariance_with_func[originalInput1_16-originalInput1_26] _______________________________
mutants/tests/covarianceTest.py:156: in test_covariance_with_func
    originalResult = func(originalInput1_1, originalInput1_2)
mutants/src/covariance.py:314: in x_covariance__mutmut_18
    sxy -= (x - sumx / (i + 1)) * (y - sumy / i)
E   ZeroDivisionError: float division by zero
_______________________________ test_covariance_with_func[originalInput1_17-originalInput1_27] _______________________________
mutants/tests/covarianceTest.py:156: in test_covariance_with_func
    originalResult = func(originalInput1_1, originalInput1_2)
mutants/src/covariance.py:314: in x_covariance__mutmut_18
    sxy -= (x - sumx / (i + 1)) * (y - sumy / i)
E   ZeroDivisionError: float division by zero
_______________________________ test_covariance_with_func[originalInput1_18-originalInput1_28] _______________________________
mutants/tests/covarianceTest.py:156: in test_covariance_with_func
    originalResult = func(originalInput1_1, originalInput1_2)
mutants/src/covariance.py:314: in x_covariance__mutmut_18
    sxy -= (x - sumx / (i + 1)) * (y - sumy / i)
E   ZeroDivisionError: float division by zero
_______________________________ test_covariance_with_func[originalInput1_19-originalInput1_29] _______________________________
mutants/tests/covarianceTest.py:156: in test_covariance_with_func
    originalResult = func(originalInput1_1, originalInput1_2)
mutants/src/covariance.py:314: in x_covariance__mutmut_18
    sxy -= (x - sumx / (i + 1)) * (y - sumy / i)
E   ZeroDivisionError: float division by zero
====================================================== warnings summary ======================================================
../../anaconda3/envs/mutmut39/lib/python3.9/site-packages/_pytest/config/__init__.py:1474
  /home/rts/anaconda3/envs/mutmut39/lib/python3.9/site-packages/_pytest/config/__init__.py:1474: PytestConfigWarning: Unknown config option: pytest -vv --tb
  
    self._warn_or_fail_if_strict(f"Unknown config option: {key}\n")

-- Docs: https://docs.pytest.org/en/stable/how-to/capture-warnings.html
================================================== short test summary info ===================================================
FAILED mutants/tests/covarianceTest.py::test_covariance_with_func[originalInput1_10-originalInput1_20] - ZeroDivisionError: float division by zero
FAILED mutants/tests/covarianceTest.py::test_covariance_with_func[originalInput1_11-originalInput1_21] - ZeroDivisionError: float division by zero
FAILED mutants/tests/covarianceTest.py::test_covariance_with_func[originalInput1_12-originalInput1_22] - ZeroDivisionError: float division by zero
FAILED mutants/tests/covarianceTest.py::test_covariance_with_func[originalInput1_13-originalInput1_23] - ZeroDivisionError: float division by zero
FAILED mutants/tests/covarianceTest.py::test_covariance_with_func[originalInput1_14-originalInput1_24] - ZeroDivisionError: float division by zero
FAILED mutants/tests/covarianceTest.py::test_covariance_with_func[originalInput1_15-originalInput1_25] - ZeroDivisionError: float division by zero
FAILED mutants/tests/covarianceTest.py::test_covariance_with_func[originalInput1_16-originalInput1_26] - ZeroDivisionError: float division by zero
FAILED mutants/tests/covarianceTest.py::test_covariance_with_func[originalInput1_17-originalInput1_27] - ZeroDivisionError: float division by zero
FAILED mutants/tests/covarianceTest.py::test_covariance_with_func[originalInput1_18-originalInput1_28] - ZeroDivisionError: float division by zero
FAILED mutants/tests/covarianceTest.py::test_covariance_with_func[originalInput1_19-originalInput1_29] - ZeroDivisionError: float division by zero
10 failed, 1 warning in 0.07s
❌ x_covariance__mutmut_18 存在失败 (退出码 1)

================================================================================
RUNNING covariance.py :: x_covariance__mutmut_19  -  2025-10-16T10:10:41.945270
================================================================================

>>> 当前使用的函数: x_covariance__mutmut_19
函数源码如下：
def x_covariance__mutmut_19(elements1, elements2):
    size = len(elements1)
    sumx = elements1[0]
    sumy = elements2[0]
    sxy = 0

    for i in range(0, size):
        x = elements1[i]
        y = elements2[i]

        sumx += x
        sxy += (x - sumx / (i + 1)) / (y - sumy / i)
        sumy += y

    return sxy / (size - 1)

FFFFFFFFFF
========================================================== FAILURES ==========================================================
_______________________________ test_covariance_with_func[originalInput1_10-originalInput1_20] _______________________________
mutants/tests/covarianceTest.py:156: in test_covariance_with_func
    originalResult = func(originalInput1_1, originalInput1_2)
mutants/src/covariance.py:329: in x_covariance__mutmut_19
    sxy += (x - sumx / (i + 1)) / (y - sumy / i)
E   ZeroDivisionError: float division by zero
_______________________________ test_covariance_with_func[originalInput1_11-originalInput1_21] _______________________________
mutants/tests/covarianceTest.py:156: in test_covariance_with_func
    originalResult = func(originalInput1_1, originalInput1_2)
mutants/src/covariance.py:329: in x_covariance__mutmut_19
    sxy += (x - sumx / (i + 1)) / (y - sumy / i)
E   ZeroDivisionError: float division by zero
_______________________________ test_covariance_with_func[originalInput1_12-originalInput1_22] _______________________________
mutants/tests/covarianceTest.py:156: in test_covariance_with_func
    originalResult = func(originalInput1_1, originalInput1_2)
mutants/src/covariance.py:329: in x_covariance__mutmut_19
    sxy += (x - sumx / (i + 1)) / (y - sumy / i)
E   ZeroDivisionError: float division by zero
_______________________________ test_covariance_with_func[originalInput1_13-originalInput1_23] _______________________________
mutants/tests/covarianceTest.py:156: in test_covariance_with_func
    originalResult = func(originalInput1_1, originalInput1_2)
mutants/src/covariance.py:329: in x_covariance__mutmut_19
    sxy += (x - sumx / (i + 1)) / (y - sumy / i)
E   ZeroDivisionError: float division by zero
_______________________________ test_covariance_with_func[originalInput1_14-originalInput1_24] _______________________________
mutants/tests/covarianceTest.py:156: in test_covariance_with_func
    originalResult = func(originalInput1_1, originalInput1_2)
mutants/src/covariance.py:329: in x_covariance__mutmut_19
    sxy += (x - sumx / (i + 1)) / (y - sumy / i)
E   ZeroDivisionError: float division by zero
_______________________________ test_covariance_with_func[originalInput1_15-originalInput1_25] _______________________________
mutants/tests/covarianceTest.py:156: in test_covariance_with_func
    originalResult = func(originalInput1_1, originalInput1_2)
mutants/src/covariance.py:329: in x_covariance__mutmut_19
    sxy += (x - sumx / (i + 1)) / (y - sumy / i)
E   ZeroDivisionError: float division by zero
_______________________________ test_covariance_with_func[originalInput1_16-originalInput1_26] _______________________________
mutants/tests/covarianceTest.py:156: in test_covariance_with_func
    originalResult = func(originalInput1_1, originalInput1_2)
mutants/src/covariance.py:329: in x_covariance__mutmut_19
    sxy += (x - sumx / (i + 1)) / (y - sumy / i)
E   ZeroDivisionError: float division by zero
_______________________________ test_covariance_with_func[originalInput1_17-originalInput1_27] _______________________________
mutants/tests/covarianceTest.py:156: in test_covariance_with_func
    originalResult = func(originalInput1_1, originalInput1_2)
mutants/src/covariance.py:329: in x_covariance__mutmut_19
    sxy += (x - sumx / (i + 1)) / (y - sumy / i)
E   ZeroDivisionError: float division by zero
_______________________________ test_covariance_with_func[originalInput1_18-originalInput1_28] _______________________________
mutants/tests/covarianceTest.py:156: in test_covariance_with_func
    originalResult = func(originalInput1_1, originalInput1_2)
mutants/src/covariance.py:329: in x_covariance__mutmut_19
    sxy += (x - sumx / (i + 1)) / (y - sumy / i)
E   ZeroDivisionError: float division by zero
_______________________________ test_covariance_with_func[originalInput1_19-originalInput1_29] _______________________________
mutants/tests/covarianceTest.py:156: in test_covariance_with_func
    originalResult = func(originalInput1_1, originalInput1_2)
mutants/src/covariance.py:329: in x_covariance__mutmut_19
    sxy += (x - sumx / (i + 1)) / (y - sumy / i)
E   ZeroDivisionError: float division by zero
====================================================== warnings summary ======================================================
../../anaconda3/envs/mutmut39/lib/python3.9/site-packages/_pytest/config/__init__.py:1474
  /home/rts/anaconda3/envs/mutmut39/lib/python3.9/site-packages/_pytest/config/__init__.py:1474: PytestConfigWarning: Unknown config option: pytest -vv --tb
  
    self._warn_or_fail_if_strict(f"Unknown config option: {key}\n")

-- Docs: https://docs.pytest.org/en/stable/how-to/capture-warnings.html
================================================== short test summary info ===================================================
FAILED mutants/tests/covarianceTest.py::test_covariance_with_func[originalInput1_10-originalInput1_20] - ZeroDivisionError: float division by zero
FAILED mutants/tests/covarianceTest.py::test_covariance_with_func[originalInput1_11-originalInput1_21] - ZeroDivisionError: float division by zero
FAILED mutants/tests/covarianceTest.py::test_covariance_with_func[originalInput1_12-originalInput1_22] - ZeroDivisionError: float division by zero
FAILED mutants/tests/covarianceTest.py::test_covariance_with_func[originalInput1_13-originalInput1_23] - ZeroDivisionError: float division by zero
FAILED mutants/tests/covarianceTest.py::test_covariance_with_func[originalInput1_14-originalInput1_24] - ZeroDivisionError: float division by zero
FAILED mutants/tests/covarianceTest.py::test_covariance_with_func[originalInput1_15-originalInput1_25] - ZeroDivisionError: float division by zero
FAILED mutants/tests/covarianceTest.py::test_covariance_with_func[originalInput1_16-originalInput1_26] - ZeroDivisionError: float division by zero
FAILED mutants/tests/covarianceTest.py::test_covariance_with_func[originalInput1_17-originalInput1_27] - ZeroDivisionError: float division by zero
FAILED mutants/tests/covarianceTest.py::test_covariance_with_func[originalInput1_18-originalInput1_28] - ZeroDivisionError: float division by zero
FAILED mutants/tests/covarianceTest.py::test_covariance_with_func[originalInput1_19-originalInput1_29] - ZeroDivisionError: float division by zero
10 failed, 1 warning in 0.07s
❌ x_covariance__mutmut_19 存在失败 (退出码 1)

================================================================================
RUNNING covariance.py :: x_covariance__mutmut_2  -  2025-10-16T10:10:42.054103
================================================================================

>>> 当前使用的函数: x_covariance__mutmut_2
函数源码如下：
def x_covariance__mutmut_2(elements1, elements2):
    size = len(elements1)
    sumx = None
    sumy = elements2[0]
    sxy = 0

    for i in range(0, size):
        x = elements1[i]
        y = elements2[i]

        sumx += x
        sxy += (x - sumx / (i + 1)) * (y - sumy / i)
        sumy += y

    return sxy / (size - 1)

FFFFFFFFFF
========================================================== FAILURES ==========================================================
_______________________________ test_covariance_with_func[originalInput1_10-originalInput1_20] _______________________________
mutants/tests/covarianceTest.py:156: in test_covariance_with_func
    originalResult = func(originalInput1_1, originalInput1_2)
mutants/src/covariance.py:73: in x_covariance__mutmut_2
    sumx += x
E   TypeError: unsupported operand type(s) for +=: 'NoneType' and 'float'
_______________________________ test_covariance_with_func[originalInput1_11-originalInput1_21] _______________________________
mutants/tests/covarianceTest.py:156: in test_covariance_with_func
    originalResult = func(originalInput1_1, originalInput1_2)
mutants/src/covariance.py:73: in x_covariance__mutmut_2
    sumx += x
E   TypeError: unsupported operand type(s) for +=: 'NoneType' and 'float'
_______________________________ test_covariance_with_func[originalInput1_12-originalInput1_22] _______________________________
mutants/tests/covarianceTest.py:156: in test_covariance_with_func
    originalResult = func(originalInput1_1, originalInput1_2)
mutants/src/covariance.py:73: in x_covariance__mutmut_2
    sumx += x
E   TypeError: unsupported operand type(s) for +=: 'NoneType' and 'float'
_______________________________ test_covariance_with_func[originalInput1_13-originalInput1_23] _______________________________
mutants/tests/covarianceTest.py:156: in test_covariance_with_func
    originalResult = func(originalInput1_1, originalInput1_2)
mutants/src/covariance.py:73: in x_covariance__mutmut_2
    sumx += x
E   TypeError: unsupported operand type(s) for +=: 'NoneType' and 'float'
_______________________________ test_covariance_with_func[originalInput1_14-originalInput1_24] _______________________________
mutants/tests/covarianceTest.py:156: in test_covariance_with_func
    originalResult = func(originalInput1_1, originalInput1_2)
mutants/src/covariance.py:73: in x_covariance__mutmut_2
    sumx += x
E   TypeError: unsupported operand type(s) for +=: 'NoneType' and 'float'
_______________________________ test_covariance_with_func[originalInput1_15-originalInput1_25] _______________________________
mutants/tests/covarianceTest.py:156: in test_covariance_with_func
    originalResult = func(originalInput1_1, originalInput1_2)
mutants/src/covariance.py:73: in x_covariance__mutmut_2
    sumx += x
E   TypeError: unsupported operand type(s) for +=: 'NoneType' and 'float'
_______________________________ test_covariance_with_func[originalInput1_16-originalInput1_26] _______________________________
mutants/tests/covarianceTest.py:156: in test_covariance_with_func
    originalResult = func(originalInput1_1, originalInput1_2)
mutants/src/covariance.py:73: in x_covariance__mutmut_2
    sumx += x
E   TypeError: unsupported operand type(s) for +=: 'NoneType' and 'float'
_______________________________ test_covariance_with_func[originalInput1_17-originalInput1_27] _______________________________
mutants/tests/covarianceTest.py:156: in test_covariance_with_func
    originalResult = func(originalInput1_1, originalInput1_2)
mutants/src/covariance.py:73: in x_covariance__mutmut_2
    sumx += x
E   TypeError: unsupported operand type(s) for +=: 'NoneType' and 'float'
_______________________________ test_covariance_with_func[originalInput1_18-originalInput1_28] _______________________________
mutants/tests/covarianceTest.py:156: in test_covariance_with_func
    originalResult = func(originalInput1_1, originalInput1_2)
mutants/src/covariance.py:73: in x_covariance__mutmut_2
    sumx += x
E   TypeError: unsupported operand type(s) for +=: 'NoneType' and 'float'
_______________________________ test_covariance_with_func[originalInput1_19-originalInput1_29] _______________________________
mutants/tests/covarianceTest.py:156: in test_covariance_with_func
    originalResult = func(originalInput1_1, originalInput1_2)
mutants/src/covariance.py:73: in x_covariance__mutmut_2
    sumx += x
E   TypeError: unsupported operand type(s) for +=: 'NoneType' and 'float'
====================================================== warnings summary ======================================================
../../anaconda3/envs/mutmut39/lib/python3.9/site-packages/_pytest/config/__init__.py:1474
  /home/rts/anaconda3/envs/mutmut39/lib/python3.9/site-packages/_pytest/config/__init__.py:1474: PytestConfigWarning: Unknown config option: pytest -vv --tb
  
    self._warn_or_fail_if_strict(f"Unknown config option: {key}\n")

-- Docs: https://docs.pytest.org/en/stable/how-to/capture-warnings.html
================================================== short test summary info ===================================================
FAILED mutants/tests/covarianceTest.py::test_covariance_with_func[originalInput1_10-originalInput1_20] - TypeError: unsupported operand type(s) for +=: 'NoneType' and 'float'
FAILED mutants/tests/covarianceTest.py::test_covariance_with_func[originalInput1_11-originalInput1_21] - TypeError: unsupported operand type(s) for +=: 'NoneType' and 'float'
FAILED mutants/tests/covarianceTest.py::test_covariance_with_func[originalInput1_12-originalInput1_22] - TypeError: unsupported operand type(s) for +=: 'NoneType' and 'float'
FAILED mutants/tests/covarianceTest.py::test_covariance_with_func[originalInput1_13-originalInput1_23] - TypeError: unsupported operand type(s) for +=: 'NoneType' and 'float'
FAILED mutants/tests/covarianceTest.py::test_covariance_with_func[originalInput1_14-originalInput1_24] - TypeError: unsupported operand type(s) for +=: 'NoneType' and 'float'
FAILED mutants/tests/covarianceTest.py::test_covariance_with_func[originalInput1_15-originalInput1_25] - TypeError: unsupported operand type(s) for +=: 'NoneType' and 'float'
FAILED mutants/tests/covarianceTest.py::test_covariance_with_func[originalInput1_16-originalInput1_26] - TypeError: unsupported operand type(s) for +=: 'NoneType' and 'float'
FAILED mutants/tests/covarianceTest.py::test_covariance_with_func[originalInput1_17-originalInput1_27] - TypeError: unsupported operand type(s) for +=: 'NoneType' and 'float'
FAILED mutants/tests/covarianceTest.py::test_covariance_with_func[originalInput1_18-originalInput1_28] - TypeError: unsupported operand type(s) for +=: 'NoneType' and 'float'
FAILED mutants/tests/covarianceTest.py::test_covariance_with_func[originalInput1_19-originalInput1_29] - TypeError: unsupported operand type(s) for +=: 'NoneType' and 'float'
10 failed, 1 warning in 0.07s
❌ x_covariance__mutmut_2 存在失败 (退出码 1)

================================================================================
RUNNING covariance.py :: x_covariance__mutmut_20  -  2025-10-16T10:10:42.161400
================================================================================

>>> 当前使用的函数: x_covariance__mutmut_20
函数源码如下：
def x_covariance__mutmut_20(elements1, elements2):
    size = len(elements1)
    sumx = elements1[0]
    sumy = elements2[0]
    sxy = 0

    for i in range(0, size):
        x = elements1[i]
        y = elements2[i]

        sumx += x
        sxy += (x + sumx / (i + 1)) * (y - sumy / i)
        sumy += y

    return sxy / (size - 1)

FFFFFFFFFF
========================================================== FAILURES ==========================================================
_______________________________ test_covariance_with_func[originalInput1_10-originalInput1_20] _______________________________
mutants/tests/covarianceTest.py:156: in test_covariance_with_func
    originalResult = func(originalInput1_1, originalInput1_2)
mutants/src/covariance.py:344: in x_covariance__mutmut_20
    sxy += (x + sumx / (i + 1)) * (y - sumy / i)
E   ZeroDivisionError: float division by zero
_______________________________ test_covariance_with_func[originalInput1_11-originalInput1_21] _______________________________
mutants/tests/covarianceTest.py:156: in test_covariance_with_func
    originalResult = func(originalInput1_1, originalInput1_2)
mutants/src/covariance.py:344: in x_covariance__mutmut_20
    sxy += (x + sumx / (i + 1)) * (y - sumy / i)
E   ZeroDivisionError: float division by zero
_______________________________ test_covariance_with_func[originalInput1_12-originalInput1_22] _______________________________
mutants/tests/covarianceTest.py:156: in test_covariance_with_func
    originalResult = func(originalInput1_1, originalInput1_2)
mutants/src/covariance.py:344: in x_covariance__mutmut_20
    sxy += (x + sumx / (i + 1)) * (y - sumy / i)
E   ZeroDivisionError: float division by zero
_______________________________ test_covariance_with_func[originalInput1_13-originalInput1_23] _______________________________
mutants/tests/covarianceTest.py:156: in test_covariance_with_func
    originalResult = func(originalInput1_1, originalInput1_2)
mutants/src/covariance.py:344: in x_covariance__mutmut_20
    sxy += (x + sumx / (i + 1)) * (y - sumy / i)
E   ZeroDivisionError: float division by zero
_______________________________ test_covariance_with_func[originalInput1_14-originalInput1_24] _______________________________
mutants/tests/covarianceTest.py:156: in test_covariance_with_func
    originalResult = func(originalInput1_1, originalInput1_2)
mutants/src/covariance.py:344: in x_covariance__mutmut_20
    sxy += (x + sumx / (i + 1)) * (y - sumy / i)
E   ZeroDivisionError: float division by zero
_______________________________ test_covariance_with_func[originalInput1_15-originalInput1_25] _______________________________
mutants/tests/covarianceTest.py:156: in test_covariance_with_func
    originalResult = func(originalInput1_1, originalInput1_2)
mutants/src/covariance.py:344: in x_covariance__mutmut_20
    sxy += (x + sumx / (i + 1)) * (y - sumy / i)
E   ZeroDivisionError: float division by zero
_______________________________ test_covariance_with_func[originalInput1_16-originalInput1_26] _______________________________
mutants/tests/covarianceTest.py:156: in test_covariance_with_func
    originalResult = func(originalInput1_1, originalInput1_2)
mutants/src/covariance.py:344: in x_covariance__mutmut_20
    sxy += (x + sumx / (i + 1)) * (y - sumy / i)
E   ZeroDivisionError: float division by zero
_______________________________ test_covariance_with_func[originalInput1_17-originalInput1_27] _______________________________
mutants/tests/covarianceTest.py:156: in test_covariance_with_func
    originalResult = func(originalInput1_1, originalInput1_2)
mutants/src/covariance.py:344: in x_covariance__mutmut_20
    sxy += (x + sumx / (i + 1)) * (y - sumy / i)
E   ZeroDivisionError: float division by zero
_______________________________ test_covariance_with_func[originalInput1_18-originalInput1_28] _______________________________
mutants/tests/covarianceTest.py:156: in test_covariance_with_func
    originalResult = func(originalInput1_1, originalInput1_2)
mutants/src/covariance.py:344: in x_covariance__mutmut_20
    sxy += (x + sumx / (i + 1)) * (y - sumy / i)
E   ZeroDivisionError: float division by zero
_______________________________ test_covariance_with_func[originalInput1_19-originalInput1_29] _______________________________
mutants/tests/covarianceTest.py:156: in test_covariance_with_func
    originalResult = func(originalInput1_1, originalInput1_2)
mutants/src/covariance.py:344: in x_covariance__mutmut_20
    sxy += (x + sumx / (i + 1)) * (y - sumy / i)
E   ZeroDivisionError: float division by zero
====================================================== warnings summary ======================================================
../../anaconda3/envs/mutmut39/lib/python3.9/site-packages/_pytest/config/__init__.py:1474
  /home/rts/anaconda3/envs/mutmut39/lib/python3.9/site-packages/_pytest/config/__init__.py:1474: PytestConfigWarning: Unknown config option: pytest -vv --tb
  
    self._warn_or_fail_if_strict(f"Unknown config option: {key}\n")

-- Docs: https://docs.pytest.org/en/stable/how-to/capture-warnings.html
================================================== short test summary info ===================================================
FAILED mutants/tests/covarianceTest.py::test_covariance_with_func[originalInput1_10-originalInput1_20] - ZeroDivisionError: float division by zero
FAILED mutants/tests/covarianceTest.py::test_covariance_with_func[originalInput1_11-originalInput1_21] - ZeroDivisionError: float division by zero
FAILED mutants/tests/covarianceTest.py::test_covariance_with_func[originalInput1_12-originalInput1_22] - ZeroDivisionError: float division by zero
FAILED mutants/tests/covarianceTest.py::test_covariance_with_func[originalInput1_13-originalInput1_23] - ZeroDivisionError: float division by zero
FAILED mutants/tests/covarianceTest.py::test_covariance_with_func[originalInput1_14-originalInput1_24] - ZeroDivisionError: float division by zero
FAILED mutants/tests/covarianceTest.py::test_covariance_with_func[originalInput1_15-originalInput1_25] - ZeroDivisionError: float division by zero
FAILED mutants/tests/covarianceTest.py::test_covariance_with_func[originalInput1_16-originalInput1_26] - ZeroDivisionError: float division by zero
FAILED mutants/tests/covarianceTest.py::test_covariance_with_func[originalInput1_17-originalInput1_27] - ZeroDivisionError: float division by zero
FAILED mutants/tests/covarianceTest.py::test_covariance_with_func[originalInput1_18-originalInput1_28] - ZeroDivisionError: float division by zero
FAILED mutants/tests/covarianceTest.py::test_covariance_with_func[originalInput1_19-originalInput1_29] - ZeroDivisionError: float division by zero
10 failed, 1 warning in 0.07s
❌ x_covariance__mutmut_20 存在失败 (退出码 1)

================================================================================
RUNNING covariance.py :: x_covariance__mutmut_21  -  2025-10-16T10:10:42.269683
================================================================================

>>> 当前使用的函数: x_covariance__mutmut_21
函数源码如下：
def x_covariance__mutmut_21(elements1, elements2):
    size = len(elements1)
    sumx = elements1[0]
    sumy = elements2[0]
    sxy = 0

    for i in range(0, size):
        x = elements1[i]
        y = elements2[i]

        sumx += x
        sxy += (x - sumx * (i + 1)) * (y - sumy / i)
        sumy += y

    return sxy / (size - 1)

FFFFFFFFFF
========================================================== FAILURES ==========================================================
_______________________________ test_covariance_with_func[originalInput1_10-originalInput1_20] _______________________________
mutants/tests/covarianceTest.py:156: in test_covariance_with_func
    originalResult = func(originalInput1_1, originalInput1_2)
mutants/src/covariance.py:359: in x_covariance__mutmut_21
    sxy += (x - sumx * (i + 1)) * (y - sumy / i)
E   ZeroDivisionError: float division by zero
_______________________________ test_covariance_with_func[originalInput1_11-originalInput1_21] _______________________________
mutants/tests/covarianceTest.py:156: in test_covariance_with_func
    originalResult = func(originalInput1_1, originalInput1_2)
mutants/src/covariance.py:359: in x_covariance__mutmut_21
    sxy += (x - sumx * (i + 1)) * (y - sumy / i)
E   ZeroDivisionError: float division by zero
_______________________________ test_covariance_with_func[originalInput1_12-originalInput1_22] _______________________________
mutants/tests/covarianceTest.py:156: in test_covariance_with_func
    originalResult = func(originalInput1_1, originalInput1_2)
mutants/src/covariance.py:359: in x_covariance__mutmut_21
    sxy += (x - sumx * (i + 1)) * (y - sumy / i)
E   ZeroDivisionError: float division by zero
_______________________________ test_covariance_with_func[originalInput1_13-originalInput1_23] _______________________________
mutants/tests/covarianceTest.py:156: in test_covariance_with_func
    originalResult = func(originalInput1_1, originalInput1_2)
mutants/src/covariance.py:359: in x_covariance__mutmut_21
    sxy += (x - sumx * (i + 1)) * (y - sumy / i)
E   ZeroDivisionError: float division by zero
_______________________________ test_covariance_with_func[originalInput1_14-originalInput1_24] _______________________________
mutants/tests/covarianceTest.py:156: in test_covariance_with_func
    originalResult = func(originalInput1_1, originalInput1_2)
mutants/src/covariance.py:359: in x_covariance__mutmut_21
    sxy += (x - sumx * (i + 1)) * (y - sumy / i)
E   ZeroDivisionError: float division by zero
_______________________________ test_covariance_with_func[originalInput1_15-originalInput1_25] _______________________________
mutants/tests/covarianceTest.py:156: in test_covariance_with_func
    originalResult = func(originalInput1_1, originalInput1_2)
mutants/src/covariance.py:359: in x_covariance__mutmut_21
    sxy += (x - sumx * (i + 1)) * (y - sumy / i)
E   ZeroDivisionError: float division by zero
_______________________________ test_covariance_with_func[originalInput1_16-originalInput1_26] _______________________________
mutants/tests/covarianceTest.py:156: in test_covariance_with_func
    originalResult = func(originalInput1_1, originalInput1_2)
mutants/src/covariance.py:359: in x_covariance__mutmut_21
    sxy += (x - sumx * (i + 1)) * (y - sumy / i)
E   ZeroDivisionError: float division by zero
_______________________________ test_covariance_with_func[originalInput1_17-originalInput1_27] _______________________________
mutants/tests/covarianceTest.py:156: in test_covariance_with_func
    originalResult = func(originalInput1_1, originalInput1_2)
mutants/src/covariance.py:359: in x_covariance__mutmut_21
    sxy += (x - sumx * (i + 1)) * (y - sumy / i)
E   ZeroDivisionError: float division by zero
_______________________________ test_covariance_with_func[originalInput1_18-originalInput1_28] _______________________________
mutants/tests/covarianceTest.py:156: in test_covariance_with_func
    originalResult = func(originalInput1_1, originalInput1_2)
mutants/src/covariance.py:359: in x_covariance__mutmut_21
    sxy += (x - sumx * (i + 1)) * (y - sumy / i)
E   ZeroDivisionError: float division by zero
_______________________________ test_covariance_with_func[originalInput1_19-originalInput1_29] _______________________________
mutants/tests/covarianceTest.py:156: in test_covariance_with_func
    originalResult = func(originalInput1_1, originalInput1_2)
mutants/src/covariance.py:359: in x_covariance__mutmut_21
    sxy += (x - sumx * (i + 1)) * (y - sumy / i)
E   ZeroDivisionError: float division by zero
====================================================== warnings summary ======================================================
../../anaconda3/envs/mutmut39/lib/python3.9/site-packages/_pytest/config/__init__.py:1474
  /home/rts/anaconda3/envs/mutmut39/lib/python3.9/site-packages/_pytest/config/__init__.py:1474: PytestConfigWarning: Unknown config option: pytest -vv --tb
  
    self._warn_or_fail_if_strict(f"Unknown config option: {key}\n")

-- Docs: https://docs.pytest.org/en/stable/how-to/capture-warnings.html
================================================== short test summary info ===================================================
FAILED mutants/tests/covarianceTest.py::test_covariance_with_func[originalInput1_10-originalInput1_20] - ZeroDivisionError: float division by zero
FAILED mutants/tests/covarianceTest.py::test_covariance_with_func[originalInput1_11-originalInput1_21] - ZeroDivisionError: float division by zero
FAILED mutants/tests/covarianceTest.py::test_covariance_with_func[originalInput1_12-originalInput1_22] - ZeroDivisionError: float division by zero
FAILED mutants/tests/covarianceTest.py::test_covariance_with_func[originalInput1_13-originalInput1_23] - ZeroDivisionError: float division by zero
FAILED mutants/tests/covarianceTest.py::test_covariance_with_func[originalInput1_14-originalInput1_24] - ZeroDivisionError: float division by zero
FAILED mutants/tests/covarianceTest.py::test_covariance_with_func[originalInput1_15-originalInput1_25] - ZeroDivisionError: float division by zero
FAILED mutants/tests/covarianceTest.py::test_covariance_with_func[originalInput1_16-originalInput1_26] - ZeroDivisionError: float division by zero
FAILED mutants/tests/covarianceTest.py::test_covariance_with_func[originalInput1_17-originalInput1_27] - ZeroDivisionError: float division by zero
FAILED mutants/tests/covarianceTest.py::test_covariance_with_func[originalInput1_18-originalInput1_28] - ZeroDivisionError: float division by zero
FAILED mutants/tests/covarianceTest.py::test_covariance_with_func[originalInput1_19-originalInput1_29] - ZeroDivisionError: float division by zero
10 failed, 1 warning in 0.07s
❌ x_covariance__mutmut_21 存在失败 (退出码 1)

================================================================================
RUNNING covariance.py :: x_covariance__mutmut_22  -  2025-10-16T10:10:42.378190
================================================================================

>>> 当前使用的函数: x_covariance__mutmut_22
函数源码如下：
def x_covariance__mutmut_22(elements1, elements2):
    size = len(elements1)
    sumx = elements1[0]
    sumy = elements2[0]
    sxy = 0

    for i in range(0, size):
        x = elements1[i]
        y = elements2[i]

        sumx += x
        sxy += (x - sumx / (i - 1)) * (y - sumy / i)
        sumy += y

    return sxy / (size - 1)

FFFFFFFFFF
========================================================== FAILURES ==========================================================
_______________________________ test_covariance_with_func[originalInput1_10-originalInput1_20] _______________________________
mutants/tests/covarianceTest.py:156: in test_covariance_with_func
    originalResult = func(originalInput1_1, originalInput1_2)
mutants/src/covariance.py:374: in x_covariance__mutmut_22
    sxy += (x - sumx / (i - 1)) * (y - sumy / i)
E   ZeroDivisionError: float division by zero
_______________________________ test_covariance_with_func[originalInput1_11-originalInput1_21] _______________________________
mutants/tests/covarianceTest.py:156: in test_covariance_with_func
    originalResult = func(originalInput1_1, originalInput1_2)
mutants/src/covariance.py:374: in x_covariance__mutmut_22
    sxy += (x - sumx / (i - 1)) * (y - sumy / i)
E   ZeroDivisionError: float division by zero
_______________________________ test_covariance_with_func[originalInput1_12-originalInput1_22] _______________________________
mutants/tests/covarianceTest.py:156: in test_covariance_with_func
    originalResult = func(originalInput1_1, originalInput1_2)
mutants/src/covariance.py:374: in x_covariance__mutmut_22
    sxy += (x - sumx / (i - 1)) * (y - sumy / i)
E   ZeroDivisionError: float division by zero
_______________________________ test_covariance_with_func[originalInput1_13-originalInput1_23] _______________________________
mutants/tests/covarianceTest.py:156: in test_covariance_with_func
    originalResult = func(originalInput1_1, originalInput1_2)
mutants/src/covariance.py:374: in x_covariance__mutmut_22
    sxy += (x - sumx / (i - 1)) * (y - sumy / i)
E   ZeroDivisionError: float division by zero
_______________________________ test_covariance_with_func[originalInput1_14-originalInput1_24] _______________________________
mutants/tests/covarianceTest.py:156: in test_covariance_with_func
    originalResult = func(originalInput1_1, originalInput1_2)
mutants/src/covariance.py:374: in x_covariance__mutmut_22
    sxy += (x - sumx / (i - 1)) * (y - sumy / i)
E   ZeroDivisionError: float division by zero
_______________________________ test_covariance_with_func[originalInput1_15-originalInput1_25] _______________________________
mutants/tests/covarianceTest.py:156: in test_covariance_with_func
    originalResult = func(originalInput1_1, originalInput1_2)
mutants/src/covariance.py:374: in x_covariance__mutmut_22
    sxy += (x - sumx / (i - 1)) * (y - sumy / i)
E   ZeroDivisionError: float division by zero
_______________________________ test_covariance_with_func[originalInput1_16-originalInput1_26] _______________________________
mutants/tests/covarianceTest.py:156: in test_covariance_with_func
    originalResult = func(originalInput1_1, originalInput1_2)
mutants/src/covariance.py:374: in x_covariance__mutmut_22
    sxy += (x - sumx / (i - 1)) * (y - sumy / i)
E   ZeroDivisionError: float division by zero
_______________________________ test_covariance_with_func[originalInput1_17-originalInput1_27] _______________________________
mutants/tests/covarianceTest.py:156: in test_covariance_with_func
    originalResult = func(originalInput1_1, originalInput1_2)
mutants/src/covariance.py:374: in x_covariance__mutmut_22
    sxy += (x - sumx / (i - 1)) * (y - sumy / i)
E   ZeroDivisionError: float division by zero
_______________________________ test_covariance_with_func[originalInput1_18-originalInput1_28] _______________________________
mutants/tests/covarianceTest.py:156: in test_covariance_with_func
    originalResult = func(originalInput1_1, originalInput1_2)
mutants/src/covariance.py:374: in x_covariance__mutmut_22
    sxy += (x - sumx / (i - 1)) * (y - sumy / i)
E   ZeroDivisionError: float division by zero
_______________________________ test_covariance_with_func[originalInput1_19-originalInput1_29] _______________________________
mutants/tests/covarianceTest.py:156: in test_covariance_with_func
    originalResult = func(originalInput1_1, originalInput1_2)
mutants/src/covariance.py:374: in x_covariance__mutmut_22
    sxy += (x - sumx / (i - 1)) * (y - sumy / i)
E   ZeroDivisionError: float division by zero
====================================================== warnings summary ======================================================
../../anaconda3/envs/mutmut39/lib/python3.9/site-packages/_pytest/config/__init__.py:1474
  /home/rts/anaconda3/envs/mutmut39/lib/python3.9/site-packages/_pytest/config/__init__.py:1474: PytestConfigWarning: Unknown config option: pytest -vv --tb
  
    self._warn_or_fail_if_strict(f"Unknown config option: {key}\n")

-- Docs: https://docs.pytest.org/en/stable/how-to/capture-warnings.html
================================================== short test summary info ===================================================
FAILED mutants/tests/covarianceTest.py::test_covariance_with_func[originalInput1_10-originalInput1_20] - ZeroDivisionError: float division by zero
FAILED mutants/tests/covarianceTest.py::test_covariance_with_func[originalInput1_11-originalInput1_21] - ZeroDivisionError: float division by zero
FAILED mutants/tests/covarianceTest.py::test_covariance_with_func[originalInput1_12-originalInput1_22] - ZeroDivisionError: float division by zero
FAILED mutants/tests/covarianceTest.py::test_covariance_with_func[originalInput1_13-originalInput1_23] - ZeroDivisionError: float division by zero
FAILED mutants/tests/covarianceTest.py::test_covariance_with_func[originalInput1_14-originalInput1_24] - ZeroDivisionError: float division by zero
FAILED mutants/tests/covarianceTest.py::test_covariance_with_func[originalInput1_15-originalInput1_25] - ZeroDivisionError: float division by zero
FAILED mutants/tests/covarianceTest.py::test_covariance_with_func[originalInput1_16-originalInput1_26] - ZeroDivisionError: float division by zero
FAILED mutants/tests/covarianceTest.py::test_covariance_with_func[originalInput1_17-originalInput1_27] - ZeroDivisionError: float division by zero
FAILED mutants/tests/covarianceTest.py::test_covariance_with_func[originalInput1_18-originalInput1_28] - ZeroDivisionError: float division by zero
FAILED mutants/tests/covarianceTest.py::test_covariance_with_func[originalInput1_19-originalInput1_29] - ZeroDivisionError: float division by zero
10 failed, 1 warning in 0.07s
❌ x_covariance__mutmut_22 存在失败 (退出码 1)

================================================================================
RUNNING covariance.py :: x_covariance__mutmut_23  -  2025-10-16T10:10:42.484860
================================================================================

>>> 当前使用的函数: x_covariance__mutmut_23
函数源码如下：
def x_covariance__mutmut_23(elements1, elements2):
    size = len(elements1)
    sumx = elements1[0]
    sumy = elements2[0]
    sxy = 0

    for i in range(0, size):
        x = elements1[i]
        y = elements2[i]

        sumx += x
        sxy += (x - sumx / (i + 2)) * (y - sumy / i)
        sumy += y

    return sxy / (size - 1)

FFFFFFFFFF
========================================================== FAILURES ==========================================================
_______________________________ test_covariance_with_func[originalInput1_10-originalInput1_20] _______________________________
mutants/tests/covarianceTest.py:156: in test_covariance_with_func
    originalResult = func(originalInput1_1, originalInput1_2)
mutants/src/covariance.py:389: in x_covariance__mutmut_23
    sxy += (x - sumx / (i + 2)) * (y - sumy / i)
E   ZeroDivisionError: float division by zero
_______________________________ test_covariance_with_func[originalInput1_11-originalInput1_21] _______________________________
mutants/tests/covarianceTest.py:156: in test_covariance_with_func
    originalResult = func(originalInput1_1, originalInput1_2)
mutants/src/covariance.py:389: in x_covariance__mutmut_23
    sxy += (x - sumx / (i + 2)) * (y - sumy / i)
E   ZeroDivisionError: float division by zero
_______________________________ test_covariance_with_func[originalInput1_12-originalInput1_22] _______________________________
mutants/tests/covarianceTest.py:156: in test_covariance_with_func
    originalResult = func(originalInput1_1, originalInput1_2)
mutants/src/covariance.py:389: in x_covariance__mutmut_23
    sxy += (x - sumx / (i + 2)) * (y - sumy / i)
E   ZeroDivisionError: float division by zero
_______________________________ test_covariance_with_func[originalInput1_13-originalInput1_23] _______________________________
mutants/tests/covarianceTest.py:156: in test_covariance_with_func
    originalResult = func(originalInput1_1, originalInput1_2)
mutants/src/covariance.py:389: in x_covariance__mutmut_23
    sxy += (x - sumx / (i + 2)) * (y - sumy / i)
E   ZeroDivisionError: float division by zero
_______________________________ test_covariance_with_func[originalInput1_14-originalInput1_24] _______________________________
mutants/tests/covarianceTest.py:156: in test_covariance_with_func
    originalResult = func(originalInput1_1, originalInput1_2)
mutants/src/covariance.py:389: in x_covariance__mutmut_23
    sxy += (x - sumx / (i + 2)) * (y - sumy / i)
E   ZeroDivisionError: float division by zero
_______________________________ test_covariance_with_func[originalInput1_15-originalInput1_25] _______________________________
mutants/tests/covarianceTest.py:156: in test_covariance_with_func
    originalResult = func(originalInput1_1, originalInput1_2)
mutants/src/covariance.py:389: in x_covariance__mutmut_23
    sxy += (x - sumx / (i + 2)) * (y - sumy / i)
E   ZeroDivisionError: float division by zero
_______________________________ test_covariance_with_func[originalInput1_16-originalInput1_26] _______________________________
mutants/tests/covarianceTest.py:156: in test_covariance_with_func
    originalResult = func(originalInput1_1, originalInput1_2)
mutants/src/covariance.py:389: in x_covariance__mutmut_23
    sxy += (x - sumx / (i + 2)) * (y - sumy / i)
E   ZeroDivisionError: float division by zero
_______________________________ test_covariance_with_func[originalInput1_17-originalInput1_27] _______________________________
mutants/tests/covarianceTest.py:156: in test_covariance_with_func
    originalResult = func(originalInput1_1, originalInput1_2)
mutants/src/covariance.py:389: in x_covariance__mutmut_23
    sxy += (x - sumx / (i + 2)) * (y - sumy / i)
E   ZeroDivisionError: float division by zero
_______________________________ test_covariance_with_func[originalInput1_18-originalInput1_28] _______________________________
mutants/tests/covarianceTest.py:156: in test_covariance_with_func
    originalResult = func(originalInput1_1, originalInput1_2)
mutants/src/covariance.py:389: in x_covariance__mutmut_23
    sxy += (x - sumx / (i + 2)) * (y - sumy / i)
E   ZeroDivisionError: float division by zero
_______________________________ test_covariance_with_func[originalInput1_19-originalInput1_29] _______________________________
mutants/tests/covarianceTest.py:156: in test_covariance_with_func
    originalResult = func(originalInput1_1, originalInput1_2)
mutants/src/covariance.py:389: in x_covariance__mutmut_23
    sxy += (x - sumx / (i + 2)) * (y - sumy / i)
E   ZeroDivisionError: float division by zero
====================================================== warnings summary ======================================================
../../anaconda3/envs/mutmut39/lib/python3.9/site-packages/_pytest/config/__init__.py:1474
  /home/rts/anaconda3/envs/mutmut39/lib/python3.9/site-packages/_pytest/config/__init__.py:1474: PytestConfigWarning: Unknown config option: pytest -vv --tb
  
    self._warn_or_fail_if_strict(f"Unknown config option: {key}\n")

-- Docs: https://docs.pytest.org/en/stable/how-to/capture-warnings.html
================================================== short test summary info ===================================================
FAILED mutants/tests/covarianceTest.py::test_covariance_with_func[originalInput1_10-originalInput1_20] - ZeroDivisionError: float division by zero
FAILED mutants/tests/covarianceTest.py::test_covariance_with_func[originalInput1_11-originalInput1_21] - ZeroDivisionError: float division by zero
FAILED mutants/tests/covarianceTest.py::test_covariance_with_func[originalInput1_12-originalInput1_22] - ZeroDivisionError: float division by zero
FAILED mutants/tests/covarianceTest.py::test_covariance_with_func[originalInput1_13-originalInput1_23] - ZeroDivisionError: float division by zero
FAILED mutants/tests/covarianceTest.py::test_covariance_with_func[originalInput1_14-originalInput1_24] - ZeroDivisionError: float division by zero
FAILED mutants/tests/covarianceTest.py::test_covariance_with_func[originalInput1_15-originalInput1_25] - ZeroDivisionError: float division by zero
FAILED mutants/tests/covarianceTest.py::test_covariance_with_func[originalInput1_16-originalInput1_26] - ZeroDivisionError: float division by zero
FAILED mutants/tests/covarianceTest.py::test_covariance_with_func[originalInput1_17-originalInput1_27] - ZeroDivisionError: float division by zero
FAILED mutants/tests/covarianceTest.py::test_covariance_with_func[originalInput1_18-originalInput1_28] - ZeroDivisionError: float division by zero
FAILED mutants/tests/covarianceTest.py::test_covariance_with_func[originalInput1_19-originalInput1_29] - ZeroDivisionError: float division by zero
10 failed, 1 warning in 0.07s
❌ x_covariance__mutmut_23 存在失败 (退出码 1)

================================================================================
RUNNING covariance.py :: x_covariance__mutmut_24  -  2025-10-16T10:10:42.594606
================================================================================

>>> 当前使用的函数: x_covariance__mutmut_24
函数源码如下：
def x_covariance__mutmut_24(elements1, elements2):
    size = len(elements1)
    sumx = elements1[0]
    sumy = elements2[0]
    sxy = 0

    for i in range(0, size):
        x = elements1[i]
        y = elements2[i]

        sumx += x
        sxy += (x - sumx / (i + 1)) * (y + sumy / i)
        sumy += y

    return sxy / (size - 1)

FFFFFFFFFF
========================================================== FAILURES ==========================================================
_______________________________ test_covariance_with_func[originalInput1_10-originalInput1_20] _______________________________
mutants/tests/covarianceTest.py:156: in test_covariance_with_func
    originalResult = func(originalInput1_1, originalInput1_2)
mutants/src/covariance.py:404: in x_covariance__mutmut_24
    sxy += (x - sumx / (i + 1)) * (y + sumy / i)
E   ZeroDivisionError: float division by zero
_______________________________ test_covariance_with_func[originalInput1_11-originalInput1_21] _______________________________
mutants/tests/covarianceTest.py:156: in test_covariance_with_func
    originalResult = func(originalInput1_1, originalInput1_2)
mutants/src/covariance.py:404: in x_covariance__mutmut_24
    sxy += (x - sumx / (i + 1)) * (y + sumy / i)
E   ZeroDivisionError: float division by zero
_______________________________ test_covariance_with_func[originalInput1_12-originalInput1_22] _______________________________
mutants/tests/covarianceTest.py:156: in test_covariance_with_func
    originalResult = func(originalInput1_1, originalInput1_2)
mutants/src/covariance.py:404: in x_covariance__mutmut_24
    sxy += (x - sumx / (i + 1)) * (y + sumy / i)
E   ZeroDivisionError: float division by zero
_______________________________ test_covariance_with_func[originalInput1_13-originalInput1_23] _______________________________
mutants/tests/covarianceTest.py:156: in test_covariance_with_func
    originalResult = func(originalInput1_1, originalInput1_2)
mutants/src/covariance.py:404: in x_covariance__mutmut_24
    sxy += (x - sumx / (i + 1)) * (y + sumy / i)
E   ZeroDivisionError: float division by zero
_______________________________ test_covariance_with_func[originalInput1_14-originalInput1_24] _______________________________
mutants/tests/covarianceTest.py:156: in test_covariance_with_func
    originalResult = func(originalInput1_1, originalInput1_2)
mutants/src/covariance.py:404: in x_covariance__mutmut_24
    sxy += (x - sumx / (i + 1)) * (y + sumy / i)
E   ZeroDivisionError: float division by zero
_______________________________ test_covariance_with_func[originalInput1_15-originalInput1_25] _______________________________
mutants/tests/covarianceTest.py:156: in test_covariance_with_func
    originalResult = func(originalInput1_1, originalInput1_2)
mutants/src/covariance.py:404: in x_covariance__mutmut_24
    sxy += (x - sumx / (i + 1)) * (y + sumy / i)
E   ZeroDivisionError: float division by zero
_______________________________ test_covariance_with_func[originalInput1_16-originalInput1_26] _______________________________
mutants/tests/covarianceTest.py:156: in test_covariance_with_func
    originalResult = func(originalInput1_1, originalInput1_2)
mutants/src/covariance.py:404: in x_covariance__mutmut_24
    sxy += (x - sumx / (i + 1)) * (y + sumy / i)
E   ZeroDivisionError: float division by zero
_______________________________ test_covariance_with_func[originalInput1_17-originalInput1_27] _______________________________
mutants/tests/covarianceTest.py:156: in test_covariance_with_func
    originalResult = func(originalInput1_1, originalInput1_2)
mutants/src/covariance.py:404: in x_covariance__mutmut_24
    sxy += (x - sumx / (i + 1)) * (y + sumy / i)
E   ZeroDivisionError: float division by zero
_______________________________ test_covariance_with_func[originalInput1_18-originalInput1_28] _______________________________
mutants/tests/covarianceTest.py:156: in test_covariance_with_func
    originalResult = func(originalInput1_1, originalInput1_2)
mutants/src/covariance.py:404: in x_covariance__mutmut_24
    sxy += (x - sumx / (i + 1)) * (y + sumy / i)
E   ZeroDivisionError: float division by zero
_______________________________ test_covariance_with_func[originalInput1_19-originalInput1_29] _______________________________
mutants/tests/covarianceTest.py:156: in test_covariance_with_func
    originalResult = func(originalInput1_1, originalInput1_2)
mutants/src/covariance.py:404: in x_covariance__mutmut_24
    sxy += (x - sumx / (i + 1)) * (y + sumy / i)
E   ZeroDivisionError: float division by zero
====================================================== warnings summary ======================================================
../../anaconda3/envs/mutmut39/lib/python3.9/site-packages/_pytest/config/__init__.py:1474
  /home/rts/anaconda3/envs/mutmut39/lib/python3.9/site-packages/_pytest/config/__init__.py:1474: PytestConfigWarning: Unknown config option: pytest -vv --tb
  
    self._warn_or_fail_if_strict(f"Unknown config option: {key}\n")

-- Docs: https://docs.pytest.org/en/stable/how-to/capture-warnings.html
================================================== short test summary info ===================================================
FAILED mutants/tests/covarianceTest.py::test_covariance_with_func[originalInput1_10-originalInput1_20] - ZeroDivisionError: float division by zero
FAILED mutants/tests/covarianceTest.py::test_covariance_with_func[originalInput1_11-originalInput1_21] - ZeroDivisionError: float division by zero
FAILED mutants/tests/covarianceTest.py::test_covariance_with_func[originalInput1_12-originalInput1_22] - ZeroDivisionError: float division by zero
FAILED mutants/tests/covarianceTest.py::test_covariance_with_func[originalInput1_13-originalInput1_23] - ZeroDivisionError: float division by zero
FAILED mutants/tests/covarianceTest.py::test_covariance_with_func[originalInput1_14-originalInput1_24] - ZeroDivisionError: float division by zero
FAILED mutants/tests/covarianceTest.py::test_covariance_with_func[originalInput1_15-originalInput1_25] - ZeroDivisionError: float division by zero
FAILED mutants/tests/covarianceTest.py::test_covariance_with_func[originalInput1_16-originalInput1_26] - ZeroDivisionError: float division by zero
FAILED mutants/tests/covarianceTest.py::test_covariance_with_func[originalInput1_17-originalInput1_27] - ZeroDivisionError: float division by zero
FAILED mutants/tests/covarianceTest.py::test_covariance_with_func[originalInput1_18-originalInput1_28] - ZeroDivisionError: float division by zero
FAILED mutants/tests/covarianceTest.py::test_covariance_with_func[originalInput1_19-originalInput1_29] - ZeroDivisionError: float division by zero
10 failed, 1 warning in 0.07s
❌ x_covariance__mutmut_24 存在失败 (退出码 1)

================================================================================
RUNNING covariance.py :: x_covariance__mutmut_25  -  2025-10-16T10:10:42.705482
================================================================================

>>> 当前使用的函数: x_covariance__mutmut_25
函数源码如下：
def x_covariance__mutmut_25(elements1, elements2):
    size = len(elements1)
    sumx = elements1[0]
    sumy = elements2[0]
    sxy = 0

    for i in range(0, size):
        x = elements1[i]
        y = elements2[i]

        sumx += x
        sxy += (x - sumx / (i + 1)) * (y - sumy * i)
        sumy += y

    return sxy / (size - 1)

FFFFFFFFFF
========================================================== FAILURES ==========================================================
_______________________________ test_covariance_with_func[originalInput1_10-originalInput1_20] _______________________________
mutants/tests/covarianceTest.py:157: in test_covariance_with_func
    applyMR_Assert(originalInput1_1, originalInput1_2, originalResult)
mutants/tests/covarianceTest.py:124: in applyMR_Assert
    check.equal(originalResult, transformResult6, delta=delta, msg="MR6 failed")
E   TypeError: equal() got an unexpected keyword argument 'delta'
_______________________________ test_covariance_with_func[originalInput1_11-originalInput1_21] _______________________________
mutants/tests/covarianceTest.py:157: in test_covariance_with_func
    applyMR_Assert(originalInput1_1, originalInput1_2, originalResult)
mutants/tests/covarianceTest.py:124: in applyMR_Assert
    check.equal(originalResult, transformResult6, delta=delta, msg="MR6 failed")
E   TypeError: equal() got an unexpected keyword argument 'delta'
_______________________________ test_covariance_with_func[originalInput1_12-originalInput1_22] _______________________________
mutants/tests/covarianceTest.py:157: in test_covariance_with_func
    applyMR_Assert(originalInput1_1, originalInput1_2, originalResult)
mutants/tests/covarianceTest.py:124: in applyMR_Assert
    check.equal(originalResult, transformResult6, delta=delta, msg="MR6 failed")
E   TypeError: equal() got an unexpected keyword argument 'delta'
_______________________________ test_covariance_with_func[originalInput1_13-originalInput1_23] _______________________________
mutants/tests/covarianceTest.py:157: in test_covariance_with_func
    applyMR_Assert(originalInput1_1, originalInput1_2, originalResult)
mutants/tests/covarianceTest.py:124: in applyMR_Assert
    check.equal(originalResult, transformResult6, delta=delta, msg="MR6 failed")
E   TypeError: equal() got an unexpected keyword argument 'delta'
_______________________________ test_covariance_with_func[originalInput1_14-originalInput1_24] _______________________________
mutants/tests/covarianceTest.py:157: in test_covariance_with_func
    applyMR_Assert(originalInput1_1, originalInput1_2, originalResult)
mutants/tests/covarianceTest.py:124: in applyMR_Assert
    check.equal(originalResult, transformResult6, delta=delta, msg="MR6 failed")
E   TypeError: equal() got an unexpected keyword argument 'delta'
_______________________________ test_covariance_with_func[originalInput1_15-originalInput1_25] _______________________________
mutants/tests/covarianceTest.py:157: in test_covariance_with_func
    applyMR_Assert(originalInput1_1, originalInput1_2, originalResult)
mutants/tests/covarianceTest.py:124: in applyMR_Assert
    check.equal(originalResult, transformResult6, delta=delta, msg="MR6 failed")
E   TypeError: equal() got an unexpected keyword argument 'delta'
_______________________________ test_covariance_with_func[originalInput1_16-originalInput1_26] _______________________________
mutants/tests/covarianceTest.py:157: in test_covariance_with_func
    applyMR_Assert(originalInput1_1, originalInput1_2, originalResult)
mutants/tests/covarianceTest.py:124: in applyMR_Assert
    check.equal(originalResult, transformResult6, delta=delta, msg="MR6 failed")
E   TypeError: equal() got an unexpected keyword argument 'delta'
_______________________________ test_covariance_with_func[originalInput1_17-originalInput1_27] _______________________________
mutants/tests/covarianceTest.py:157: in test_covariance_with_func
    applyMR_Assert(originalInput1_1, originalInput1_2, originalResult)
mutants/tests/covarianceTest.py:124: in applyMR_Assert
    check.equal(originalResult, transformResult6, delta=delta, msg="MR6 failed")
E   TypeError: equal() got an unexpected keyword argument 'delta'
_______________________________ test_covariance_with_func[originalInput1_18-originalInput1_28] _______________________________
mutants/tests/covarianceTest.py:157: in test_covariance_with_func
    applyMR_Assert(originalInput1_1, originalInput1_2, originalResult)
mutants/tests/covarianceTest.py:124: in applyMR_Assert
    check.equal(originalResult, transformResult6, delta=delta, msg="MR6 failed")
E   TypeError: equal() got an unexpected keyword argument 'delta'
_______________________________ test_covariance_with_func[originalInput1_19-originalInput1_29] _______________________________
mutants/tests/covarianceTest.py:157: in test_covariance_with_func
    applyMR_Assert(originalInput1_1, originalInput1_2, originalResult)
mutants/tests/covarianceTest.py:124: in applyMR_Assert
    check.equal(originalResult, transformResult6, delta=delta, msg="MR6 failed")
E   TypeError: equal() got an unexpected keyword argument 'delta'
====================================================== warnings summary ======================================================
../../anaconda3/envs/mutmut39/lib/python3.9/site-packages/_pytest/config/__init__.py:1474
  /home/rts/anaconda3/envs/mutmut39/lib/python3.9/site-packages/_pytest/config/__init__.py:1474: PytestConfigWarning: Unknown config option: pytest -vv --tb
  
    self._warn_or_fail_if_strict(f"Unknown config option: {key}\n")

-- Docs: https://docs.pytest.org/en/stable/how-to/capture-warnings.html
================================================== short test summary info ===================================================
FAILED mutants/tests/covarianceTest.py::test_covariance_with_func[originalInput1_10-originalInput1_20] - TypeError: equal() got an unexpected keyword argument 'delta'
FAILED mutants/tests/covarianceTest.py::test_covariance_with_func[originalInput1_11-originalInput1_21] - TypeError: equal() got an unexpected keyword argument 'delta'
FAILED mutants/tests/covarianceTest.py::test_covariance_with_func[originalInput1_12-originalInput1_22] - TypeError: equal() got an unexpected keyword argument 'delta'
FAILED mutants/tests/covarianceTest.py::test_covariance_with_func[originalInput1_13-originalInput1_23] - TypeError: equal() got an unexpected keyword argument 'delta'
FAILED mutants/tests/covarianceTest.py::test_covariance_with_func[originalInput1_14-originalInput1_24] - TypeError: equal() got an unexpected keyword argument 'delta'
FAILED mutants/tests/covarianceTest.py::test_covariance_with_func[originalInput1_15-originalInput1_25] - TypeError: equal() got an unexpected keyword argument 'delta'
FAILED mutants/tests/covarianceTest.py::test_covariance_with_func[originalInput1_16-originalInput1_26] - TypeError: equal() got an unexpected keyword argument 'delta'
FAILED mutants/tests/covarianceTest.py::test_covariance_with_func[originalInput1_17-originalInput1_27] - TypeError: equal() got an unexpected keyword argument 'delta'
FAILED mutants/tests/covarianceTest.py::test_covariance_with_func[originalInput1_18-originalInput1_28] - TypeError: equal() got an unexpected keyword argument 'delta'
FAILED mutants/tests/covarianceTest.py::test_covariance_with_func[originalInput1_19-originalInput1_29] - TypeError: equal() got an unexpected keyword argument 'delta'
10 failed, 1 warning in 0.04s
❌ x_covariance__mutmut_25 存在失败 (退出码 1)

================================================================================
RUNNING covariance.py :: x_covariance__mutmut_26  -  2025-10-16T10:10:42.782369
================================================================================

>>> 当前使用的函数: x_covariance__mutmut_26
函数源码如下：
def x_covariance__mutmut_26(elements1, elements2):
    size = len(elements1)
    sumx = elements1[0]
    sumy = elements2[0]
    sxy = 0

    for i in range(0, size):
        x = elements1[i]
        y = elements2[i]

        sumx += x
        sxy += (x - sumx / (i + 1)) * (y - sumy / i)
        sumy = y

    return sxy / (size - 1)

FFFFFFFFFF
========================================================== FAILURES ==========================================================
_______________________________ test_covariance_with_func[originalInput1_10-originalInput1_20] _______________________________
mutants/tests/covarianceTest.py:156: in test_covariance_with_func
    originalResult = func(originalInput1_1, originalInput1_2)
mutants/src/covariance.py:434: in x_covariance__mutmut_26
    sxy += (x - sumx / (i + 1)) * (y - sumy / i)
E   ZeroDivisionError: float division by zero
_______________________________ test_covariance_with_func[originalInput1_11-originalInput1_21] _______________________________
mutants/tests/covarianceTest.py:156: in test_covariance_with_func
    originalResult = func(originalInput1_1, originalInput1_2)
mutants/src/covariance.py:434: in x_covariance__mutmut_26
    sxy += (x - sumx / (i + 1)) * (y - sumy / i)
E   ZeroDivisionError: float division by zero
_______________________________ test_covariance_with_func[originalInput1_12-originalInput1_22] _______________________________
mutants/tests/covarianceTest.py:156: in test_covariance_with_func
    originalResult = func(originalInput1_1, originalInput1_2)
mutants/src/covariance.py:434: in x_covariance__mutmut_26
    sxy += (x - sumx / (i + 1)) * (y - sumy / i)
E   ZeroDivisionError: float division by zero
_______________________________ test_covariance_with_func[originalInput1_13-originalInput1_23] _______________________________
mutants/tests/covarianceTest.py:156: in test_covariance_with_func
    originalResult = func(originalInput1_1, originalInput1_2)
mutants/src/covariance.py:434: in x_covariance__mutmut_26
    sxy += (x - sumx / (i + 1)) * (y - sumy / i)
E   ZeroDivisionError: float division by zero
_______________________________ test_covariance_with_func[originalInput1_14-originalInput1_24] _______________________________
mutants/tests/covarianceTest.py:156: in test_covariance_with_func
    originalResult = func(originalInput1_1, originalInput1_2)
mutants/src/covariance.py:434: in x_covariance__mutmut_26
    sxy += (x - sumx / (i + 1)) * (y - sumy / i)
E   ZeroDivisionError: float division by zero
_______________________________ test_covariance_with_func[originalInput1_15-originalInput1_25] _______________________________
mutants/tests/covarianceTest.py:156: in test_covariance_with_func
    originalResult = func(originalInput1_1, originalInput1_2)
mutants/src/covariance.py:434: in x_covariance__mutmut_26
    sxy += (x - sumx / (i + 1)) * (y - sumy / i)
E   ZeroDivisionError: float division by zero
_______________________________ test_covariance_with_func[originalInput1_16-originalInput1_26] _______________________________
mutants/tests/covarianceTest.py:156: in test_covariance_with_func
    originalResult = func(originalInput1_1, originalInput1_2)
mutants/src/covariance.py:434: in x_covariance__mutmut_26
    sxy += (x - sumx / (i + 1)) * (y - sumy / i)
E   ZeroDivisionError: float division by zero
_______________________________ test_covariance_with_func[originalInput1_17-originalInput1_27] _______________________________
mutants/tests/covarianceTest.py:156: in test_covariance_with_func
    originalResult = func(originalInput1_1, originalInput1_2)
mutants/src/covariance.py:434: in x_covariance__mutmut_26
    sxy += (x - sumx / (i + 1)) * (y - sumy / i)
E   ZeroDivisionError: float division by zero
_______________________________ test_covariance_with_func[originalInput1_18-originalInput1_28] _______________________________
mutants/tests/covarianceTest.py:156: in test_covariance_with_func
    originalResult = func(originalInput1_1, originalInput1_2)
mutants/src/covariance.py:434: in x_covariance__mutmut_26
    sxy += (x - sumx / (i + 1)) * (y - sumy / i)
E   ZeroDivisionError: float division by zero
_______________________________ test_covariance_with_func[originalInput1_19-originalInput1_29] _______________________________
mutants/tests/covarianceTest.py:156: in test_covariance_with_func
    originalResult = func(originalInput1_1, originalInput1_2)
mutants/src/covariance.py:434: in x_covariance__mutmut_26
    sxy += (x - sumx / (i + 1)) * (y - sumy / i)
E   ZeroDivisionError: float division by zero
====================================================== warnings summary ======================================================
../../anaconda3/envs/mutmut39/lib/python3.9/site-packages/_pytest/config/__init__.py:1474
  /home/rts/anaconda3/envs/mutmut39/lib/python3.9/site-packages/_pytest/config/__init__.py:1474: PytestConfigWarning: Unknown config option: pytest -vv --tb
  
    self._warn_or_fail_if_strict(f"Unknown config option: {key}\n")

-- Docs: https://docs.pytest.org/en/stable/how-to/capture-warnings.html
================================================== short test summary info ===================================================
FAILED mutants/tests/covarianceTest.py::test_covariance_with_func[originalInput1_10-originalInput1_20] - ZeroDivisionError: float division by zero
FAILED mutants/tests/covarianceTest.py::test_covariance_with_func[originalInput1_11-originalInput1_21] - ZeroDivisionError: float division by zero
FAILED mutants/tests/covarianceTest.py::test_covariance_with_func[originalInput1_12-originalInput1_22] - ZeroDivisionError: float division by zero
FAILED mutants/tests/covarianceTest.py::test_covariance_with_func[originalInput1_13-originalInput1_23] - ZeroDivisionError: float division by zero
FAILED mutants/tests/covarianceTest.py::test_covariance_with_func[originalInput1_14-originalInput1_24] - ZeroDivisionError: float division by zero
FAILED mutants/tests/covarianceTest.py::test_covariance_with_func[originalInput1_15-originalInput1_25] - ZeroDivisionError: float division by zero
FAILED mutants/tests/covarianceTest.py::test_covariance_with_func[originalInput1_16-originalInput1_26] - ZeroDivisionError: float division by zero
FAILED mutants/tests/covarianceTest.py::test_covariance_with_func[originalInput1_17-originalInput1_27] - ZeroDivisionError: float division by zero
FAILED mutants/tests/covarianceTest.py::test_covariance_with_func[originalInput1_18-originalInput1_28] - ZeroDivisionError: float division by zero
FAILED mutants/tests/covarianceTest.py::test_covariance_with_func[originalInput1_19-originalInput1_29] - ZeroDivisionError: float division by zero
10 failed, 1 warning in 0.07s
❌ x_covariance__mutmut_26 存在失败 (退出码 1)

================================================================================
RUNNING covariance.py :: x_covariance__mutmut_27  -  2025-10-16T10:10:42.892589
================================================================================

>>> 当前使用的函数: x_covariance__mutmut_27
函数源码如下：
def x_covariance__mutmut_27(elements1, elements2):
    size = len(elements1)
    sumx = elements1[0]
    sumy = elements2[0]
    sxy = 0

    for i in range(0, size):
        x = elements1[i]
        y = elements2[i]

        sumx += x
        sxy += (x - sumx / (i + 1)) * (y - sumy / i)
        sumy -= y

    return sxy / (size - 1)

FFFFFFFFFF
========================================================== FAILURES ==========================================================
_______________________________ test_covariance_with_func[originalInput1_10-originalInput1_20] _______________________________
mutants/tests/covarianceTest.py:156: in test_covariance_with_func
    originalResult = func(originalInput1_1, originalInput1_2)
mutants/src/covariance.py:449: in x_covariance__mutmut_27
    sxy += (x - sumx / (i + 1)) * (y - sumy / i)
E   ZeroDivisionError: float division by zero
_______________________________ test_covariance_with_func[originalInput1_11-originalInput1_21] _______________________________
mutants/tests/covarianceTest.py:156: in test_covariance_with_func
    originalResult = func(originalInput1_1, originalInput1_2)
mutants/src/covariance.py:449: in x_covariance__mutmut_27
    sxy += (x - sumx / (i + 1)) * (y - sumy / i)
E   ZeroDivisionError: float division by zero
_______________________________ test_covariance_with_func[originalInput1_12-originalInput1_22] _______________________________
mutants/tests/covarianceTest.py:156: in test_covariance_with_func
    originalResult = func(originalInput1_1, originalInput1_2)
mutants/src/covariance.py:449: in x_covariance__mutmut_27
    sxy += (x - sumx / (i + 1)) * (y - sumy / i)
E   ZeroDivisionError: float division by zero
_______________________________ test_covariance_with_func[originalInput1_13-originalInput1_23] _______________________________
mutants/tests/covarianceTest.py:156: in test_covariance_with_func
    originalResult = func(originalInput1_1, originalInput1_2)
mutants/src/covariance.py:449: in x_covariance__mutmut_27
    sxy += (x - sumx / (i + 1)) * (y - sumy / i)
E   ZeroDivisionError: float division by zero
_______________________________ test_covariance_with_func[originalInput1_14-originalInput1_24] _______________________________
mutants/tests/covarianceTest.py:156: in test_covariance_with_func
    originalResult = func(originalInput1_1, originalInput1_2)
mutants/src/covariance.py:449: in x_covariance__mutmut_27
    sxy += (x - sumx / (i + 1)) * (y - sumy / i)
E   ZeroDivisionError: float division by zero
_______________________________ test_covariance_with_func[originalInput1_15-originalInput1_25] _______________________________
mutants/tests/covarianceTest.py:156: in test_covariance_with_func
    originalResult = func(originalInput1_1, originalInput1_2)
mutants/src/covariance.py:449: in x_covariance__mutmut_27
    sxy += (x - sumx / (i + 1)) * (y - sumy / i)
E   ZeroDivisionError: float division by zero
_______________________________ test_covariance_with_func[originalInput1_16-originalInput1_26] _______________________________
mutants/tests/covarianceTest.py:156: in test_covariance_with_func
    originalResult = func(originalInput1_1, originalInput1_2)
mutants/src/covariance.py:449: in x_covariance__mutmut_27
    sxy += (x - sumx / (i + 1)) * (y - sumy / i)
E   ZeroDivisionError: float division by zero
_______________________________ test_covariance_with_func[originalInput1_17-originalInput1_27] _______________________________
mutants/tests/covarianceTest.py:156: in test_covariance_with_func
    originalResult = func(originalInput1_1, originalInput1_2)
mutants/src/covariance.py:449: in x_covariance__mutmut_27
    sxy += (x - sumx / (i + 1)) * (y - sumy / i)
E   ZeroDivisionError: float division by zero
_______________________________ test_covariance_with_func[originalInput1_18-originalInput1_28] _______________________________
mutants/tests/covarianceTest.py:156: in test_covariance_with_func
    originalResult = func(originalInput1_1, originalInput1_2)
mutants/src/covariance.py:449: in x_covariance__mutmut_27
    sxy += (x - sumx / (i + 1)) * (y - sumy / i)
E   ZeroDivisionError: float division by zero
_______________________________ test_covariance_with_func[originalInput1_19-originalInput1_29] _______________________________
mutants/tests/covarianceTest.py:156: in test_covariance_with_func
    originalResult = func(originalInput1_1, originalInput1_2)
mutants/src/covariance.py:449: in x_covariance__mutmut_27
    sxy += (x - sumx / (i + 1)) * (y - sumy / i)
E   ZeroDivisionError: float division by zero
====================================================== warnings summary ======================================================
../../anaconda3/envs/mutmut39/lib/python3.9/site-packages/_pytest/config/__init__.py:1474
  /home/rts/anaconda3/envs/mutmut39/lib/python3.9/site-packages/_pytest/config/__init__.py:1474: PytestConfigWarning: Unknown config option: pytest -vv --tb
  
    self._warn_or_fail_if_strict(f"Unknown config option: {key}\n")

-- Docs: https://docs.pytest.org/en/stable/how-to/capture-warnings.html
================================================== short test summary info ===================================================
FAILED mutants/tests/covarianceTest.py::test_covariance_with_func[originalInput1_10-originalInput1_20] - ZeroDivisionError: float division by zero
FAILED mutants/tests/covarianceTest.py::test_covariance_with_func[originalInput1_11-originalInput1_21] - ZeroDivisionError: float division by zero
FAILED mutants/tests/covarianceTest.py::test_covariance_with_func[originalInput1_12-originalInput1_22] - ZeroDivisionError: float division by zero
FAILED mutants/tests/covarianceTest.py::test_covariance_with_func[originalInput1_13-originalInput1_23] - ZeroDivisionError: float division by zero
FAILED mutants/tests/covarianceTest.py::test_covariance_with_func[originalInput1_14-originalInput1_24] - ZeroDivisionError: float division by zero
FAILED mutants/tests/covarianceTest.py::test_covariance_with_func[originalInput1_15-originalInput1_25] - ZeroDivisionError: float division by zero
FAILED mutants/tests/covarianceTest.py::test_covariance_with_func[originalInput1_16-originalInput1_26] - ZeroDivisionError: float division by zero
FAILED mutants/tests/covarianceTest.py::test_covariance_with_func[originalInput1_17-originalInput1_27] - ZeroDivisionError: float division by zero
FAILED mutants/tests/covarianceTest.py::test_covariance_with_func[originalInput1_18-originalInput1_28] - ZeroDivisionError: float division by zero
FAILED mutants/tests/covarianceTest.py::test_covariance_with_func[originalInput1_19-originalInput1_29] - ZeroDivisionError: float division by zero
10 failed, 1 warning in 0.07s
❌ x_covariance__mutmut_27 存在失败 (退出码 1)

================================================================================
RUNNING covariance.py :: x_covariance__mutmut_28  -  2025-10-16T10:10:43.002899
================================================================================

>>> 当前使用的函数: x_covariance__mutmut_28
函数源码如下：
def x_covariance__mutmut_28(elements1, elements2):
    size = len(elements1)
    sumx = elements1[0]
    sumy = elements2[0]
    sxy = 0

    for i in range(0, size):
        x = elements1[i]
        y = elements2[i]

        sumx += x
        sxy += (x - sumx / (i + 1)) * (y - sumy / i)
        sumy += y

    return sxy * (size - 1)

FFFFFFFFFF
========================================================== FAILURES ==========================================================
_______________________________ test_covariance_with_func[originalInput1_10-originalInput1_20] _______________________________
mutants/tests/covarianceTest.py:156: in test_covariance_with_func
    originalResult = func(originalInput1_1, originalInput1_2)
mutants/src/covariance.py:464: in x_covariance__mutmut_28
    sxy += (x - sumx / (i + 1)) * (y - sumy / i)
E   ZeroDivisionError: float division by zero
_______________________________ test_covariance_with_func[originalInput1_11-originalInput1_21] _______________________________
mutants/tests/covarianceTest.py:156: in test_covariance_with_func
    originalResult = func(originalInput1_1, originalInput1_2)
mutants/src/covariance.py:464: in x_covariance__mutmut_28
    sxy += (x - sumx / (i + 1)) * (y - sumy / i)
E   ZeroDivisionError: float division by zero
_______________________________ test_covariance_with_func[originalInput1_12-originalInput1_22] _______________________________
mutants/tests/covarianceTest.py:156: in test_covariance_with_func
    originalResult = func(originalInput1_1, originalInput1_2)
mutants/src/covariance.py:464: in x_covariance__mutmut_28
    sxy += (x - sumx / (i + 1)) * (y - sumy / i)
E   ZeroDivisionError: float division by zero
_______________________________ test_covariance_with_func[originalInput1_13-originalInput1_23] _______________________________
mutants/tests/covarianceTest.py:156: in test_covariance_with_func
    originalResult = func(originalInput1_1, originalInput1_2)
mutants/src/covariance.py:464: in x_covariance__mutmut_28
    sxy += (x - sumx / (i + 1)) * (y - sumy / i)
E   ZeroDivisionError: float division by zero
_______________________________ test_covariance_with_func[originalInput1_14-originalInput1_24] _______________________________
mutants/tests/covarianceTest.py:156: in test_covariance_with_func
    originalResult = func(originalInput1_1, originalInput1_2)
mutants/src/covariance.py:464: in x_covariance__mutmut_28
    sxy += (x - sumx / (i + 1)) * (y - sumy / i)
E   ZeroDivisionError: float division by zero
_______________________________ test_covariance_with_func[originalInput1_15-originalInput1_25] _______________________________
mutants/tests/covarianceTest.py:156: in test_covariance_with_func
    originalResult = func(originalInput1_1, originalInput1_2)
mutants/src/covariance.py:464: in x_covariance__mutmut_28
    sxy += (x - sumx / (i + 1)) * (y - sumy / i)
E   ZeroDivisionError: float division by zero
_______________________________ test_covariance_with_func[originalInput1_16-originalInput1_26] _______________________________
mutants/tests/covarianceTest.py:156: in test_covariance_with_func
    originalResult = func(originalInput1_1, originalInput1_2)
mutants/src/covariance.py:464: in x_covariance__mutmut_28
    sxy += (x - sumx / (i + 1)) * (y - sumy / i)
E   ZeroDivisionError: float division by zero
_______________________________ test_covariance_with_func[originalInput1_17-originalInput1_27] _______________________________
mutants/tests/covarianceTest.py:156: in test_covariance_with_func
    originalResult = func(originalInput1_1, originalInput1_2)
mutants/src/covariance.py:464: in x_covariance__mutmut_28
    sxy += (x - sumx / (i + 1)) * (y - sumy / i)
E   ZeroDivisionError: float division by zero
_______________________________ test_covariance_with_func[originalInput1_18-originalInput1_28] _______________________________
mutants/tests/covarianceTest.py:156: in test_covariance_with_func
    originalResult = func(originalInput1_1, originalInput1_2)
mutants/src/covariance.py:464: in x_covariance__mutmut_28
    sxy += (x - sumx / (i + 1)) * (y - sumy / i)
E   ZeroDivisionError: float division by zero
_______________________________ test_covariance_with_func[originalInput1_19-originalInput1_29] _______________________________
mutants/tests/covarianceTest.py:156: in test_covariance_with_func
    originalResult = func(originalInput1_1, originalInput1_2)
mutants/src/covariance.py:464: in x_covariance__mutmut_28
    sxy += (x - sumx / (i + 1)) * (y - sumy / i)
E   ZeroDivisionError: float division by zero
====================================================== warnings summary ======================================================
../../anaconda3/envs/mutmut39/lib/python3.9/site-packages/_pytest/config/__init__.py:1474
  /home/rts/anaconda3/envs/mutmut39/lib/python3.9/site-packages/_pytest/config/__init__.py:1474: PytestConfigWarning: Unknown config option: pytest -vv --tb
  
    self._warn_or_fail_if_strict(f"Unknown config option: {key}\n")

-- Docs: https://docs.pytest.org/en/stable/how-to/capture-warnings.html
================================================== short test summary info ===================================================
FAILED mutants/tests/covarianceTest.py::test_covariance_with_func[originalInput1_10-originalInput1_20] - ZeroDivisionError: float division by zero
FAILED mutants/tests/covarianceTest.py::test_covariance_with_func[originalInput1_11-originalInput1_21] - ZeroDivisionError: float division by zero
FAILED mutants/tests/covarianceTest.py::test_covariance_with_func[originalInput1_12-originalInput1_22] - ZeroDivisionError: float division by zero
FAILED mutants/tests/covarianceTest.py::test_covariance_with_func[originalInput1_13-originalInput1_23] - ZeroDivisionError: float division by zero
FAILED mutants/tests/covarianceTest.py::test_covariance_with_func[originalInput1_14-originalInput1_24] - ZeroDivisionError: float division by zero
FAILED mutants/tests/covarianceTest.py::test_covariance_with_func[originalInput1_15-originalInput1_25] - ZeroDivisionError: float division by zero
FAILED mutants/tests/covarianceTest.py::test_covariance_with_func[originalInput1_16-originalInput1_26] - ZeroDivisionError: float division by zero
FAILED mutants/tests/covarianceTest.py::test_covariance_with_func[originalInput1_17-originalInput1_27] - ZeroDivisionError: float division by zero
FAILED mutants/tests/covarianceTest.py::test_covariance_with_func[originalInput1_18-originalInput1_28] - ZeroDivisionError: float division by zero
FAILED mutants/tests/covarianceTest.py::test_covariance_with_func[originalInput1_19-originalInput1_29] - ZeroDivisionError: float division by zero
10 failed, 1 warning in 0.07s
❌ x_covariance__mutmut_28 存在失败 (退出码 1)

================================================================================
RUNNING covariance.py :: x_covariance__mutmut_29  -  2025-10-16T10:10:43.111757
================================================================================

>>> 当前使用的函数: x_covariance__mutmut_29
函数源码如下：
def x_covariance__mutmut_29(elements1, elements2):
    size = len(elements1)
    sumx = elements1[0]
    sumy = elements2[0]
    sxy = 0

    for i in range(0, size):
        x = elements1[i]
        y = elements2[i]

        sumx += x
        sxy += (x - sumx / (i + 1)) * (y - sumy / i)
        sumy += y

    return sxy / (size + 1)

FFFFFFFFFF
========================================================== FAILURES ==========================================================
_______________________________ test_covariance_with_func[originalInput1_10-originalInput1_20] _______________________________
mutants/tests/covarianceTest.py:156: in test_covariance_with_func
    originalResult = func(originalInput1_1, originalInput1_2)
mutants/src/covariance.py:479: in x_covariance__mutmut_29
    sxy += (x - sumx / (i + 1)) * (y - sumy / i)
E   ZeroDivisionError: float division by zero
_______________________________ test_covariance_with_func[originalInput1_11-originalInput1_21] _______________________________
mutants/tests/covarianceTest.py:156: in test_covariance_with_func
    originalResult = func(originalInput1_1, originalInput1_2)
mutants/src/covariance.py:479: in x_covariance__mutmut_29
    sxy += (x - sumx / (i + 1)) * (y - sumy / i)
E   ZeroDivisionError: float division by zero
_______________________________ test_covariance_with_func[originalInput1_12-originalInput1_22] _______________________________
mutants/tests/covarianceTest.py:156: in test_covariance_with_func
    originalResult = func(originalInput1_1, originalInput1_2)
mutants/src/covariance.py:479: in x_covariance__mutmut_29
    sxy += (x - sumx / (i + 1)) * (y - sumy / i)
E   ZeroDivisionError: float division by zero
_______________________________ test_covariance_with_func[originalInput1_13-originalInput1_23] _______________________________
mutants/tests/covarianceTest.py:156: in test_covariance_with_func
    originalResult = func(originalInput1_1, originalInput1_2)
mutants/src/covariance.py:479: in x_covariance__mutmut_29
    sxy += (x - sumx / (i + 1)) * (y - sumy / i)
E   ZeroDivisionError: float division by zero
_______________________________ test_covariance_with_func[originalInput1_14-originalInput1_24] _______________________________
mutants/tests/covarianceTest.py:156: in test_covariance_with_func
    originalResult = func(originalInput1_1, originalInput1_2)
mutants/src/covariance.py:479: in x_covariance__mutmut_29
    sxy += (x - sumx / (i + 1)) * (y - sumy / i)
E   ZeroDivisionError: float division by zero
_______________________________ test_covariance_with_func[originalInput1_15-originalInput1_25] _______________________________
mutants/tests/covarianceTest.py:156: in test_covariance_with_func
    originalResult = func(originalInput1_1, originalInput1_2)
mutants/src/covariance.py:479: in x_covariance__mutmut_29
    sxy += (x - sumx / (i + 1)) * (y - sumy / i)
E   ZeroDivisionError: float division by zero
_______________________________ test_covariance_with_func[originalInput1_16-originalInput1_26] _______________________________
mutants/tests/covarianceTest.py:156: in test_covariance_with_func
    originalResult = func(originalInput1_1, originalInput1_2)
mutants/src/covariance.py:479: in x_covariance__mutmut_29
    sxy += (x - sumx / (i + 1)) * (y - sumy / i)
E   ZeroDivisionError: float division by zero
_______________________________ test_covariance_with_func[originalInput1_17-originalInput1_27] _______________________________
mutants/tests/covarianceTest.py:156: in test_covariance_with_func
    originalResult = func(originalInput1_1, originalInput1_2)
mutants/src/covariance.py:479: in x_covariance__mutmut_29
    sxy += (x - sumx / (i + 1)) * (y - sumy / i)
E   ZeroDivisionError: float division by zero
_______________________________ test_covariance_with_func[originalInput1_18-originalInput1_28] _______________________________
mutants/tests/covarianceTest.py:156: in test_covariance_with_func
    originalResult = func(originalInput1_1, originalInput1_2)
mutants/src/covariance.py:479: in x_covariance__mutmut_29
    sxy += (x - sumx / (i + 1)) * (y - sumy / i)
E   ZeroDivisionError: float division by zero
_______________________________ test_covariance_with_func[originalInput1_19-originalInput1_29] _______________________________
mutants/tests/covarianceTest.py:156: in test_covariance_with_func
    originalResult = func(originalInput1_1, originalInput1_2)
mutants/src/covariance.py:479: in x_covariance__mutmut_29
    sxy += (x - sumx / (i + 1)) * (y - sumy / i)
E   ZeroDivisionError: float division by zero
====================================================== warnings summary ======================================================
../../anaconda3/envs/mutmut39/lib/python3.9/site-packages/_pytest/config/__init__.py:1474
  /home/rts/anaconda3/envs/mutmut39/lib/python3.9/site-packages/_pytest/config/__init__.py:1474: PytestConfigWarning: Unknown config option: pytest -vv --tb
  
    self._warn_or_fail_if_strict(f"Unknown config option: {key}\n")

-- Docs: https://docs.pytest.org/en/stable/how-to/capture-warnings.html
================================================== short test summary info ===================================================
FAILED mutants/tests/covarianceTest.py::test_covariance_with_func[originalInput1_10-originalInput1_20] - ZeroDivisionError: float division by zero
FAILED mutants/tests/covarianceTest.py::test_covariance_with_func[originalInput1_11-originalInput1_21] - ZeroDivisionError: float division by zero
FAILED mutants/tests/covarianceTest.py::test_covariance_with_func[originalInput1_12-originalInput1_22] - ZeroDivisionError: float division by zero
FAILED mutants/tests/covarianceTest.py::test_covariance_with_func[originalInput1_13-originalInput1_23] - ZeroDivisionError: float division by zero
FAILED mutants/tests/covarianceTest.py::test_covariance_with_func[originalInput1_14-originalInput1_24] - ZeroDivisionError: float division by zero
FAILED mutants/tests/covarianceTest.py::test_covariance_with_func[originalInput1_15-originalInput1_25] - ZeroDivisionError: float division by zero
FAILED mutants/tests/covarianceTest.py::test_covariance_with_func[originalInput1_16-originalInput1_26] - ZeroDivisionError: float division by zero
FAILED mutants/tests/covarianceTest.py::test_covariance_with_func[originalInput1_17-originalInput1_27] - ZeroDivisionError: float division by zero
FAILED mutants/tests/covarianceTest.py::test_covariance_with_func[originalInput1_18-originalInput1_28] - ZeroDivisionError: float division by zero
FAILED mutants/tests/covarianceTest.py::test_covariance_with_func[originalInput1_19-originalInput1_29] - ZeroDivisionError: float division by zero
10 failed, 1 warning in 0.07s
❌ x_covariance__mutmut_29 存在失败 (退出码 1)

================================================================================
RUNNING covariance.py :: x_covariance__mutmut_3  -  2025-10-16T10:10:43.221878
================================================================================

>>> 当前使用的函数: x_covariance__mutmut_3
函数源码如下：
def x_covariance__mutmut_3(elements1, elements2):
    size = len(elements1)
    sumx = elements1[1]
    sumy = elements2[0]
    sxy = 0

    for i in range(0, size):
        x = elements1[i]
        y = elements2[i]

        sumx += x
        sxy += (x - sumx / (i + 1)) * (y - sumy / i)
        sumy += y

    return sxy / (size - 1)

FFFFFFFFFF
========================================================== FAILURES ==========================================================
_______________________________ test_covariance_with_func[originalInput1_10-originalInput1_20] _______________________________
mutants/tests/covarianceTest.py:156: in test_covariance_with_func
    originalResult = func(originalInput1_1, originalInput1_2)
mutants/src/covariance.py:89: in x_covariance__mutmut_3
    sxy += (x - sumx / (i + 1)) * (y - sumy / i)
E   ZeroDivisionError: float division by zero
_______________________________ test_covariance_with_func[originalInput1_11-originalInput1_21] _______________________________
mutants/tests/covarianceTest.py:156: in test_covariance_with_func
    originalResult = func(originalInput1_1, originalInput1_2)
mutants/src/covariance.py:89: in x_covariance__mutmut_3
    sxy += (x - sumx / (i + 1)) * (y - sumy / i)
E   ZeroDivisionError: float division by zero
_______________________________ test_covariance_with_func[originalInput1_12-originalInput1_22] _______________________________
mutants/tests/covarianceTest.py:156: in test_covariance_with_func
    originalResult = func(originalInput1_1, originalInput1_2)
mutants/src/covariance.py:89: in x_covariance__mutmut_3
    sxy += (x - sumx / (i + 1)) * (y - sumy / i)
E   ZeroDivisionError: float division by zero
_______________________________ test_covariance_with_func[originalInput1_13-originalInput1_23] _______________________________
mutants/tests/covarianceTest.py:156: in test_covariance_with_func
    originalResult = func(originalInput1_1, originalInput1_2)
mutants/src/covariance.py:89: in x_covariance__mutmut_3
    sxy += (x - sumx / (i + 1)) * (y - sumy / i)
E   ZeroDivisionError: float division by zero
_______________________________ test_covariance_with_func[originalInput1_14-originalInput1_24] _______________________________
mutants/tests/covarianceTest.py:156: in test_covariance_with_func
    originalResult = func(originalInput1_1, originalInput1_2)
mutants/src/covariance.py:89: in x_covariance__mutmut_3
    sxy += (x - sumx / (i + 1)) * (y - sumy / i)
E   ZeroDivisionError: float division by zero
_______________________________ test_covariance_with_func[originalInput1_15-originalInput1_25] _______________________________
mutants/tests/covarianceTest.py:156: in test_covariance_with_func
    originalResult = func(originalInput1_1, originalInput1_2)
mutants/src/covariance.py:89: in x_covariance__mutmut_3
    sxy += (x - sumx / (i + 1)) * (y - sumy / i)
E   ZeroDivisionError: float division by zero
_______________________________ test_covariance_with_func[originalInput1_16-originalInput1_26] _______________________________
mutants/tests/covarianceTest.py:156: in test_covariance_with_func
    originalResult = func(originalInput1_1, originalInput1_2)
mutants/src/covariance.py:89: in x_covariance__mutmut_3
    sxy += (x - sumx / (i + 1)) * (y - sumy / i)
E   ZeroDivisionError: float division by zero
_______________________________ test_covariance_with_func[originalInput1_17-originalInput1_27] _______________________________
mutants/tests/covarianceTest.py:156: in test_covariance_with_func
    originalResult = func(originalInput1_1, originalInput1_2)
mutants/src/covariance.py:89: in x_covariance__mutmut_3
    sxy += (x - sumx / (i + 1)) * (y - sumy / i)
E   ZeroDivisionError: float division by zero
_______________________________ test_covariance_with_func[originalInput1_18-originalInput1_28] _______________________________
mutants/tests/covarianceTest.py:156: in test_covariance_with_func
    originalResult = func(originalInput1_1, originalInput1_2)
mutants/src/covariance.py:89: in x_covariance__mutmut_3
    sxy += (x - sumx / (i + 1)) * (y - sumy / i)
E   ZeroDivisionError: float division by zero
_______________________________ test_covariance_with_func[originalInput1_19-originalInput1_29] _______________________________
mutants/tests/covarianceTest.py:156: in test_covariance_with_func
    originalResult = func(originalInput1_1, originalInput1_2)
mutants/src/covariance.py:89: in x_covariance__mutmut_3
    sxy += (x - sumx / (i + 1)) * (y - sumy / i)
E   ZeroDivisionError: float division by zero
====================================================== warnings summary ======================================================
../../anaconda3/envs/mutmut39/lib/python3.9/site-packages/_pytest/config/__init__.py:1474
  /home/rts/anaconda3/envs/mutmut39/lib/python3.9/site-packages/_pytest/config/__init__.py:1474: PytestConfigWarning: Unknown config option: pytest -vv --tb
  
    self._warn_or_fail_if_strict(f"Unknown config option: {key}\n")

-- Docs: https://docs.pytest.org/en/stable/how-to/capture-warnings.html
================================================== short test summary info ===================================================
FAILED mutants/tests/covarianceTest.py::test_covariance_with_func[originalInput1_10-originalInput1_20] - ZeroDivisionError: float division by zero
FAILED mutants/tests/covarianceTest.py::test_covariance_with_func[originalInput1_11-originalInput1_21] - ZeroDivisionError: float division by zero
FAILED mutants/tests/covarianceTest.py::test_covariance_with_func[originalInput1_12-originalInput1_22] - ZeroDivisionError: float division by zero
FAILED mutants/tests/covarianceTest.py::test_covariance_with_func[originalInput1_13-originalInput1_23] - ZeroDivisionError: float division by zero
FAILED mutants/tests/covarianceTest.py::test_covariance_with_func[originalInput1_14-originalInput1_24] - ZeroDivisionError: float division by zero
FAILED mutants/tests/covarianceTest.py::test_covariance_with_func[originalInput1_15-originalInput1_25] - ZeroDivisionError: float division by zero
FAILED mutants/tests/covarianceTest.py::test_covariance_with_func[originalInput1_16-originalInput1_26] - ZeroDivisionError: float division by zero
FAILED mutants/tests/covarianceTest.py::test_covariance_with_func[originalInput1_17-originalInput1_27] - ZeroDivisionError: float division by zero
FAILED mutants/tests/covarianceTest.py::test_covariance_with_func[originalInput1_18-originalInput1_28] - ZeroDivisionError: float division by zero
FAILED mutants/tests/covarianceTest.py::test_covariance_with_func[originalInput1_19-originalInput1_29] - ZeroDivisionError: float division by zero
10 failed, 1 warning in 0.07s
❌ x_covariance__mutmut_3 存在失败 (退出码 1)

================================================================================
RUNNING covariance.py :: x_covariance__mutmut_30  -  2025-10-16T10:10:43.332811
================================================================================

>>> 当前使用的函数: x_covariance__mutmut_30
函数源码如下：
def x_covariance__mutmut_30(elements1, elements2):
    size = len(elements1)
    sumx = elements1[0]
    sumy = elements2[0]
    sxy = 0

    for i in range(0, size):
        x = elements1[i]
        y = elements2[i]

        sumx += x
        sxy += (x - sumx / (i + 1)) * (y - sumy / i)
        sumy += y

    return sxy / (size - 2)

FFFFFFFFFF
========================================================== FAILURES ==========================================================
_______________________________ test_covariance_with_func[originalInput1_10-originalInput1_20] _______________________________
mutants/tests/covarianceTest.py:156: in test_covariance_with_func
    originalResult = func(originalInput1_1, originalInput1_2)
mutants/src/covariance.py:494: in x_covariance__mutmut_30
    sxy += (x - sumx / (i + 1)) * (y - sumy / i)
E   ZeroDivisionError: float division by zero
_______________________________ test_covariance_with_func[originalInput1_11-originalInput1_21] _______________________________
mutants/tests/covarianceTest.py:156: in test_covariance_with_func
    originalResult = func(originalInput1_1, originalInput1_2)
mutants/src/covariance.py:494: in x_covariance__mutmut_30
    sxy += (x - sumx / (i + 1)) * (y - sumy / i)
E   ZeroDivisionError: float division by zero
_______________________________ test_covariance_with_func[originalInput1_12-originalInput1_22] _______________________________
mutants/tests/covarianceTest.py:156: in test_covariance_with_func
    originalResult = func(originalInput1_1, originalInput1_2)
mutants/src/covariance.py:494: in x_covariance__mutmut_30
    sxy += (x - sumx / (i + 1)) * (y - sumy / i)
E   ZeroDivisionError: float division by zero
_______________________________ test_covariance_with_func[originalInput1_13-originalInput1_23] _______________________________
mutants/tests/covarianceTest.py:156: in test_covariance_with_func
    originalResult = func(originalInput1_1, originalInput1_2)
mutants/src/covariance.py:494: in x_covariance__mutmut_30
    sxy += (x - sumx / (i + 1)) * (y - sumy / i)
E   ZeroDivisionError: float division by zero
_______________________________ test_covariance_with_func[originalInput1_14-originalInput1_24] _______________________________
mutants/tests/covarianceTest.py:156: in test_covariance_with_func
    originalResult = func(originalInput1_1, originalInput1_2)
mutants/src/covariance.py:494: in x_covariance__mutmut_30
    sxy += (x - sumx / (i + 1)) * (y - sumy / i)
E   ZeroDivisionError: float division by zero
_______________________________ test_covariance_with_func[originalInput1_15-originalInput1_25] _______________________________
mutants/tests/covarianceTest.py:156: in test_covariance_with_func
    originalResult = func(originalInput1_1, originalInput1_2)
mutants/src/covariance.py:494: in x_covariance__mutmut_30
    sxy += (x - sumx / (i + 1)) * (y - sumy / i)
E   ZeroDivisionError: float division by zero
_______________________________ test_covariance_with_func[originalInput1_16-originalInput1_26] _______________________________
mutants/tests/covarianceTest.py:156: in test_covariance_with_func
    originalResult = func(originalInput1_1, originalInput1_2)
mutants/src/covariance.py:494: in x_covariance__mutmut_30
    sxy += (x - sumx / (i + 1)) * (y - sumy / i)
E   ZeroDivisionError: float division by zero
_______________________________ test_covariance_with_func[originalInput1_17-originalInput1_27] _______________________________
mutants/tests/covarianceTest.py:156: in test_covariance_with_func
    originalResult = func(originalInput1_1, originalInput1_2)
mutants/src/covariance.py:494: in x_covariance__mutmut_30
    sxy += (x - sumx / (i + 1)) * (y - sumy / i)
E   ZeroDivisionError: float division by zero
_______________________________ test_covariance_with_func[originalInput1_18-originalInput1_28] _______________________________
mutants/tests/covarianceTest.py:156: in test_covariance_with_func
    originalResult = func(originalInput1_1, originalInput1_2)
mutants/src/covariance.py:494: in x_covariance__mutmut_30
    sxy += (x - sumx / (i + 1)) * (y - sumy / i)
E   ZeroDivisionError: float division by zero
_______________________________ test_covariance_with_func[originalInput1_19-originalInput1_29] _______________________________
mutants/tests/covarianceTest.py:156: in test_covariance_with_func
    originalResult = func(originalInput1_1, originalInput1_2)
mutants/src/covariance.py:494: in x_covariance__mutmut_30
    sxy += (x - sumx / (i + 1)) * (y - sumy / i)
E   ZeroDivisionError: float division by zero
====================================================== warnings summary ======================================================
../../anaconda3/envs/mutmut39/lib/python3.9/site-packages/_pytest/config/__init__.py:1474
  /home/rts/anaconda3/envs/mutmut39/lib/python3.9/site-packages/_pytest/config/__init__.py:1474: PytestConfigWarning: Unknown config option: pytest -vv --tb
  
    self._warn_or_fail_if_strict(f"Unknown config option: {key}\n")

-- Docs: https://docs.pytest.org/en/stable/how-to/capture-warnings.html
================================================== short test summary info ===================================================
FAILED mutants/tests/covarianceTest.py::test_covariance_with_func[originalInput1_10-originalInput1_20] - ZeroDivisionError: float division by zero
FAILED mutants/tests/covarianceTest.py::test_covariance_with_func[originalInput1_11-originalInput1_21] - ZeroDivisionError: float division by zero
FAILED mutants/tests/covarianceTest.py::test_covariance_with_func[originalInput1_12-originalInput1_22] - ZeroDivisionError: float division by zero
FAILED mutants/tests/covarianceTest.py::test_covariance_with_func[originalInput1_13-originalInput1_23] - ZeroDivisionError: float division by zero
FAILED mutants/tests/covarianceTest.py::test_covariance_with_func[originalInput1_14-originalInput1_24] - ZeroDivisionError: float division by zero
FAILED mutants/tests/covarianceTest.py::test_covariance_with_func[originalInput1_15-originalInput1_25] - ZeroDivisionError: float division by zero
FAILED mutants/tests/covarianceTest.py::test_covariance_with_func[originalInput1_16-originalInput1_26] - ZeroDivisionError: float division by zero
FAILED mutants/tests/covarianceTest.py::test_covariance_with_func[originalInput1_17-originalInput1_27] - ZeroDivisionError: float division by zero
FAILED mutants/tests/covarianceTest.py::test_covariance_with_func[originalInput1_18-originalInput1_28] - ZeroDivisionError: float division by zero
FAILED mutants/tests/covarianceTest.py::test_covariance_with_func[originalInput1_19-originalInput1_29] - ZeroDivisionError: float division by zero
10 failed, 1 warning in 0.07s
❌ x_covariance__mutmut_30 存在失败 (退出码 1)

================================================================================
RUNNING covariance.py :: x_covariance__mutmut_4  -  2025-10-16T10:10:43.443404
================================================================================

>>> 当前使用的函数: x_covariance__mutmut_4
函数源码如下：
def x_covariance__mutmut_4(elements1, elements2):
    size = len(elements1)
    sumx = elements1[0]
    sumy = None
    sxy = 0

    for i in range(0, size):
        x = elements1[i]
        y = elements2[i]

        sumx += x
        sxy += (x - sumx / (i + 1)) * (y - sumy / i)
        sumy += y

    return sxy / (size - 1)

FFFFFFFFFF
========================================================== FAILURES ==========================================================
_______________________________ test_covariance_with_func[originalInput1_10-originalInput1_20] _______________________________
mutants/tests/covarianceTest.py:156: in test_covariance_with_func
    originalResult = func(originalInput1_1, originalInput1_2)
mutants/src/covariance.py:104: in x_covariance__mutmut_4
    sxy += (x - sumx / (i + 1)) * (y - sumy / i)
E   TypeError: unsupported operand type(s) for /: 'NoneType' and 'int'
_______________________________ test_covariance_with_func[originalInput1_11-originalInput1_21] _______________________________
mutants/tests/covarianceTest.py:156: in test_covariance_with_func
    originalResult = func(originalInput1_1, originalInput1_2)
mutants/src/covariance.py:104: in x_covariance__mutmut_4
    sxy += (x - sumx / (i + 1)) * (y - sumy / i)
E   TypeError: unsupported operand type(s) for /: 'NoneType' and 'int'
_______________________________ test_covariance_with_func[originalInput1_12-originalInput1_22] _______________________________
mutants/tests/covarianceTest.py:156: in test_covariance_with_func
    originalResult = func(originalInput1_1, originalInput1_2)
mutants/src/covariance.py:104: in x_covariance__mutmut_4
    sxy += (x - sumx / (i + 1)) * (y - sumy / i)
E   TypeError: unsupported operand type(s) for /: 'NoneType' and 'int'
_______________________________ test_covariance_with_func[originalInput1_13-originalInput1_23] _______________________________
mutants/tests/covarianceTest.py:156: in test_covariance_with_func
    originalResult = func(originalInput1_1, originalInput1_2)
mutants/src/covariance.py:104: in x_covariance__mutmut_4
    sxy += (x - sumx / (i + 1)) * (y - sumy / i)
E   TypeError: unsupported operand type(s) for /: 'NoneType' and 'int'
_______________________________ test_covariance_with_func[originalInput1_14-originalInput1_24] _______________________________
mutants/tests/covarianceTest.py:156: in test_covariance_with_func
    originalResult = func(originalInput1_1, originalInput1_2)
mutants/src/covariance.py:104: in x_covariance__mutmut_4
    sxy += (x - sumx / (i + 1)) * (y - sumy / i)
E   TypeError: unsupported operand type(s) for /: 'NoneType' and 'int'
_______________________________ test_covariance_with_func[originalInput1_15-originalInput1_25] _______________________________
mutants/tests/covarianceTest.py:156: in test_covariance_with_func
    originalResult = func(originalInput1_1, originalInput1_2)
mutants/src/covariance.py:104: in x_covariance__mutmut_4
    sxy += (x - sumx / (i + 1)) * (y - sumy / i)
E   TypeError: unsupported operand type(s) for /: 'NoneType' and 'int'
_______________________________ test_covariance_with_func[originalInput1_16-originalInput1_26] _______________________________
mutants/tests/covarianceTest.py:156: in test_covariance_with_func
    originalResult = func(originalInput1_1, originalInput1_2)
mutants/src/covariance.py:104: in x_covariance__mutmut_4
    sxy += (x - sumx / (i + 1)) * (y - sumy / i)
E   TypeError: unsupported operand type(s) for /: 'NoneType' and 'int'
_______________________________ test_covariance_with_func[originalInput1_17-originalInput1_27] _______________________________
mutants/tests/covarianceTest.py:156: in test_covariance_with_func
    originalResult = func(originalInput1_1, originalInput1_2)
mutants/src/covariance.py:104: in x_covariance__mutmut_4
    sxy += (x - sumx / (i + 1)) * (y - sumy / i)
E   TypeError: unsupported operand type(s) for /: 'NoneType' and 'int'
_______________________________ test_covariance_with_func[originalInput1_18-originalInput1_28] _______________________________
mutants/tests/covarianceTest.py:156: in test_covariance_with_func
    originalResult = func(originalInput1_1, originalInput1_2)
mutants/src/covariance.py:104: in x_covariance__mutmut_4
    sxy += (x - sumx / (i + 1)) * (y - sumy / i)
E   TypeError: unsupported operand type(s) for /: 'NoneType' and 'int'
_______________________________ test_covariance_with_func[originalInput1_19-originalInput1_29] _______________________________
mutants/tests/covarianceTest.py:156: in test_covariance_with_func
    originalResult = func(originalInput1_1, originalInput1_2)
mutants/src/covariance.py:104: in x_covariance__mutmut_4
    sxy += (x - sumx / (i + 1)) * (y - sumy / i)
E   TypeError: unsupported operand type(s) for /: 'NoneType' and 'int'
====================================================== warnings summary ======================================================
../../anaconda3/envs/mutmut39/lib/python3.9/site-packages/_pytest/config/__init__.py:1474
  /home/rts/anaconda3/envs/mutmut39/lib/python3.9/site-packages/_pytest/config/__init__.py:1474: PytestConfigWarning: Unknown config option: pytest -vv --tb
  
    self._warn_or_fail_if_strict(f"Unknown config option: {key}\n")

-- Docs: https://docs.pytest.org/en/stable/how-to/capture-warnings.html
================================================== short test summary info ===================================================
FAILED mutants/tests/covarianceTest.py::test_covariance_with_func[originalInput1_10-originalInput1_20] - TypeError: unsupported operand type(s) for /: 'NoneType' and 'int'
FAILED mutants/tests/covarianceTest.py::test_covariance_with_func[originalInput1_11-originalInput1_21] - TypeError: unsupported operand type(s) for /: 'NoneType' and 'int'
FAILED mutants/tests/covarianceTest.py::test_covariance_with_func[originalInput1_12-originalInput1_22] - TypeError: unsupported operand type(s) for /: 'NoneType' and 'int'
FAILED mutants/tests/covarianceTest.py::test_covariance_with_func[originalInput1_13-originalInput1_23] - TypeError: unsupported operand type(s) for /: 'NoneType' and 'int'
FAILED mutants/tests/covarianceTest.py::test_covariance_with_func[originalInput1_14-originalInput1_24] - TypeError: unsupported operand type(s) for /: 'NoneType' and 'int'
FAILED mutants/tests/covarianceTest.py::test_covariance_with_func[originalInput1_15-originalInput1_25] - TypeError: unsupported operand type(s) for /: 'NoneType' and 'int'
FAILED mutants/tests/covarianceTest.py::test_covariance_with_func[originalInput1_16-originalInput1_26] - TypeError: unsupported operand type(s) for /: 'NoneType' and 'int'
FAILED mutants/tests/covarianceTest.py::test_covariance_with_func[originalInput1_17-originalInput1_27] - TypeError: unsupported operand type(s) for /: 'NoneType' and 'int'
FAILED mutants/tests/covarianceTest.py::test_covariance_with_func[originalInput1_18-originalInput1_28] - TypeError: unsupported operand type(s) for /: 'NoneType' and 'int'
FAILED mutants/tests/covarianceTest.py::test_covariance_with_func[originalInput1_19-originalInput1_29] - TypeError: unsupported operand type(s) for /: 'NoneType' and 'int'
10 failed, 1 warning in 0.07s
❌ x_covariance__mutmut_4 存在失败 (退出码 1)

================================================================================
RUNNING covariance.py :: x_covariance__mutmut_5  -  2025-10-16T10:10:43.552213
================================================================================

>>> 当前使用的函数: x_covariance__mutmut_5
函数源码如下：
def x_covariance__mutmut_5(elements1, elements2):
    size = len(elements1)
    sumx = elements1[0]
    sumy = elements2[1]
    sxy = 0

    for i in range(0, size):
        x = elements1[i]
        y = elements2[i]

        sumx += x
        sxy += (x - sumx / (i + 1)) * (y - sumy / i)
        sumy += y

    return sxy / (size - 1)

FFFFFFFFFF
========================================================== FAILURES ==========================================================
_______________________________ test_covariance_with_func[originalInput1_10-originalInput1_20] _______________________________
mutants/tests/covarianceTest.py:156: in test_covariance_with_func
    originalResult = func(originalInput1_1, originalInput1_2)
mutants/src/covariance.py:119: in x_covariance__mutmut_5
    sxy += (x - sumx / (i + 1)) * (y - sumy / i)
E   ZeroDivisionError: float division by zero
_______________________________ test_covariance_with_func[originalInput1_11-originalInput1_21] _______________________________
mutants/tests/covarianceTest.py:156: in test_covariance_with_func
    originalResult = func(originalInput1_1, originalInput1_2)
mutants/src/covariance.py:119: in x_covariance__mutmut_5
    sxy += (x - sumx / (i + 1)) * (y - sumy / i)
E   ZeroDivisionError: float division by zero
_______________________________ test_covariance_with_func[originalInput1_12-originalInput1_22] _______________________________
mutants/tests/covarianceTest.py:156: in test_covariance_with_func
    originalResult = func(originalInput1_1, originalInput1_2)
mutants/src/covariance.py:119: in x_covariance__mutmut_5
    sxy += (x - sumx / (i + 1)) * (y - sumy / i)
E   ZeroDivisionError: float division by zero
_______________________________ test_covariance_with_func[originalInput1_13-originalInput1_23] _______________________________
mutants/tests/covarianceTest.py:156: in test_covariance_with_func
    originalResult = func(originalInput1_1, originalInput1_2)
mutants/src/covariance.py:119: in x_covariance__mutmut_5
    sxy += (x - sumx / (i + 1)) * (y - sumy / i)
E   ZeroDivisionError: float division by zero
_______________________________ test_covariance_with_func[originalInput1_14-originalInput1_24] _______________________________
mutants/tests/covarianceTest.py:156: in test_covariance_with_func
    originalResult = func(originalInput1_1, originalInput1_2)
mutants/src/covariance.py:119: in x_covariance__mutmut_5
    sxy += (x - sumx / (i + 1)) * (y - sumy / i)
E   ZeroDivisionError: float division by zero
_______________________________ test_covariance_with_func[originalInput1_15-originalInput1_25] _______________________________
mutants/tests/covarianceTest.py:156: in test_covariance_with_func
    originalResult = func(originalInput1_1, originalInput1_2)
mutants/src/covariance.py:119: in x_covariance__mutmut_5
    sxy += (x - sumx / (i + 1)) * (y - sumy / i)
E   ZeroDivisionError: float division by zero
_______________________________ test_covariance_with_func[originalInput1_16-originalInput1_26] _______________________________
mutants/tests/covarianceTest.py:156: in test_covariance_with_func
    originalResult = func(originalInput1_1, originalInput1_2)
mutants/src/covariance.py:119: in x_covariance__mutmut_5
    sxy += (x - sumx / (i + 1)) * (y - sumy / i)
E   ZeroDivisionError: float division by zero
_______________________________ test_covariance_with_func[originalInput1_17-originalInput1_27] _______________________________
mutants/tests/covarianceTest.py:156: in test_covariance_with_func
    originalResult = func(originalInput1_1, originalInput1_2)
mutants/src/covariance.py:119: in x_covariance__mutmut_5
    sxy += (x - sumx / (i + 1)) * (y - sumy / i)
E   ZeroDivisionError: float division by zero
_______________________________ test_covariance_with_func[originalInput1_18-originalInput1_28] _______________________________
mutants/tests/covarianceTest.py:156: in test_covariance_with_func
    originalResult = func(originalInput1_1, originalInput1_2)
mutants/src/covariance.py:119: in x_covariance__mutmut_5
    sxy += (x - sumx / (i + 1)) * (y - sumy / i)
E   ZeroDivisionError: float division by zero
_______________________________ test_covariance_with_func[originalInput1_19-originalInput1_29] _______________________________
mutants/tests/covarianceTest.py:156: in test_covariance_with_func
    originalResult = func(originalInput1_1, originalInput1_2)
mutants/src/covariance.py:119: in x_covariance__mutmut_5
    sxy += (x - sumx / (i + 1)) * (y - sumy / i)
E   ZeroDivisionError: float division by zero
====================================================== warnings summary ======================================================
../../anaconda3/envs/mutmut39/lib/python3.9/site-packages/_pytest/config/__init__.py:1474
  /home/rts/anaconda3/envs/mutmut39/lib/python3.9/site-packages/_pytest/config/__init__.py:1474: PytestConfigWarning: Unknown config option: pytest -vv --tb
  
    self._warn_or_fail_if_strict(f"Unknown config option: {key}\n")

-- Docs: https://docs.pytest.org/en/stable/how-to/capture-warnings.html
================================================== short test summary info ===================================================
FAILED mutants/tests/covarianceTest.py::test_covariance_with_func[originalInput1_10-originalInput1_20] - ZeroDivisionError: float division by zero
FAILED mutants/tests/covarianceTest.py::test_covariance_with_func[originalInput1_11-originalInput1_21] - ZeroDivisionError: float division by zero
FAILED mutants/tests/covarianceTest.py::test_covariance_with_func[originalInput1_12-originalInput1_22] - ZeroDivisionError: float division by zero
FAILED mutants/tests/covarianceTest.py::test_covariance_with_func[originalInput1_13-originalInput1_23] - ZeroDivisionError: float division by zero
FAILED mutants/tests/covarianceTest.py::test_covariance_with_func[originalInput1_14-originalInput1_24] - ZeroDivisionError: float division by zero
FAILED mutants/tests/covarianceTest.py::test_covariance_with_func[originalInput1_15-originalInput1_25] - ZeroDivisionError: float division by zero
FAILED mutants/tests/covarianceTest.py::test_covariance_with_func[originalInput1_16-originalInput1_26] - ZeroDivisionError: float division by zero
FAILED mutants/tests/covarianceTest.py::test_covariance_with_func[originalInput1_17-originalInput1_27] - ZeroDivisionError: float division by zero
FAILED mutants/tests/covarianceTest.py::test_covariance_with_func[originalInput1_18-originalInput1_28] - ZeroDivisionError: float division by zero
FAILED mutants/tests/covarianceTest.py::test_covariance_with_func[originalInput1_19-originalInput1_29] - ZeroDivisionError: float division by zero
10 failed, 1 warning in 0.07s
❌ x_covariance__mutmut_5 存在失败 (退出码 1)

================================================================================
RUNNING covariance.py :: x_covariance__mutmut_6  -  2025-10-16T10:10:43.663133
================================================================================

>>> 当前使用的函数: x_covariance__mutmut_6
函数源码如下：
def x_covariance__mutmut_6(elements1, elements2):
    size = len(elements1)
    sumx = elements1[0]
    sumy = elements2[0]
    sxy = None

    for i in range(0, size):
        x = elements1[i]
        y = elements2[i]

        sumx += x
        sxy += (x - sumx / (i + 1)) * (y - sumy / i)
        sumy += y

    return sxy / (size - 1)

FFFFFFFFFF
========================================================== FAILURES ==========================================================
_______________________________ test_covariance_with_func[originalInput1_10-originalInput1_20] _______________________________
mutants/tests/covarianceTest.py:156: in test_covariance_with_func
    originalResult = func(originalInput1_1, originalInput1_2)
mutants/src/covariance.py:134: in x_covariance__mutmut_6
    sxy += (x - sumx / (i + 1)) * (y - sumy / i)
E   ZeroDivisionError: float division by zero
_______________________________ test_covariance_with_func[originalInput1_11-originalInput1_21] _______________________________
mutants/tests/covarianceTest.py:156: in test_covariance_with_func
    originalResult = func(originalInput1_1, originalInput1_2)
mutants/src/covariance.py:134: in x_covariance__mutmut_6
    sxy += (x - sumx / (i + 1)) * (y - sumy / i)
E   ZeroDivisionError: float division by zero
_______________________________ test_covariance_with_func[originalInput1_12-originalInput1_22] _______________________________
mutants/tests/covarianceTest.py:156: in test_covariance_with_func
    originalResult = func(originalInput1_1, originalInput1_2)
mutants/src/covariance.py:134: in x_covariance__mutmut_6
    sxy += (x - sumx / (i + 1)) * (y - sumy / i)
E   ZeroDivisionError: float division by zero
_______________________________ test_covariance_with_func[originalInput1_13-originalInput1_23] _______________________________
mutants/tests/covarianceTest.py:156: in test_covariance_with_func
    originalResult = func(originalInput1_1, originalInput1_2)
mutants/src/covariance.py:134: in x_covariance__mutmut_6
    sxy += (x - sumx / (i + 1)) * (y - sumy / i)
E   ZeroDivisionError: float division by zero
_______________________________ test_covariance_with_func[originalInput1_14-originalInput1_24] _______________________________
mutants/tests/covarianceTest.py:156: in test_covariance_with_func
    originalResult = func(originalInput1_1, originalInput1_2)
mutants/src/covariance.py:134: in x_covariance__mutmut_6
    sxy += (x - sumx / (i + 1)) * (y - sumy / i)
E   ZeroDivisionError: float division by zero
_______________________________ test_covariance_with_func[originalInput1_15-originalInput1_25] _______________________________
mutants/tests/covarianceTest.py:156: in test_covariance_with_func
    originalResult = func(originalInput1_1, originalInput1_2)
mutants/src/covariance.py:134: in x_covariance__mutmut_6
    sxy += (x - sumx / (i + 1)) * (y - sumy / i)
E   ZeroDivisionError: float division by zero
_______________________________ test_covariance_with_func[originalInput1_16-originalInput1_26] _______________________________
mutants/tests/covarianceTest.py:156: in test_covariance_with_func
    originalResult = func(originalInput1_1, originalInput1_2)
mutants/src/covariance.py:134: in x_covariance__mutmut_6
    sxy += (x - sumx / (i + 1)) * (y - sumy / i)
E   ZeroDivisionError: float division by zero
_______________________________ test_covariance_with_func[originalInput1_17-originalInput1_27] _______________________________
mutants/tests/covarianceTest.py:156: in test_covariance_with_func
    originalResult = func(originalInput1_1, originalInput1_2)
mutants/src/covariance.py:134: in x_covariance__mutmut_6
    sxy += (x - sumx / (i + 1)) * (y - sumy / i)
E   ZeroDivisionError: float division by zero
_______________________________ test_covariance_with_func[originalInput1_18-originalInput1_28] _______________________________
mutants/tests/covarianceTest.py:156: in test_covariance_with_func
    originalResult = func(originalInput1_1, originalInput1_2)
mutants/src/covariance.py:134: in x_covariance__mutmut_6
    sxy += (x - sumx / (i + 1)) * (y - sumy / i)
E   ZeroDivisionError: float division by zero
_______________________________ test_covariance_with_func[originalInput1_19-originalInput1_29] _______________________________
mutants/tests/covarianceTest.py:156: in test_covariance_with_func
    originalResult = func(originalInput1_1, originalInput1_2)
mutants/src/covariance.py:134: in x_covariance__mutmut_6
    sxy += (x - sumx / (i + 1)) * (y - sumy / i)
E   ZeroDivisionError: float division by zero
====================================================== warnings summary ======================================================
../../anaconda3/envs/mutmut39/lib/python3.9/site-packages/_pytest/config/__init__.py:1474
  /home/rts/anaconda3/envs/mutmut39/lib/python3.9/site-packages/_pytest/config/__init__.py:1474: PytestConfigWarning: Unknown config option: pytest -vv --tb
  
    self._warn_or_fail_if_strict(f"Unknown config option: {key}\n")

-- Docs: https://docs.pytest.org/en/stable/how-to/capture-warnings.html
================================================== short test summary info ===================================================
FAILED mutants/tests/covarianceTest.py::test_covariance_with_func[originalInput1_10-originalInput1_20] - ZeroDivisionError: float division by zero
FAILED mutants/tests/covarianceTest.py::test_covariance_with_func[originalInput1_11-originalInput1_21] - ZeroDivisionError: float division by zero
FAILED mutants/tests/covarianceTest.py::test_covariance_with_func[originalInput1_12-originalInput1_22] - ZeroDivisionError: float division by zero
FAILED mutants/tests/covarianceTest.py::test_covariance_with_func[originalInput1_13-originalInput1_23] - ZeroDivisionError: float division by zero
FAILED mutants/tests/covarianceTest.py::test_covariance_with_func[originalInput1_14-originalInput1_24] - ZeroDivisionError: float division by zero
FAILED mutants/tests/covarianceTest.py::test_covariance_with_func[originalInput1_15-originalInput1_25] - ZeroDivisionError: float division by zero
FAILED mutants/tests/covarianceTest.py::test_covariance_with_func[originalInput1_16-originalInput1_26] - ZeroDivisionError: float division by zero
FAILED mutants/tests/covarianceTest.py::test_covariance_with_func[originalInput1_17-originalInput1_27] - ZeroDivisionError: float division by zero
FAILED mutants/tests/covarianceTest.py::test_covariance_with_func[originalInput1_18-originalInput1_28] - ZeroDivisionError: float division by zero
FAILED mutants/tests/covarianceTest.py::test_covariance_with_func[originalInput1_19-originalInput1_29] - ZeroDivisionError: float division by zero
10 failed, 1 warning in 0.07s
❌ x_covariance__mutmut_6 存在失败 (退出码 1)

================================================================================
RUNNING covariance.py :: x_covariance__mutmut_7  -  2025-10-16T10:10:43.773653
================================================================================

>>> 当前使用的函数: x_covariance__mutmut_7
函数源码如下：
def x_covariance__mutmut_7(elements1, elements2):
    size = len(elements1)
    sumx = elements1[0]
    sumy = elements2[0]
    sxy = 1

    for i in range(0, size):
        x = elements1[i]
        y = elements2[i]

        sumx += x
        sxy += (x - sumx / (i + 1)) * (y - sumy / i)
        sumy += y

    return sxy / (size - 1)

FFFFFFFFFF
========================================================== FAILURES ==========================================================
_______________________________ test_covariance_with_func[originalInput1_10-originalInput1_20] _______________________________
mutants/tests/covarianceTest.py:156: in test_covariance_with_func
    originalResult = func(originalInput1_1, originalInput1_2)
mutants/src/covariance.py:149: in x_covariance__mutmut_7
    sxy += (x - sumx / (i + 1)) * (y - sumy / i)
E   ZeroDivisionError: float division by zero
_______________________________ test_covariance_with_func[originalInput1_11-originalInput1_21] _______________________________
mutants/tests/covarianceTest.py:156: in test_covariance_with_func
    originalResult = func(originalInput1_1, originalInput1_2)
mutants/src/covariance.py:149: in x_covariance__mutmut_7
    sxy += (x - sumx / (i + 1)) * (y - sumy / i)
E   ZeroDivisionError: float division by zero
_______________________________ test_covariance_with_func[originalInput1_12-originalInput1_22] _______________________________
mutants/tests/covarianceTest.py:156: in test_covariance_with_func
    originalResult = func(originalInput1_1, originalInput1_2)
mutants/src/covariance.py:149: in x_covariance__mutmut_7
    sxy += (x - sumx / (i + 1)) * (y - sumy / i)
E   ZeroDivisionError: float division by zero
_______________________________ test_covariance_with_func[originalInput1_13-originalInput1_23] _______________________________
mutants/tests/covarianceTest.py:156: in test_covariance_with_func
    originalResult = func(originalInput1_1, originalInput1_2)
mutants/src/covariance.py:149: in x_covariance__mutmut_7
    sxy += (x - sumx / (i + 1)) * (y - sumy / i)
E   ZeroDivisionError: float division by zero
_______________________________ test_covariance_with_func[originalInput1_14-originalInput1_24] _______________________________
mutants/tests/covarianceTest.py:156: in test_covariance_with_func
    originalResult = func(originalInput1_1, originalInput1_2)
mutants/src/covariance.py:149: in x_covariance__mutmut_7
    sxy += (x - sumx / (i + 1)) * (y - sumy / i)
E   ZeroDivisionError: float division by zero
_______________________________ test_covariance_with_func[originalInput1_15-originalInput1_25] _______________________________
mutants/tests/covarianceTest.py:156: in test_covariance_with_func
    originalResult = func(originalInput1_1, originalInput1_2)
mutants/src/covariance.py:149: in x_covariance__mutmut_7
    sxy += (x - sumx / (i + 1)) * (y - sumy / i)
E   ZeroDivisionError: float division by zero
_______________________________ test_covariance_with_func[originalInput1_16-originalInput1_26] _______________________________
mutants/tests/covarianceTest.py:156: in test_covariance_with_func
    originalResult = func(originalInput1_1, originalInput1_2)
mutants/src/covariance.py:149: in x_covariance__mutmut_7
    sxy += (x - sumx / (i + 1)) * (y - sumy / i)
E   ZeroDivisionError: float division by zero
_______________________________ test_covariance_with_func[originalInput1_17-originalInput1_27] _______________________________
mutants/tests/covarianceTest.py:156: in test_covariance_with_func
    originalResult = func(originalInput1_1, originalInput1_2)
mutants/src/covariance.py:149: in x_covariance__mutmut_7
    sxy += (x - sumx / (i + 1)) * (y - sumy / i)
E   ZeroDivisionError: float division by zero
_______________________________ test_covariance_with_func[originalInput1_18-originalInput1_28] _______________________________
mutants/tests/covarianceTest.py:156: in test_covariance_with_func
    originalResult = func(originalInput1_1, originalInput1_2)
mutants/src/covariance.py:149: in x_covariance__mutmut_7
    sxy += (x - sumx / (i + 1)) * (y - sumy / i)
E   ZeroDivisionError: float division by zero
_______________________________ test_covariance_with_func[originalInput1_19-originalInput1_29] _______________________________
mutants/tests/covarianceTest.py:156: in test_covariance_with_func
    originalResult = func(originalInput1_1, originalInput1_2)
mutants/src/covariance.py:149: in x_covariance__mutmut_7
    sxy += (x - sumx / (i + 1)) * (y - sumy / i)
E   ZeroDivisionError: float division by zero
====================================================== warnings summary ======================================================
../../anaconda3/envs/mutmut39/lib/python3.9/site-packages/_pytest/config/__init__.py:1474
  /home/rts/anaconda3/envs/mutmut39/lib/python3.9/site-packages/_pytest/config/__init__.py:1474: PytestConfigWarning: Unknown config option: pytest -vv --tb
  
    self._warn_or_fail_if_strict(f"Unknown config option: {key}\n")

-- Docs: https://docs.pytest.org/en/stable/how-to/capture-warnings.html
================================================== short test summary info ===================================================
FAILED mutants/tests/covarianceTest.py::test_covariance_with_func[originalInput1_10-originalInput1_20] - ZeroDivisionError: float division by zero
FAILED mutants/tests/covarianceTest.py::test_covariance_with_func[originalInput1_11-originalInput1_21] - ZeroDivisionError: float division by zero
FAILED mutants/tests/covarianceTest.py::test_covariance_with_func[originalInput1_12-originalInput1_22] - ZeroDivisionError: float division by zero
FAILED mutants/tests/covarianceTest.py::test_covariance_with_func[originalInput1_13-originalInput1_23] - ZeroDivisionError: float division by zero
FAILED mutants/tests/covarianceTest.py::test_covariance_with_func[originalInput1_14-originalInput1_24] - ZeroDivisionError: float division by zero
FAILED mutants/tests/covarianceTest.py::test_covariance_with_func[originalInput1_15-originalInput1_25] - ZeroDivisionError: float division by zero
FAILED mutants/tests/covarianceTest.py::test_covariance_with_func[originalInput1_16-originalInput1_26] - ZeroDivisionError: float division by zero
FAILED mutants/tests/covarianceTest.py::test_covariance_with_func[originalInput1_17-originalInput1_27] - ZeroDivisionError: float division by zero
FAILED mutants/tests/covarianceTest.py::test_covariance_with_func[originalInput1_18-originalInput1_28] - ZeroDivisionError: float division by zero
FAILED mutants/tests/covarianceTest.py::test_covariance_with_func[originalInput1_19-originalInput1_29] - ZeroDivisionError: float division by zero
10 failed, 1 warning in 0.07s
❌ x_covariance__mutmut_7 存在失败 (退出码 1)

================================================================================
RUNNING covariance.py :: x_covariance__mutmut_8  -  2025-10-16T10:10:43.884493
================================================================================

>>> 当前使用的函数: x_covariance__mutmut_8
函数源码如下：
def x_covariance__mutmut_8(elements1, elements2):
    size = len(elements1)
    sumx = elements1[0]
    sumy = elements2[0]
    sxy = 0

    for i in range(None, size):
        x = elements1[i]
        y = elements2[i]

        sumx += x
        sxy += (x - sumx / (i + 1)) * (y - sumy / i)
        sumy += y

    return sxy / (size - 1)

FFFFFFFFFF
========================================================== FAILURES ==========================================================
_______________________________ test_covariance_with_func[originalInput1_10-originalInput1_20] _______________________________
mutants/tests/covarianceTest.py:156: in test_covariance_with_func
    originalResult = func(originalInput1_1, originalInput1_2)
mutants/src/covariance.py:159: in x_covariance__mutmut_8
    for i in range(None, size):
E   TypeError: 'NoneType' object cannot be interpreted as an integer
_______________________________ test_covariance_with_func[originalInput1_11-originalInput1_21] _______________________________
mutants/tests/covarianceTest.py:156: in test_covariance_with_func
    originalResult = func(originalInput1_1, originalInput1_2)
mutants/src/covariance.py:159: in x_covariance__mutmut_8
    for i in range(None, size):
E   TypeError: 'NoneType' object cannot be interpreted as an integer
_______________________________ test_covariance_with_func[originalInput1_12-originalInput1_22] _______________________________
mutants/tests/covarianceTest.py:156: in test_covariance_with_func
    originalResult = func(originalInput1_1, originalInput1_2)
mutants/src/covariance.py:159: in x_covariance__mutmut_8
    for i in range(None, size):
E   TypeError: 'NoneType' object cannot be interpreted as an integer
_______________________________ test_covariance_with_func[originalInput1_13-originalInput1_23] _______________________________
mutants/tests/covarianceTest.py:156: in test_covariance_with_func
    originalResult = func(originalInput1_1, originalInput1_2)
mutants/src/covariance.py:159: in x_covariance__mutmut_8
    for i in range(None, size):
E   TypeError: 'NoneType' object cannot be interpreted as an integer
_______________________________ test_covariance_with_func[originalInput1_14-originalInput1_24] _______________________________
mutants/tests/covarianceTest.py:156: in test_covariance_with_func
    originalResult = func(originalInput1_1, originalInput1_2)
mutants/src/covariance.py:159: in x_covariance__mutmut_8
    for i in range(None, size):
E   TypeError: 'NoneType' object cannot be interpreted as an integer
_______________________________ test_covariance_with_func[originalInput1_15-originalInput1_25] _______________________________
mutants/tests/covarianceTest.py:156: in test_covariance_with_func
    originalResult = func(originalInput1_1, originalInput1_2)
mutants/src/covariance.py:159: in x_covariance__mutmut_8
    for i in range(None, size):
E   TypeError: 'NoneType' object cannot be interpreted as an integer
_______________________________ test_covariance_with_func[originalInput1_16-originalInput1_26] _______________________________
mutants/tests/covarianceTest.py:156: in test_covariance_with_func
    originalResult = func(originalInput1_1, originalInput1_2)
mutants/src/covariance.py:159: in x_covariance__mutmut_8
    for i in range(None, size):
E   TypeError: 'NoneType' object cannot be interpreted as an integer
_______________________________ test_covariance_with_func[originalInput1_17-originalInput1_27] _______________________________
mutants/tests/covarianceTest.py:156: in test_covariance_with_func
    originalResult = func(originalInput1_1, originalInput1_2)
mutants/src/covariance.py:159: in x_covariance__mutmut_8
    for i in range(None, size):
E   TypeError: 'NoneType' object cannot be interpreted as an integer
_______________________________ test_covariance_with_func[originalInput1_18-originalInput1_28] _______________________________
mutants/tests/covarianceTest.py:156: in test_covariance_with_func
    originalResult = func(originalInput1_1, originalInput1_2)
mutants/src/covariance.py:159: in x_covariance__mutmut_8
    for i in range(None, size):
E   TypeError: 'NoneType' object cannot be interpreted as an integer
_______________________________ test_covariance_with_func[originalInput1_19-originalInput1_29] _______________________________
mutants/tests/covarianceTest.py:156: in test_covariance_with_func
    originalResult = func(originalInput1_1, originalInput1_2)
mutants/src/covariance.py:159: in x_covariance__mutmut_8
    for i in range(None, size):
E   TypeError: 'NoneType' object cannot be interpreted as an integer
====================================================== warnings summary ======================================================
../../anaconda3/envs/mutmut39/lib/python3.9/site-packages/_pytest/config/__init__.py:1474
  /home/rts/anaconda3/envs/mutmut39/lib/python3.9/site-packages/_pytest/config/__init__.py:1474: PytestConfigWarning: Unknown config option: pytest -vv --tb
  
    self._warn_or_fail_if_strict(f"Unknown config option: {key}\n")

-- Docs: https://docs.pytest.org/en/stable/how-to/capture-warnings.html
================================================== short test summary info ===================================================
FAILED mutants/tests/covarianceTest.py::test_covariance_with_func[originalInput1_10-originalInput1_20] - TypeError: 'NoneType' object cannot be interpreted as an integer
FAILED mutants/tests/covarianceTest.py::test_covariance_with_func[originalInput1_11-originalInput1_21] - TypeError: 'NoneType' object cannot be interpreted as an integer
FAILED mutants/tests/covarianceTest.py::test_covariance_with_func[originalInput1_12-originalInput1_22] - TypeError: 'NoneType' object cannot be interpreted as an integer
FAILED mutants/tests/covarianceTest.py::test_covariance_with_func[originalInput1_13-originalInput1_23] - TypeError: 'NoneType' object cannot be interpreted as an integer
FAILED mutants/tests/covarianceTest.py::test_covariance_with_func[originalInput1_14-originalInput1_24] - TypeError: 'NoneType' object cannot be interpreted as an integer
FAILED mutants/tests/covarianceTest.py::test_covariance_with_func[originalInput1_15-originalInput1_25] - TypeError: 'NoneType' object cannot be interpreted as an integer
FAILED mutants/tests/covarianceTest.py::test_covariance_with_func[originalInput1_16-originalInput1_26] - TypeError: 'NoneType' object cannot be interpreted as an integer
FAILED mutants/tests/covarianceTest.py::test_covariance_with_func[originalInput1_17-originalInput1_27] - TypeError: 'NoneType' object cannot be interpreted as an integer
FAILED mutants/tests/covarianceTest.py::test_covariance_with_func[originalInput1_18-originalInput1_28] - TypeError: 'NoneType' object cannot be interpreted as an integer
FAILED mutants/tests/covarianceTest.py::test_covariance_with_func[originalInput1_19-originalInput1_29] - TypeError: 'NoneType' object cannot be interpreted as an integer
10 failed, 1 warning in 0.07s
❌ x_covariance__mutmut_8 存在失败 (退出码 1)

================================================================================
RUNNING covariance.py :: x_covariance__mutmut_9  -  2025-10-16T10:10:43.992869
================================================================================

>>> 当前使用的函数: x_covariance__mutmut_9
函数源码如下：
def x_covariance__mutmut_9(elements1, elements2):
    size = len(elements1)
    sumx = elements1[0]
    sumy = elements2[0]
    sxy = 0

    for i in range(0, None):
        x = elements1[i]
        y = elements2[i]

        sumx += x
        sxy += (x - sumx / (i + 1)) * (y - sumy / i)
        sumy += y

    return sxy / (size - 1)

FFFFFFFFFF
========================================================== FAILURES ==========================================================
_______________________________ test_covariance_with_func[originalInput1_10-originalInput1_20] _______________________________
mutants/tests/covarianceTest.py:156: in test_covariance_with_func
    originalResult = func(originalInput1_1, originalInput1_2)
mutants/src/covariance.py:174: in x_covariance__mutmut_9
    for i in range(0, None):
E   TypeError: 'NoneType' object cannot be interpreted as an integer
_______________________________ test_covariance_with_func[originalInput1_11-originalInput1_21] _______________________________
mutants/tests/covarianceTest.py:156: in test_covariance_with_func
    originalResult = func(originalInput1_1, originalInput1_2)
mutants/src/covariance.py:174: in x_covariance__mutmut_9
    for i in range(0, None):
E   TypeError: 'NoneType' object cannot be interpreted as an integer
_______________________________ test_covariance_with_func[originalInput1_12-originalInput1_22] _______________________________
mutants/tests/covarianceTest.py:156: in test_covariance_with_func
    originalResult = func(originalInput1_1, originalInput1_2)
mutants/src/covariance.py:174: in x_covariance__mutmut_9
    for i in range(0, None):
E   TypeError: 'NoneType' object cannot be interpreted as an integer
_______________________________ test_covariance_with_func[originalInput1_13-originalInput1_23] _______________________________
mutants/tests/covarianceTest.py:156: in test_covariance_with_func
    originalResult = func(originalInput1_1, originalInput1_2)
mutants/src/covariance.py:174: in x_covariance__mutmut_9
    for i in range(0, None):
E   TypeError: 'NoneType' object cannot be interpreted as an integer
_______________________________ test_covariance_with_func[originalInput1_14-originalInput1_24] _______________________________
mutants/tests/covarianceTest.py:156: in test_covariance_with_func
    originalResult = func(originalInput1_1, originalInput1_2)
mutants/src/covariance.py:174: in x_covariance__mutmut_9
    for i in range(0, None):
E   TypeError: 'NoneType' object cannot be interpreted as an integer
_______________________________ test_covariance_with_func[originalInput1_15-originalInput1_25] _______________________________
mutants/tests/covarianceTest.py:156: in test_covariance_with_func
    originalResult = func(originalInput1_1, originalInput1_2)
mutants/src/covariance.py:174: in x_covariance__mutmut_9
    for i in range(0, None):
E   TypeError: 'NoneType' object cannot be interpreted as an integer
_______________________________ test_covariance_with_func[originalInput1_16-originalInput1_26] _______________________________
mutants/tests/covarianceTest.py:156: in test_covariance_with_func
    originalResult = func(originalInput1_1, originalInput1_2)
mutants/src/covariance.py:174: in x_covariance__mutmut_9
    for i in range(0, None):
E   TypeError: 'NoneType' object cannot be interpreted as an integer
_______________________________ test_covariance_with_func[originalInput1_17-originalInput1_27] _______________________________
mutants/tests/covarianceTest.py:156: in test_covariance_with_func
    originalResult = func(originalInput1_1, originalInput1_2)
mutants/src/covariance.py:174: in x_covariance__mutmut_9
    for i in range(0, None):
E   TypeError: 'NoneType' object cannot be interpreted as an integer
_______________________________ test_covariance_with_func[originalInput1_18-originalInput1_28] _______________________________
mutants/tests/covarianceTest.py:156: in test_covariance_with_func
    originalResult = func(originalInput1_1, originalInput1_2)
mutants/src/covariance.py:174: in x_covariance__mutmut_9
    for i in range(0, None):
E   TypeError: 'NoneType' object cannot be interpreted as an integer
_______________________________ test_covariance_with_func[originalInput1_19-originalInput1_29] _______________________________
mutants/tests/covarianceTest.py:156: in test_covariance_with_func
    originalResult = func(originalInput1_1, originalInput1_2)
mutants/src/covariance.py:174: in x_covariance__mutmut_9
    for i in range(0, None):
E   TypeError: 'NoneType' object cannot be interpreted as an integer
====================================================== warnings summary ======================================================
../../anaconda3/envs/mutmut39/lib/python3.9/site-packages/_pytest/config/__init__.py:1474
  /home/rts/anaconda3/envs/mutmut39/lib/python3.9/site-packages/_pytest/config/__init__.py:1474: PytestConfigWarning: Unknown config option: pytest -vv --tb
  
    self._warn_or_fail_if_strict(f"Unknown config option: {key}\n")

-- Docs: https://docs.pytest.org/en/stable/how-to/capture-warnings.html
================================================== short test summary info ===================================================
FAILED mutants/tests/covarianceTest.py::test_covariance_with_func[originalInput1_10-originalInput1_20] - TypeError: 'NoneType' object cannot be interpreted as an integer
FAILED mutants/tests/covarianceTest.py::test_covariance_with_func[originalInput1_11-originalInput1_21] - TypeError: 'NoneType' object cannot be interpreted as an integer
FAILED mutants/tests/covarianceTest.py::test_covariance_with_func[originalInput1_12-originalInput1_22] - TypeError: 'NoneType' object cannot be interpreted as an integer
FAILED mutants/tests/covarianceTest.py::test_covariance_with_func[originalInput1_13-originalInput1_23] - TypeError: 'NoneType' object cannot be interpreted as an integer
FAILED mutants/tests/covarianceTest.py::test_covariance_with_func[originalInput1_14-originalInput1_24] - TypeError: 'NoneType' object cannot be interpreted as an integer
FAILED mutants/tests/covarianceTest.py::test_covariance_with_func[originalInput1_15-originalInput1_25] - TypeError: 'NoneType' object cannot be interpreted as an integer
FAILED mutants/tests/covarianceTest.py::test_covariance_with_func[originalInput1_16-originalInput1_26] - TypeError: 'NoneType' object cannot be interpreted as an integer
FAILED mutants/tests/covarianceTest.py::test_covariance_with_func[originalInput1_17-originalInput1_27] - TypeError: 'NoneType' object cannot be interpreted as an integer
FAILED mutants/tests/covarianceTest.py::test_covariance_with_func[originalInput1_18-originalInput1_28] - TypeError: 'NoneType' object cannot be interpreted as an integer
FAILED mutants/tests/covarianceTest.py::test_covariance_with_func[originalInput1_19-originalInput1_29] - TypeError: 'NoneType' object cannot be interpreted as an integer
10 failed, 1 warning in 0.07s
❌ x_covariance__mutmut_9 存在失败 (退出码 1)

================================================================================
RUNNING covariance.py :: x_covariance__mutmut_orig  -  2025-10-16T10:10:44.103471
================================================================================

>>> 当前使用的函数: x_covariance__mutmut_orig
函数源码如下：
def x_covariance__mutmut_orig(elements1, elements2):
    size = len(elements1)
    sumx = elements1[0]
    sumy = elements2[0]
    sxy = 0

    for i in range(0, size):
        x = elements1[i]
        y = elements2[i]

        sumx += x
        sxy += (x - sumx / (i + 1)) * (y - sumy / i)
        sumy += y

    return sxy / (size - 1)

FFFFFFFFFF
========================================================== FAILURES ==========================================================
_______________________________ test_covariance_with_func[originalInput1_10-originalInput1_20] _______________________________
mutants/tests/covarianceTest.py:156: in test_covariance_with_func
    originalResult = func(originalInput1_1, originalInput1_2)
mutants/src/covariance.py:44: in x_covariance__mutmut_orig
    sxy += (x - sumx / (i + 1)) * (y - sumy / i)
E   ZeroDivisionError: float division by zero
_______________________________ test_covariance_with_func[originalInput1_11-originalInput1_21] _______________________________
mutants/tests/covarianceTest.py:156: in test_covariance_with_func
    originalResult = func(originalInput1_1, originalInput1_2)
mutants/src/covariance.py:44: in x_covariance__mutmut_orig
    sxy += (x - sumx / (i + 1)) * (y - sumy / i)
E   ZeroDivisionError: float division by zero
_______________________________ test_covariance_with_func[originalInput1_12-originalInput1_22] _______________________________
mutants/tests/covarianceTest.py:156: in test_covariance_with_func
    originalResult = func(originalInput1_1, originalInput1_2)
mutants/src/covariance.py:44: in x_covariance__mutmut_orig
    sxy += (x - sumx / (i + 1)) * (y - sumy / i)
E   ZeroDivisionError: float division by zero
_______________________________ test_covariance_with_func[originalInput1_13-originalInput1_23] _______________________________
mutants/tests/covarianceTest.py:156: in test_covariance_with_func
    originalResult = func(originalInput1_1, originalInput1_2)
mutants/src/covariance.py:44: in x_covariance__mutmut_orig
    sxy += (x - sumx / (i + 1)) * (y - sumy / i)
E   ZeroDivisionError: float division by zero
_______________________________ test_covariance_with_func[originalInput1_14-originalInput1_24] _______________________________
mutants/tests/covarianceTest.py:156: in test_covariance_with_func
    originalResult = func(originalInput1_1, originalInput1_2)
mutants/src/covariance.py:44: in x_covariance__mutmut_orig
    sxy += (x - sumx / (i + 1)) * (y - sumy / i)
E   ZeroDivisionError: float division by zero
_______________________________ test_covariance_with_func[originalInput1_15-originalInput1_25] _______________________________
mutants/tests/covarianceTest.py:156: in test_covariance_with_func
    originalResult = func(originalInput1_1, originalInput1_2)
mutants/src/covariance.py:44: in x_covariance__mutmut_orig
    sxy += (x - sumx / (i + 1)) * (y - sumy / i)
E   ZeroDivisionError: float division by zero
_______________________________ test_covariance_with_func[originalInput1_16-originalInput1_26] _______________________________
mutants/tests/covarianceTest.py:156: in test_covariance_with_func
    originalResult = func(originalInput1_1, originalInput1_2)
mutants/src/covariance.py:44: in x_covariance__mutmut_orig
    sxy += (x - sumx / (i + 1)) * (y - sumy / i)
E   ZeroDivisionError: float division by zero
_______________________________ test_covariance_with_func[originalInput1_17-originalInput1_27] _______________________________
mutants/tests/covarianceTest.py:156: in test_covariance_with_func
    originalResult = func(originalInput1_1, originalInput1_2)
mutants/src/covariance.py:44: in x_covariance__mutmut_orig
    sxy += (x - sumx / (i + 1)) * (y - sumy / i)
E   ZeroDivisionError: float division by zero
_______________________________ test_covariance_with_func[originalInput1_18-originalInput1_28] _______________________________
mutants/tests/covarianceTest.py:156: in test_covariance_with_func
    originalResult = func(originalInput1_1, originalInput1_2)
mutants/src/covariance.py:44: in x_covariance__mutmut_orig
    sxy += (x - sumx / (i + 1)) * (y - sumy / i)
E   ZeroDivisionError: float division by zero
_______________________________ test_covariance_with_func[originalInput1_19-originalInput1_29] _______________________________
mutants/tests/covarianceTest.py:156: in test_covariance_with_func
    originalResult = func(originalInput1_1, originalInput1_2)
mutants/src/covariance.py:44: in x_covariance__mutmut_orig
    sxy += (x - sumx / (i + 1)) * (y - sumy / i)
E   ZeroDivisionError: float division by zero
====================================================== warnings summary ======================================================
../../anaconda3/envs/mutmut39/lib/python3.9/site-packages/_pytest/config/__init__.py:1474
  /home/rts/anaconda3/envs/mutmut39/lib/python3.9/site-packages/_pytest/config/__init__.py:1474: PytestConfigWarning: Unknown config option: pytest -vv --tb
  
    self._warn_or_fail_if_strict(f"Unknown config option: {key}\n")

-- Docs: https://docs.pytest.org/en/stable/how-to/capture-warnings.html
================================================== short test summary info ===================================================
FAILED mutants/tests/covarianceTest.py::test_covariance_with_func[originalInput1_10-originalInput1_20] - ZeroDivisionError: float division by zero
FAILED mutants/tests/covarianceTest.py::test_covariance_with_func[originalInput1_11-originalInput1_21] - ZeroDivisionError: float division by zero
FAILED mutants/tests/covarianceTest.py::test_covariance_with_func[originalInput1_12-originalInput1_22] - ZeroDivisionError: float division by zero
FAILED mutants/tests/covarianceTest.py::test_covariance_with_func[originalInput1_13-originalInput1_23] - ZeroDivisionError: float division by zero
FAILED mutants/tests/covarianceTest.py::test_covariance_with_func[originalInput1_14-originalInput1_24] - ZeroDivisionError: float division by zero
FAILED mutants/tests/covarianceTest.py::test_covariance_with_func[originalInput1_15-originalInput1_25] - ZeroDivisionError: float division by zero
FAILED mutants/tests/covarianceTest.py::test_covariance_with_func[originalInput1_16-originalInput1_26] - ZeroDivisionError: float division by zero
FAILED mutants/tests/covarianceTest.py::test_covariance_with_func[originalInput1_17-originalInput1_27] - ZeroDivisionError: float division by zero
FAILED mutants/tests/covarianceTest.py::test_covariance_with_func[originalInput1_18-originalInput1_28] - ZeroDivisionError: float division by zero
FAILED mutants/tests/covarianceTest.py::test_covariance_with_func[originalInput1_19-originalInput1_29] - ZeroDivisionError: float division by zero
10 failed, 1 warning in 0.07s
❌ x_covariance__mutmut_orig 存在失败 (退出码 1)
