
=== Running tests for single mutant file: bi_SearchFromTo.py ===

================================================================================
RUNNING bi_SearchFromTo.py :: x_bi_SearchFromTo__mutmut_1  -  2025-10-16T19:36:13.070869
================================================================================

>>> 当前使用的函数: x_bi_SearchFromTo__mutmut_1
函数源码如下：
def x_bi_SearchFromTo__mutmut_1(elements, key, froom, to):

    low = None
    high = to

    while low <= high:
        mid = (low + high)//2
        midVal = elements[mid]

        if midVal < key:
            low = mid + 1

        else:
            if midVal > key:
                high = mid - 1
            else:
                return mid
    return -(low + 1)

============================================================================ test session starts ============================================================================
platform linux -- Python 3.9.12, pytest-8.4.2, pluggy-1.6.0 -- /home/rts/anaconda3/envs/mutmut39/bin/python
cachedir: .pytest_cache
metadata: {'Python': '3.9.12', 'Platform': 'Linux-5.4.0-150-generic-x86_64-with-glibc2.27', 'Packages': {'pytest': '8.4.2', 'pluggy': '1.6.0'}, 'Plugins': {'metadata': '3.1.1', 'html': '4.1.1', 'check': '2.5.3', 'json-report': '1.5.0'}}
rootdir: /home/rts/下载/Python_src/mutants
configfile: pytest.ini
plugins: metadata-3.1.1, html-4.1.1, check-2.5.3, json-report-1.5.0
collecting ... collected 10 items                                                                                                                                                          

mutants/tests/bi_SearchFromToTest.py::test_bi_SearchFromTo_with_func[originalInput0-1.2-0-3] FAILED
mutants/tests/bi_SearchFromToTest.py::test_bi_SearchFromTo_with_func[originalInput1-2.0-0-4] FAILED
mutants/tests/bi_SearchFromToTest.py::test_bi_SearchFromTo_with_func[originalInput2-1.61-0-4] FAILED
mutants/tests/bi_SearchFromToTest.py::test_bi_SearchFromTo_with_func[originalInput3-0.0-0-3] FAILED
mutants/tests/bi_SearchFromToTest.py::test_bi_SearchFromTo_with_func[originalInput4-2.5-0-4] FAILED
mutants/tests/bi_SearchFromToTest.py::test_bi_SearchFromTo_with_func[originalInput5-1.2-0-2] FAILED
mutants/tests/bi_SearchFromToTest.py::test_bi_SearchFromTo_with_func[originalInput6-4.4-0-3] FAILED
mutants/tests/bi_SearchFromToTest.py::test_bi_SearchFromTo_with_func[originalInput7-1.2-0-3] FAILED
mutants/tests/bi_SearchFromToTest.py::test_bi_SearchFromTo_with_func[originalInput8-4.1-0-4] FAILED
mutants/tests/bi_SearchFromToTest.py::test_bi_SearchFromTo_with_func[originalInput9-1.5-0-5] FAILED

================================================================================= FAILURES ==================================================================================
__________________________________________________________ test_bi_SearchFromTo_with_func[originalInput0-1.2-0-3] ___________________________________________________________
mutants/tests/bi_SearchFromToTest.py:83: in test_bi_SearchFromTo_with_func
    originalResult = func(originalInput, key, from_idx, to_idx)
mutants/src/bi_SearchFromTo.py:56: in x_bi_SearchFromTo__mutmut_1
    while low <= high:
E   TypeError: '<=' not supported between instances of 'NoneType' and 'int'
__________________________________________________________ test_bi_SearchFromTo_with_func[originalInput1-2.0-0-4] ___________________________________________________________
mutants/tests/bi_SearchFromToTest.py:83: in test_bi_SearchFromTo_with_func
    originalResult = func(originalInput, key, from_idx, to_idx)
mutants/src/bi_SearchFromTo.py:56: in x_bi_SearchFromTo__mutmut_1
    while low <= high:
E   TypeError: '<=' not supported between instances of 'NoneType' and 'int'
__________________________________________________________ test_bi_SearchFromTo_with_func[originalInput2-1.61-0-4] __________________________________________________________
mutants/tests/bi_SearchFromToTest.py:83: in test_bi_SearchFromTo_with_func
    originalResult = func(originalInput, key, from_idx, to_idx)
mutants/src/bi_SearchFromTo.py:56: in x_bi_SearchFromTo__mutmut_1
    while low <= high:
E   TypeError: '<=' not supported between instances of 'NoneType' and 'int'
__________________________________________________________ test_bi_SearchFromTo_with_func[originalInput3-0.0-0-3] ___________________________________________________________
mutants/tests/bi_SearchFromToTest.py:83: in test_bi_SearchFromTo_with_func
    originalResult = func(originalInput, key, from_idx, to_idx)
mutants/src/bi_SearchFromTo.py:56: in x_bi_SearchFromTo__mutmut_1
    while low <= high:
E   TypeError: '<=' not supported between instances of 'NoneType' and 'int'
__________________________________________________________ test_bi_SearchFromTo_with_func[originalInput4-2.5-0-4] ___________________________________________________________
mutants/tests/bi_SearchFromToTest.py:83: in test_bi_SearchFromTo_with_func
    originalResult = func(originalInput, key, from_idx, to_idx)
mutants/src/bi_SearchFromTo.py:56: in x_bi_SearchFromTo__mutmut_1
    while low <= high:
E   TypeError: '<=' not supported between instances of 'NoneType' and 'int'
__________________________________________________________ test_bi_SearchFromTo_with_func[originalInput5-1.2-0-2] ___________________________________________________________
mutants/tests/bi_SearchFromToTest.py:83: in test_bi_SearchFromTo_with_func
    originalResult = func(originalInput, key, from_idx, to_idx)
mutants/src/bi_SearchFromTo.py:56: in x_bi_SearchFromTo__mutmut_1
    while low <= high:
E   TypeError: '<=' not supported between instances of 'NoneType' and 'int'
__________________________________________________________ test_bi_SearchFromTo_with_func[originalInput6-4.4-0-3] ___________________________________________________________
mutants/tests/bi_SearchFromToTest.py:83: in test_bi_SearchFromTo_with_func
    originalResult = func(originalInput, key, from_idx, to_idx)
mutants/src/bi_SearchFromTo.py:56: in x_bi_SearchFromTo__mutmut_1
    while low <= high:
E   TypeError: '<=' not supported between instances of 'NoneType' and 'int'
__________________________________________________________ test_bi_SearchFromTo_with_func[originalInput7-1.2-0-3] ___________________________________________________________
mutants/tests/bi_SearchFromToTest.py:83: in test_bi_SearchFromTo_with_func
    originalResult = func(originalInput, key, from_idx, to_idx)
mutants/src/bi_SearchFromTo.py:56: in x_bi_SearchFromTo__mutmut_1
    while low <= high:
E   TypeError: '<=' not supported between instances of 'NoneType' and 'int'
__________________________________________________________ test_bi_SearchFromTo_with_func[originalInput8-4.1-0-4] ___________________________________________________________
mutants/tests/bi_SearchFromToTest.py:83: in test_bi_SearchFromTo_with_func
    originalResult = func(originalInput, key, from_idx, to_idx)
mutants/src/bi_SearchFromTo.py:56: in x_bi_SearchFromTo__mutmut_1
    while low <= high:
E   TypeError: '<=' not supported between instances of 'NoneType' and 'int'
__________________________________________________________ test_bi_SearchFromTo_with_func[originalInput9-1.5-0-5] ___________________________________________________________
mutants/tests/bi_SearchFromToTest.py:83: in test_bi_SearchFromTo_with_func
    originalResult = func(originalInput, key, from_idx, to_idx)
mutants/src/bi_SearchFromTo.py:56: in x_bi_SearchFromTo__mutmut_1
    while low <= high:
E   TypeError: '<=' not supported between instances of 'NoneType' and 'int'
-------------------------------------------------------------------------------- JSON report --------------------------------------------------------------------------------
report saved to: pytest_mutationen_report.json
========================================================================== short test summary info ==========================================================================
FAILED mutants/tests/bi_SearchFromToTest.py::test_bi_SearchFromTo_with_func[originalInput0-1.2-0-3] - TypeError: '<=' not supported between instances of 'NoneType' and 'int'
FAILED mutants/tests/bi_SearchFromToTest.py::test_bi_SearchFromTo_with_func[originalInput1-2.0-0-4] - TypeError: '<=' not supported between instances of 'NoneType' and 'int'
FAILED mutants/tests/bi_SearchFromToTest.py::test_bi_SearchFromTo_with_func[originalInput2-1.61-0-4] - TypeError: '<=' not supported between instances of 'NoneType' and 'int'
FAILED mutants/tests/bi_SearchFromToTest.py::test_bi_SearchFromTo_with_func[originalInput3-0.0-0-3] - TypeError: '<=' not supported between instances of 'NoneType' and 'int'
FAILED mutants/tests/bi_SearchFromToTest.py::test_bi_SearchFromTo_with_func[originalInput4-2.5-0-4] - TypeError: '<=' not supported between instances of 'NoneType' and 'int'
FAILED mutants/tests/bi_SearchFromToTest.py::test_bi_SearchFromTo_with_func[originalInput5-1.2-0-2] - TypeError: '<=' not supported between instances of 'NoneType' and 'int'
FAILED mutants/tests/bi_SearchFromToTest.py::test_bi_SearchFromTo_with_func[originalInput6-4.4-0-3] - TypeError: '<=' not supported between instances of 'NoneType' and 'int'
FAILED mutants/tests/bi_SearchFromToTest.py::test_bi_SearchFromTo_with_func[originalInput7-1.2-0-3] - TypeError: '<=' not supported between instances of 'NoneType' and 'int'
FAILED mutants/tests/bi_SearchFromToTest.py::test_bi_SearchFromTo_with_func[originalInput8-4.1-0-4] - TypeError: '<=' not supported between instances of 'NoneType' and 'int'
FAILED mutants/tests/bi_SearchFromToTest.py::test_bi_SearchFromTo_with_func[originalInput9-1.5-0-5] - TypeError: '<=' not supported between instances of 'NoneType' and 'int'
============================================================================ 10 failed in 0.09s =============================================================================
❌ x_bi_SearchFromTo__mutmut_1 存在失败 (退出码 1)

================================================================================
RUNNING bi_SearchFromTo.py :: x_bi_SearchFromTo__mutmut_10  -  2025-10-16T19:36:13.244176
================================================================================

>>> 当前使用的函数: x_bi_SearchFromTo__mutmut_10
函数源码如下：
def x_bi_SearchFromTo__mutmut_10(elements, key, froom, to):

    low = froom
    high = to

    while low <= high:
        mid = (low + high)//2
        midVal = elements[mid]

        if midVal < key:
            low = None

        else:
            if midVal > key:
                high = mid - 1
            else:
                return mid
    return -(low + 1)

============================================================================ test session starts ============================================================================
platform linux -- Python 3.9.12, pytest-8.4.2, pluggy-1.6.0 -- /home/rts/anaconda3/envs/mutmut39/bin/python
cachedir: .pytest_cache
metadata: {'Python': '3.9.12', 'Platform': 'Linux-5.4.0-150-generic-x86_64-with-glibc2.27', 'Packages': {'pytest': '8.4.2', 'pluggy': '1.6.0'}, 'Plugins': {'metadata': '3.1.1', 'html': '4.1.1', 'check': '2.5.3', 'json-report': '1.5.0'}}
rootdir: /home/rts/下载/Python_src/mutants
configfile: pytest.ini
plugins: metadata-3.1.1, html-4.1.1, check-2.5.3, json-report-1.5.0
collecting ... collected 10 items                                                                                                                                                          

mutants/tests/bi_SearchFromToTest.py::test_bi_SearchFromTo_with_func[originalInput0-1.2-0-3] 

FAILED
mutants/tests/bi_SearchFromToTest.py::test_bi_SearchFromTo_with_func[originalInput1-2.0-0-4] FAILED
mutants/tests/bi_SearchFromToTest.py::test_bi_SearchFromTo_with_func[originalInput2-1.61-0-4] 

FAILED
mutants/tests/bi_SearchFromToTest.py::test_bi_SearchFromTo_with_func[originalInput3-0.0-0-3] 

PASSED
mutants/tests/bi_SearchFromToTest.py::test_bi_SearchFromTo_with_func[originalInput4-2.5-0-4] FAILED
mutants/tests/bi_SearchFromToTest.py::test_bi_SearchFromTo_with_func[originalInput5-1.2-0-2] FAILED
mutants/tests/bi_SearchFromToTest.py::test_bi_SearchFromTo_with_func[originalInput6-4.4-0-3] FAILED
mutants/tests/bi_SearchFromToTest.py::test_bi_SearchFromTo_with_func[originalInput7-1.2-0-3] FAILED
mutants/tests/bi_SearchFromToTest.py::test_bi_SearchFromTo_with_func[originalInput8-4.1-0-4] 

FAILED
mutants/tests/bi_SearchFromToTest.py::test_bi_SearchFromTo_with_func[originalInput9-1.5-0-5] FAILED

================================================================================= FAILURES ==================================================================================
__________________________________________________________ test_bi_SearchFromTo_with_func[originalInput0-1.2-0-3] ___________________________________________________________
mutants/tests/bi_SearchFromToTest.py:84: in test_bi_SearchFromTo_with_func
    applyMR_Assert(originalInput, originalResult, key, from_idx, to_idx)
mutants/tests/bi_SearchFromToTest.py:29: in applyMR_Assert
    transformResult4 = func(transformInput4, key, from_idx, to_idx)
mutants/src/bi_SearchFromTo.py:218: in x_bi_SearchFromTo__mutmut_10
    while low <= high:
E   TypeError: '<=' not supported between instances of 'NoneType' and 'int'
__________________________________________________________ test_bi_SearchFromTo_with_func[originalInput1-2.0-0-4] ___________________________________________________________
mutants/tests/bi_SearchFromToTest.py:83: in test_bi_SearchFromTo_with_func
    originalResult = func(originalInput, key, from_idx, to_idx)
mutants/src/bi_SearchFromTo.py:218: in x_bi_SearchFromTo__mutmut_10
    while low <= high:
E   TypeError: '<=' not supported between instances of 'NoneType' and 'int'
__________________________________________________________ test_bi_SearchFromTo_with_func[originalInput2-1.61-0-4] __________________________________________________________
mutants/tests/bi_SearchFromToTest.py:84: in test_bi_SearchFromTo_with_func
    applyMR_Assert(originalInput, originalResult, key, from_idx, to_idx)
mutants/tests/bi_SearchFromToTest.py:29: in applyMR_Assert
    transformResult4 = func(transformInput4, key, from_idx, to_idx)
mutants/src/bi_SearchFromTo.py:218: in x_bi_SearchFromTo__mutmut_10
    while low <= high:
E   TypeError: '<=' not supported between instances of 'NoneType' and 'int'
__________________________________________________________ test_bi_SearchFromTo_with_func[originalInput4-2.5-0-4] ___________________________________________________________
mutants/tests/bi_SearchFromToTest.py:83: in test_bi_SearchFromTo_with_func
    originalResult = func(originalInput, key, from_idx, to_idx)
mutants/src/bi_SearchFromTo.py:218: in x_bi_SearchFromTo__mutmut_10
    while low <= high:
E   TypeError: '<=' not supported between instances of 'NoneType' and 'int'
__________________________________________________________ test_bi_SearchFromTo_with_func[originalInput5-1.2-0-2] ___________________________________________________________
mutants/tests/bi_SearchFromToTest.py:83: in test_bi_SearchFromTo_with_func
    originalResult = func(originalInput, key, from_idx, to_idx)
mutants/src/bi_SearchFromTo.py:218: in x_bi_SearchFromTo__mutmut_10
    while low <= high:
E   TypeError: '<=' not supported between instances of 'NoneType' and 'int'
__________________________________________________________ test_bi_SearchFromTo_with_func[originalInput6-4.4-0-3] ___________________________________________________________
mutants/tests/bi_SearchFromToTest.py:83: in test_bi_SearchFromTo_with_func
    originalResult = func(originalInput, key, from_idx, to_idx)
mutants/src/bi_SearchFromTo.py:218: in x_bi_SearchFromTo__mutmut_10
    while low <= high:
E   TypeError: '<=' not supported between instances of 'NoneType' and 'int'
__________________________________________________________ test_bi_SearchFromTo_with_func[originalInput7-1.2-0-3] ___________________________________________________________
mutants/tests/bi_SearchFromToTest.py:83: in test_bi_SearchFromTo_with_func
    originalResult = func(originalInput, key, from_idx, to_idx)
mutants/src/bi_SearchFromTo.py:218: in x_bi_SearchFromTo__mutmut_10
    while low <= high:
E   TypeError: '<=' not supported between instances of 'NoneType' and 'int'
__________________________________________________________ test_bi_SearchFromTo_with_func[originalInput8-4.1-0-4] ___________________________________________________________
mutants/tests/bi_SearchFromToTest.py:84: in test_bi_SearchFromTo_with_func
    applyMR_Assert(originalInput, originalResult, key, from_idx, to_idx)
mutants/tests/bi_SearchFromToTest.py:29: in applyMR_Assert
    transformResult4 = func(transformInput4, key, from_idx, to_idx)
mutants/src/bi_SearchFromTo.py:218: in x_bi_SearchFromTo__mutmut_10
    while low <= high:
E   TypeError: '<=' not supported between instances of 'NoneType' and 'int'
__________________________________________________________ test_bi_SearchFromTo_with_func[originalInput9-1.5-0-5] ___________________________________________________________
mutants/tests/bi_SearchFromToTest.py:83: in test_bi_SearchFromTo_with_func
    originalResult = func(originalInput, key, from_idx, to_idx)
mutants/src/bi_SearchFromTo.py:218: in x_bi_SearchFromTo__mutmut_10
    while low <= high:
E   TypeError: '<=' not supported between instances of 'NoneType' and 'int'
-------------------------------------------------------------------------------- JSON report --------------------------------------------------------------------------------
report saved to: pytest_mutationen_report.json
========================================================================== short test summary info ==========================================================================
FAILED mutants/tests/bi_SearchFromToTest.py::test_bi_SearchFromTo_with_func[originalInput0-1.2-0-3] - TypeError: '<=' not supported between instances of 'NoneType' and 'int'
FAILED mutants/tests/bi_SearchFromToTest.py::test_bi_SearchFromTo_with_func[originalInput1-2.0-0-4] - TypeError: '<=' not supported between instances of 'NoneType' and 'int'
FAILED mutants/tests/bi_SearchFromToTest.py::test_bi_SearchFromTo_with_func[originalInput2-1.61-0-4] - TypeError: '<=' not supported between instances of 'NoneType' and 'int'
FAILED mutants/tests/bi_SearchFromToTest.py::test_bi_SearchFromTo_with_func[originalInput4-2.5-0-4] - TypeError: '<=' not supported between instances of 'NoneType' and 'int'
FAILED mutants/tests/bi_SearchFromToTest.py::test_bi_SearchFromTo_with_func[originalInput5-1.2-0-2] - TypeError: '<=' not supported between instances of 'NoneType' and 'int'
FAILED mutants/tests/bi_SearchFromToTest.py::test_bi_SearchFromTo_with_func[originalInput6-4.4-0-3] - TypeError: '<=' not supported between instances of 'NoneType' and 'int'
FAILED mutants/tests/bi_SearchFromToTest.py::test_bi_SearchFromTo_with_func[originalInput7-1.2-0-3] - TypeError: '<=' not supported between instances of 'NoneType' and 'int'
FAILED mutants/tests/bi_SearchFromToTest.py::test_bi_SearchFromTo_with_func[originalInput8-4.1-0-4] - TypeError: '<=' not supported between instances of 'NoneType' and 'int'
FAILED mutants/tests/bi_SearchFromToTest.py::test_bi_SearchFromTo_with_func[originalInput9-1.5-0-5] - TypeError: '<=' not supported between instances of 'NoneType' and 'int'
======================================================================== 9 failed, 1 passed in 0.06s ========================================================================
❌ x_bi_SearchFromTo__mutmut_10 存在失败 (退出码 1)

================================================================================
RUNNING bi_SearchFromTo.py :: x_bi_SearchFromTo__mutmut_11  -  2025-10-16T19:36:13.343896
================================================================================

>>> 当前使用的函数: x_bi_SearchFromTo__mutmut_11
函数源码如下：
def x_bi_SearchFromTo__mutmut_11(elements, key, froom, to):

    low = froom
    high = to

    while low <= high:
        mid = (low + high)//2
        midVal = elements[mid]

        if midVal < key:
            low = mid - 1

        else:
            if midVal > key:
                high = mid - 1
            else:
                return mid
    return -(low + 1)

============================================================================ test session starts ============================================================================
platform linux -- Python 3.9.12, pytest-8.4.2, pluggy-1.6.0 -- /home/rts/anaconda3/envs/mutmut39/bin/python
cachedir: .pytest_cache
metadata: {'Python': '3.9.12', 'Platform': 'Linux-5.4.0-150-generic-x86_64-with-glibc2.27', 'Packages': {'pytest': '8.4.2', 'pluggy': '1.6.0'}, 'Plugins': {'metadata': '3.1.1', 'html': '4.1.1', 'check': '2.5.3', 'json-report': '1.5.0'}}
rootdir: /home/rts/下载/Python_src/mutants
configfile: pytest.ini
plugins: metadata-3.1.1, html-4.1.1, check-2.5.3, json-report-1.5.0
collecting ... collected 10 items                                                                                                                                                          

mutants/tests/bi_SearchFromToTest.py::test_bi_SearchFromTo_with_func[originalInput0-1.2-0-3] 



-------------------------------------------------------------------------------- JSON report --------------------------------------------------------------------------------
report saved to: pytest_mutationen_report.json
!!!!!!!!!!!!!!!!!!!!!!!!!!!!!!!!!!!!!!!!!!!!!!!!!!!!!!!!!!!!!!!!!!!!!!!!!!!!! KeyboardInterrupt !!!!!!!!!!!!!!!!!!!!!!!!!!!!!!!!!!!!!!!!!!!!!!!!!!!!!!!!!!!!!!!!!!!!!!!!!!!!!
/home/rts/下载/Python_src/mutants/src/bi_SearchFromTo.py:237: KeyboardInterrupt
(to show a full traceback on KeyboardInterrupt use --full-trace)
========================================================================== no tests ran in 11.61s ===========================================================================
❌ x_bi_SearchFromTo__mutmut_11 存在失败 (退出码 2)

================================================================================
RUNNING bi_SearchFromTo.py :: x_bi_SearchFromTo__mutmut_12  -  2025-10-16T19:36:24.992592
================================================================================

>>> 当前使用的函数: x_bi_SearchFromTo__mutmut_12
函数源码如下：
def x_bi_SearchFromTo__mutmut_12(elements, key, froom, to):

    low = froom
    high = to

    while low <= high:
        mid = (low + high)//2
        midVal = elements[mid]

        if midVal < key:
            low = mid + 2

        else:
            if midVal > key:
                high = mid - 1
            else:
                return mid
    return -(low + 1)

============================================================================ test session starts ============================================================================
platform linux -- Python 3.9.12, pytest-8.4.2, pluggy-1.6.0 -- /home/rts/anaconda3/envs/mutmut39/bin/python
cachedir: .pytest_cache
metadata: {'Python': '3.9.12', 'Platform': 'Linux-5.4.0-150-generic-x86_64-with-glibc2.27', 'Packages': {'pytest': '8.4.2', 'pluggy': '1.6.0'}, 'Plugins': {'metadata': '3.1.1', 'html': '4.1.1', 'check': '2.5.3', 'json-report': '1.5.0'}}
rootdir: /home/rts/下载/Python_src/mutants
configfile: pytest.ini
plugins: metadata-3.1.1, html-4.1.1, check-2.5.3, json-report-1.5.0
collecting ... collected 10 items                                                                                                                                                          

mutants/tests/bi_SearchFromToTest.py::test_bi_SearchFromTo_with_func[originalInput0-1.2-0-3] 

PASSED
mutants/tests/bi_SearchFromToTest.py::test_bi_SearchFromTo_with_func[originalInput1-2.0-0-4] 

PASSED
mutants/tests/bi_SearchFromToTest.py::test_bi_SearchFromTo_with_func[originalInput2-1.61-0-4] 

PASSED
mutants/tests/bi_SearchFromToTest.py::test_bi_SearchFromTo_with_func[originalInput3-0.0-0-3] 

PASSED
mutants/tests/bi_SearchFromToTest.py::test_bi_SearchFromTo_with_func[originalInput4-2.5-0-4] 

PASSED
mutants/tests/bi_SearchFromToTest.py::test_bi_SearchFromTo_with_func[originalInput5-1.2-0-2] 

PASSED
mutants/tests/bi_SearchFromToTest.py::test_bi_SearchFromTo_with_func[originalInput6-4.4-0-3] 

PASSED
mutants/tests/bi_SearchFromToTest.py::test_bi_SearchFromTo_with_func[originalInput7-1.2-0-3] 

PASSED
mutants/tests/bi_SearchFromToTest.py::test_bi_SearchFromTo_with_func[originalInput8-4.1-0-4] 

PASSED
mutants/tests/bi_SearchFromToTest.py::test_bi_SearchFromTo_with_func[originalInput9-1.5-0-5] 

PASSED

-------------------------------------------------------------------------------- JSON report --------------------------------------------------------------------------------
report saved to: pytest_mutationen_report.json
============================================================================ 10 passed in 0.01s =============================================================================
✅ x_bi_SearchFromTo__mutmut_12 所有测试通过

================================================================================
RUNNING bi_SearchFromTo.py :: x_bi_SearchFromTo__mutmut_13  -  2025-10-16T19:36:25.047566
================================================================================

>>> 当前使用的函数: x_bi_SearchFromTo__mutmut_13
函数源码如下：
def x_bi_SearchFromTo__mutmut_13(elements, key, froom, to):

    low = froom
    high = to

    while low <= high:
        mid = (low + high)//2
        midVal = elements[mid]

        if midVal < key:
            low = mid + 1

        else:
            if midVal >= key:
                high = mid - 1
            else:
                return mid
    return -(low + 1)

============================================================================ test session starts ============================================================================
platform linux -- Python 3.9.12, pytest-8.4.2, pluggy-1.6.0 -- /home/rts/anaconda3/envs/mutmut39/bin/python
cachedir: .pytest_cache
metadata: {'Python': '3.9.12', 'Platform': 'Linux-5.4.0-150-generic-x86_64-with-glibc2.27', 'Packages': {'pytest': '8.4.2', 'pluggy': '1.6.0'}, 'Plugins': {'metadata': '3.1.1', 'html': '4.1.1', 'check': '2.5.3', 'json-report': '1.5.0'}}
rootdir: /home/rts/下载/Python_src/mutants
configfile: pytest.ini
plugins: metadata-3.1.1, html-4.1.1, check-2.5.3, json-report-1.5.0
collecting ... collected 10 items                                                                                                                                                          

mutants/tests/bi_SearchFromToTest.py::test_bi_SearchFromTo_with_func[originalInput0-1.2-0-3] 

PASSED
mutants/tests/bi_SearchFromToTest.py::test_bi_SearchFromTo_with_func[originalInput1-2.0-0-4] 

PASSED
mutants/tests/bi_SearchFromToTest.py::test_bi_SearchFromTo_with_func[originalInput2-1.61-0-4] 

PASSED
mutants/tests/bi_SearchFromToTest.py::test_bi_SearchFromTo_with_func[originalInput3-0.0-0-3] 

PASSED
mutants/tests/bi_SearchFromToTest.py::test_bi_SearchFromTo_with_func[originalInput4-2.5-0-4] 

PASSED
mutants/tests/bi_SearchFromToTest.py::test_bi_SearchFromTo_with_func[originalInput5-1.2-0-2] 

PASSED
mutants/tests/bi_SearchFromToTest.py::test_bi_SearchFromTo_with_func[originalInput6-4.4-0-3] 

PASSED
mutants/tests/bi_SearchFromToTest.py::test_bi_SearchFromTo_with_func[originalInput7-1.2-0-3] 

PASSED
mutants/tests/bi_SearchFromToTest.py::test_bi_SearchFromTo_with_func[originalInput8-4.1-0-4] 

PASSED
mutants/tests/bi_SearchFromToTest.py::test_bi_SearchFromTo_with_func[originalInput9-1.5-0-5] 

PASSED

-------------------------------------------------------------------------------- JSON report --------------------------------------------------------------------------------
report saved to: pytest_mutationen_report.json
============================================================================ 10 passed in 0.01s =============================================================================
✅ x_bi_SearchFromTo__mutmut_13 所有测试通过

================================================================================
RUNNING bi_SearchFromTo.py :: x_bi_SearchFromTo__mutmut_14  -  2025-10-16T19:36:25.102858
================================================================================

>>> 当前使用的函数: x_bi_SearchFromTo__mutmut_14
函数源码如下：
def x_bi_SearchFromTo__mutmut_14(elements, key, froom, to):

    low = froom
    high = to

    while low <= high:
        mid = (low + high)//2
        midVal = elements[mid]

        if midVal < key:
            low = mid + 1

        else:
            if midVal > key:
                high = None
            else:
                return mid
    return -(low + 1)

============================================================================ test session starts ============================================================================
platform linux -- Python 3.9.12, pytest-8.4.2, pluggy-1.6.0 -- /home/rts/anaconda3/envs/mutmut39/bin/python
cachedir: .pytest_cache
metadata: {'Python': '3.9.12', 'Platform': 'Linux-5.4.0-150-generic-x86_64-with-glibc2.27', 'Packages': {'pytest': '8.4.2', 'pluggy': '1.6.0'}, 'Plugins': {'metadata': '3.1.1', 'html': '4.1.1', 'check': '2.5.3', 'json-report': '1.5.0'}}
rootdir: /home/rts/下载/Python_src/mutants
configfile: pytest.ini
plugins: metadata-3.1.1, html-4.1.1, check-2.5.3, json-report-1.5.0
collecting ... collected 10 items                                                                                                                                                          

mutants/tests/bi_SearchFromToTest.py::test_bi_SearchFromTo_with_func[originalInput0-1.2-0-3] FAILED
mutants/tests/bi_SearchFromToTest.py::test_bi_SearchFromTo_with_func[originalInput1-2.0-0-4] 

FAILED
mutants/tests/bi_SearchFromToTest.py::test_bi_SearchFromTo_with_func[originalInput2-1.61-0-4] 

FAILED
mutants/tests/bi_SearchFromToTest.py::test_bi_SearchFromTo_with_func[originalInput3-0.0-0-3] 

FAILED
mutants/tests/bi_SearchFromToTest.py::test_bi_SearchFromTo_with_func[originalInput4-2.5-0-4] 

FAILED
mutants/tests/bi_SearchFromToTest.py::test_bi_SearchFromTo_with_func[originalInput5-1.2-0-2] FAILED
mutants/tests/bi_SearchFromToTest.py::test_bi_SearchFromTo_with_func[originalInput6-4.4-0-3] FAILED
mutants/tests/bi_SearchFromToTest.py::test_bi_SearchFromTo_with_func[originalInput7-1.2-0-3] 

PASSED
mutants/tests/bi_SearchFromToTest.py::test_bi_SearchFromTo_with_func[originalInput8-4.1-0-4] 

FAILED
mutants/tests/bi_SearchFromToTest.py::test_bi_SearchFromTo_with_func[originalInput9-1.5-0-5] FAILED

================================================================================= FAILURES ==================================================================================
__________________________________________________________ test_bi_SearchFromTo_with_func[originalInput0-1.2-0-3] ___________________________________________________________
mutants/tests/bi_SearchFromToTest.py:83: in test_bi_SearchFromTo_with_func
    originalResult = func(originalInput, key, from_idx, to_idx)
mutants/src/bi_SearchFromTo.py:290: in x_bi_SearchFromTo__mutmut_14
    while low <= high:
E   TypeError: '<=' not supported between instances of 'int' and 'NoneType'
__________________________________________________________ test_bi_SearchFromTo_with_func[originalInput1-2.0-0-4] ___________________________________________________________
mutants/tests/bi_SearchFromToTest.py:84: in test_bi_SearchFromTo_with_func
    applyMR_Assert(originalInput, originalResult, key, from_idx, to_idx)
mutants/tests/bi_SearchFromToTest.py:49: in applyMR_Assert
    transformResult10 = func(transformInput10, key, from_idx, to_idx)
mutants/src/bi_SearchFromTo.py:290: in x_bi_SearchFromTo__mutmut_14
    while low <= high:
E   TypeError: '<=' not supported between instances of 'int' and 'NoneType'
__________________________________________________________ test_bi_SearchFromTo_with_func[originalInput2-1.61-0-4] __________________________________________________________
mutants/tests/bi_SearchFromToTest.py:84: in test_bi_SearchFromTo_with_func
    applyMR_Assert(originalInput, originalResult, key, from_idx, to_idx)
mutants/tests/bi_SearchFromToTest.py:29: in applyMR_Assert
    transformResult4 = func(transformInput4, key, from_idx, to_idx)
mutants/src/bi_SearchFromTo.py:290: in x_bi_SearchFromTo__mutmut_14
    while low <= high:
E   TypeError: '<=' not supported between instances of 'int' and 'NoneType'
__________________________________________________________ test_bi_SearchFromTo_with_func[originalInput3-0.0-0-3] ___________________________________________________________
mutants/tests/bi_SearchFromToTest.py:84: in test_bi_SearchFromTo_with_func
    applyMR_Assert(originalInput, originalResult, key, from_idx, to_idx)
mutants/tests/bi_SearchFromToTest.py:49: in applyMR_Assert
    transformResult10 = func(transformInput10, key, from_idx, to_idx)
mutants/src/bi_SearchFromTo.py:290: in x_bi_SearchFromTo__mutmut_14
    while low <= high:
E   TypeError: '<=' not supported between instances of 'int' and 'NoneType'
__________________________________________________________ test_bi_SearchFromTo_with_func[originalInput4-2.5-0-4] ___________________________________________________________
mutants/tests/bi_SearchFromToTest.py:84: in test_bi_SearchFromTo_with_func
    applyMR_Assert(originalInput, originalResult, key, from_idx, to_idx)
mutants/tests/bi_SearchFromToTest.py:49: in applyMR_Assert
    transformResult10 = func(transformInput10, key, from_idx, to_idx)
mutants/src/bi_SearchFromTo.py:290: in x_bi_SearchFromTo__mutmut_14
    while low <= high:
E   TypeError: '<=' not supported between instances of 'int' and 'NoneType'
__________________________________________________________ test_bi_SearchFromTo_with_func[originalInput5-1.2-0-2] ___________________________________________________________
mutants/tests/bi_SearchFromToTest.py:83: in test_bi_SearchFromTo_with_func
    originalResult = func(originalInput, key, from_idx, to_idx)
mutants/src/bi_SearchFromTo.py:290: in x_bi_SearchFromTo__mutmut_14
    while low <= high:
E   TypeError: '<=' not supported between instances of 'int' and 'NoneType'
__________________________________________________________ test_bi_SearchFromTo_with_func[originalInput6-4.4-0-3] ___________________________________________________________
mutants/tests/bi_SearchFromToTest.py:83: in test_bi_SearchFromTo_with_func
    originalResult = func(originalInput, key, from_idx, to_idx)
mutants/src/bi_SearchFromTo.py:290: in x_bi_SearchFromTo__mutmut_14
    while low <= high:
E   TypeError: '<=' not supported between instances of 'int' and 'NoneType'
__________________________________________________________ test_bi_SearchFromTo_with_func[originalInput8-4.1-0-4] ___________________________________________________________
mutants/tests/bi_SearchFromToTest.py:84: in test_bi_SearchFromTo_with_func
    applyMR_Assert(originalInput, originalResult, key, from_idx, to_idx)
mutants/tests/bi_SearchFromToTest.py:49: in applyMR_Assert
    transformResult10 = func(transformInput10, key, from_idx, to_idx)
mutants/src/bi_SearchFromTo.py:290: in x_bi_SearchFromTo__mutmut_14
    while low <= high:
E   TypeError: '<=' not supported between instances of 'int' and 'NoneType'
__________________________________________________________ test_bi_SearchFromTo_with_func[originalInput9-1.5-0-5] ___________________________________________________________
mutants/tests/bi_SearchFromToTest.py:83: in test_bi_SearchFromTo_with_func
    originalResult = func(originalInput, key, from_idx, to_idx)
mutants/src/bi_SearchFromTo.py:290: in x_bi_SearchFromTo__mutmut_14
    while low <= high:
E   TypeError: '<=' not supported between instances of 'int' and 'NoneType'
-------------------------------------------------------------------------------- JSON report --------------------------------------------------------------------------------
report saved to: pytest_mutationen_report.json
========================================================================== short test summary info ==========================================================================
FAILED mutants/tests/bi_SearchFromToTest.py::test_bi_SearchFromTo_with_func[originalInput0-1.2-0-3] - TypeError: '<=' not supported between instances of 'int' and 'NoneType'
FAILED mutants/tests/bi_SearchFromToTest.py::test_bi_SearchFromTo_with_func[originalInput1-2.0-0-4] - TypeError: '<=' not supported between instances of 'int' and 'NoneType'
FAILED mutants/tests/bi_SearchFromToTest.py::test_bi_SearchFromTo_with_func[originalInput2-1.61-0-4] - TypeError: '<=' not supported between instances of 'int' and 'NoneType'
FAILED mutants/tests/bi_SearchFromToTest.py::test_bi_SearchFromTo_with_func[originalInput3-0.0-0-3] - TypeError: '<=' not supported between instances of 'int' and 'NoneType'
FAILED mutants/tests/bi_SearchFromToTest.py::test_bi_SearchFromTo_with_func[originalInput4-2.5-0-4] - TypeError: '<=' not supported between instances of 'int' and 'NoneType'
FAILED mutants/tests/bi_SearchFromToTest.py::test_bi_SearchFromTo_with_func[originalInput5-1.2-0-2] - TypeError: '<=' not supported between instances of 'int' and 'NoneType'
FAILED mutants/tests/bi_SearchFromToTest.py::test_bi_SearchFromTo_with_func[originalInput6-4.4-0-3] - TypeError: '<=' not supported between instances of 'int' and 'NoneType'
FAILED mutants/tests/bi_SearchFromToTest.py::test_bi_SearchFromTo_with_func[originalInput8-4.1-0-4] - TypeError: '<=' not supported between instances of 'int' and 'NoneType'
FAILED mutants/tests/bi_SearchFromToTest.py::test_bi_SearchFromTo_with_func[originalInput9-1.5-0-5] - TypeError: '<=' not supported between instances of 'int' and 'NoneType'
======================================================================== 9 failed, 1 passed in 0.06s ========================================================================
❌ x_bi_SearchFromTo__mutmut_14 存在失败 (退出码 1)

================================================================================
RUNNING bi_SearchFromTo.py :: x_bi_SearchFromTo__mutmut_15  -  2025-10-16T19:36:25.206791
================================================================================

>>> 当前使用的函数: x_bi_SearchFromTo__mutmut_15
函数源码如下：
def x_bi_SearchFromTo__mutmut_15(elements, key, froom, to):

    low = froom
    high = to

    while low <= high:
        mid = (low + high)//2
        midVal = elements[mid]

        if midVal < key:
            low = mid + 1

        else:
            if midVal > key:
                high = mid + 1
            else:
                return mid
    return -(low + 1)

============================================================================ test session starts ============================================================================
platform linux -- Python 3.9.12, pytest-8.4.2, pluggy-1.6.0 -- /home/rts/anaconda3/envs/mutmut39/bin/python
cachedir: .pytest_cache
metadata: {'Python': '3.9.12', 'Platform': 'Linux-5.4.0-150-generic-x86_64-with-glibc2.27', 'Packages': {'pytest': '8.4.2', 'pluggy': '1.6.0'}, 'Plugins': {'metadata': '3.1.1', 'html': '4.1.1', 'check': '2.5.3', 'json-report': '1.5.0'}}
rootdir: /home/rts/下载/Python_src/mutants
configfile: pytest.ini
plugins: metadata-3.1.1, html-4.1.1, check-2.5.3, json-report-1.5.0
collecting ... collected 10 items                                                                                                                                                          

mutants/tests/bi_SearchFromToTest.py::test_bi_SearchFromTo_with_func[originalInput0-1.2-0-3] 

-------------------------------------------------------------------------------- JSON report --------------------------------------------------------------------------------
report saved to: pytest_mutationen_report.json
!!!!!!!!!!!!!!!!!!!!!!!!!!!!!!!!!!!!!!!!!!!!!!!!!!!!!!!!!!!!!!!!!!!!!!!!!!!!! KeyboardInterrupt !!!!!!!!!!!!!!!!!!!!!!!!!!!!!!!!!!!!!!!!!!!!!!!!!!!!!!!!!!!!!!!!!!!!!!!!!!!!!
/home/rts/下载/Python_src/mutants/src/bi_SearchFromTo.py:309: KeyboardInterrupt
(to show a full traceback on KeyboardInterrupt use --full-trace)
=========================================================================== no tests ran in 0.86s ===========================================================================
❌ x_bi_SearchFromTo__mutmut_15 存在失败 (退出码 2)

================================================================================
RUNNING bi_SearchFromTo.py :: x_bi_SearchFromTo__mutmut_16  -  2025-10-16T19:36:26.106884
================================================================================

>>> 当前使用的函数: x_bi_SearchFromTo__mutmut_16
函数源码如下：
def x_bi_SearchFromTo__mutmut_16(elements, key, froom, to):

    low = froom
    high = to

    while low <= high:
        mid = (low + high)//2
        midVal = elements[mid]

        if midVal < key:
            low = mid + 1

        else:
            if midVal > key:
                high = mid - 2
            else:
                return mid
    return -(low + 1)

============================================================================ test session starts ============================================================================
platform linux -- Python 3.9.12, pytest-8.4.2, pluggy-1.6.0 -- /home/rts/anaconda3/envs/mutmut39/bin/python
cachedir: .pytest_cache
metadata: {'Python': '3.9.12', 'Platform': 'Linux-5.4.0-150-generic-x86_64-with-glibc2.27', 'Packages': {'pytest': '8.4.2', 'pluggy': '1.6.0'}, 'Plugins': {'metadata': '3.1.1', 'html': '4.1.1', 'check': '2.5.3', 'json-report': '1.5.0'}}
rootdir: /home/rts/下载/Python_src/mutants
configfile: pytest.ini
plugins: metadata-3.1.1, html-4.1.1, check-2.5.3, json-report-1.5.0
collecting ... collected 10 items                                                                                                                                                          

mutants/tests/bi_SearchFromToTest.py::test_bi_SearchFromTo_with_func[originalInput0-1.2-0-3] 

PASSED
mutants/tests/bi_SearchFromToTest.py::test_bi_SearchFromTo_with_func[originalInput1-2.0-0-4] 

PASSED
mutants/tests/bi_SearchFromToTest.py::test_bi_SearchFromTo_with_func[originalInput2-1.61-0-4] 

PASSED
mutants/tests/bi_SearchFromToTest.py::test_bi_SearchFromTo_with_func[originalInput3-0.0-0-3] 

PASSED
mutants/tests/bi_SearchFromToTest.py::test_bi_SearchFromTo_with_func[originalInput4-2.5-0-4] 

PASSED
mutants/tests/bi_SearchFromToTest.py::test_bi_SearchFromTo_with_func[originalInput5-1.2-0-2] 

PASSED
mutants/tests/bi_SearchFromToTest.py::test_bi_SearchFromTo_with_func[originalInput6-4.4-0-3] 

PASSED
mutants/tests/bi_SearchFromToTest.py::test_bi_SearchFromTo_with_func[originalInput7-1.2-0-3] 

PASSED
mutants/tests/bi_SearchFromToTest.py::test_bi_SearchFromTo_with_func[originalInput8-4.1-0-4] 

PASSED
mutants/tests/bi_SearchFromToTest.py::test_bi_SearchFromTo_with_func[originalInput9-1.5-0-5] 

PASSED

-------------------------------------------------------------------------------- JSON report --------------------------------------------------------------------------------
report saved to: pytest_mutationen_report.json
============================================================================ 10 passed in 0.01s =============================================================================
✅ x_bi_SearchFromTo__mutmut_16 所有测试通过

================================================================================
RUNNING bi_SearchFromTo.py :: x_bi_SearchFromTo__mutmut_17  -  2025-10-16T19:36:26.161401
================================================================================

>>> 当前使用的函数: x_bi_SearchFromTo__mutmut_17
函数源码如下：
def x_bi_SearchFromTo__mutmut_17(elements, key, froom, to):

    low = froom
    high = to

    while low <= high:
        mid = (low + high)//2
        midVal = elements[mid]

        if midVal < key:
            low = mid + 1

        else:
            if midVal > key:
                high = mid - 1
            else:
                return mid
    return +(low + 1)

============================================================================ test session starts ============================================================================
platform linux -- Python 3.9.12, pytest-8.4.2, pluggy-1.6.0 -- /home/rts/anaconda3/envs/mutmut39/bin/python
cachedir: .pytest_cache
metadata: {'Python': '3.9.12', 'Platform': 'Linux-5.4.0-150-generic-x86_64-with-glibc2.27', 'Packages': {'pytest': '8.4.2', 'pluggy': '1.6.0'}, 'Plugins': {'metadata': '3.1.1', 'html': '4.1.1', 'check': '2.5.3', 'json-report': '1.5.0'}}
rootdir: /home/rts/下载/Python_src/mutants
configfile: pytest.ini
plugins: metadata-3.1.1, html-4.1.1, check-2.5.3, json-report-1.5.0
collecting ... collected 10 items                                                                                                                                                          

mutants/tests/bi_SearchFromToTest.py::test_bi_SearchFromTo_with_func[originalInput0-1.2-0-3] 

FAILED
mutants/tests/bi_SearchFromToTest.py::test_bi_SearchFromTo_with_func[originalInput1-2.0-0-4] 

FAILED
mutants/tests/bi_SearchFromToTest.py::test_bi_SearchFromTo_with_func[originalInput2-1.61-0-4] 

FAILED
mutants/tests/bi_SearchFromToTest.py::test_bi_SearchFromTo_with_func[originalInput3-0.0-0-3] 

PASSED
mutants/tests/bi_SearchFromToTest.py::test_bi_SearchFromTo_with_func[originalInput4-2.5-0-4] 

FAILED
mutants/tests/bi_SearchFromToTest.py::test_bi_SearchFromTo_with_func[originalInput5-1.2-0-2] 

FAILED
mutants/tests/bi_SearchFromToTest.py::test_bi_SearchFromTo_with_func[originalInput6-4.4-0-3] 

FAILED
mutants/tests/bi_SearchFromToTest.py::test_bi_SearchFromTo_with_func[originalInput7-1.2-0-3] 

PASSED
mutants/tests/bi_SearchFromToTest.py::test_bi_SearchFromTo_with_func[originalInput8-4.1-0-4] 

FAILED
mutants/tests/bi_SearchFromToTest.py::test_bi_SearchFromTo_with_func[originalInput9-1.5-0-5] 

FAILED

================================================================================= FAILURES ==================================================================================
__________________________________________________________ test_bi_SearchFromTo_with_func[originalInput0-1.2-0-3] ___________________________________________________________

FAILURE: check bool(False): MR4 failed
mutants/tests/bi_SearchFromToTest.py:84 in test_bi_SearchFromTo_with_func() -> applyMR_Assert(originalInput, originalResult, key, from_idx, to_idx)
mutants/tests/bi_SearchFromToTest.py:30 in applyMR_Assert() -> check.is_true(originalResult >= transformResult4, "MR4 failed")

FAILURE: check bool(False): MR13 failed
------------------------------------------------------------
Failed Checks: 2
__________________________________________________________ test_bi_SearchFromTo_with_func[originalInput1-2.0-0-4] ___________________________________________________________

FAILURE: check bool(False): MR4 failed
mutants/tests/bi_SearchFromToTest.py:84 in test_bi_SearchFromTo_with_func() -> applyMR_Assert(originalInput, originalResult, key, from_idx, to_idx)
mutants/tests/bi_SearchFromToTest.py:30 in applyMR_Assert() -> check.is_true(originalResult >= transformResult4, "MR4 failed")

FAILURE: check bool(False): MR10 failed
FAILURE: check bool(False): MR13 failed
------------------------------------------------------------
Failed Checks: 3
__________________________________________________________ test_bi_SearchFromTo_with_func[originalInput2-1.61-0-4] __________________________________________________________

FAILURE: check bool(False): MR4 failed
mutants/tests/bi_SearchFromToTest.py:84 in test_bi_SearchFromTo_with_func() -> applyMR_Assert(originalInput, originalResult, key, from_idx, to_idx)
mutants/tests/bi_SearchFromToTest.py:30 in applyMR_Assert() -> check.is_true(originalResult >= transformResult4, "MR4 failed")

------------------------------------------------------------
Failed Checks: 1
__________________________________________________________ test_bi_SearchFromTo_with_func[originalInput4-2.5-0-4] ___________________________________________________________

FAILURE: check bool(False): MR4 failed
mutants/tests/bi_SearchFromToTest.py:84 in test_bi_SearchFromTo_with_func() -> applyMR_Assert(originalInput, originalResult, key, from_idx, to_idx)
mutants/tests/bi_SearchFromToTest.py:30 in applyMR_Assert() -> check.is_true(originalResult >= transformResult4, "MR4 failed")

FAILURE: check bool(False): MR10 failed
FAILURE: check bool(False): MR13 failed
------------------------------------------------------------
Failed Checks: 3
__________________________________________________________ test_bi_SearchFromTo_with_func[originalInput5-1.2-0-2] ___________________________________________________________

FAILURE: check bool(False): MR4 failed
mutants/tests/bi_SearchFromToTest.py:84 in test_bi_SearchFromTo_with_func() -> applyMR_Assert(originalInput, originalResult, key, from_idx, to_idx)
mutants/tests/bi_SearchFromToTest.py:30 in applyMR_Assert() -> check.is_true(originalResult >= transformResult4, "MR4 failed")

------------------------------------------------------------
Failed Checks: 1
__________________________________________________________ test_bi_SearchFromTo_with_func[originalInput6-4.4-0-3] ___________________________________________________________

FAILURE: check bool(False): MR4 failed
mutants/tests/bi_SearchFromToTest.py:84 in test_bi_SearchFromTo_with_func() -> applyMR_Assert(originalInput, originalResult, key, from_idx, to_idx)
mutants/tests/bi_SearchFromToTest.py:30 in applyMR_Assert() -> check.is_true(originalResult >= transformResult4, "MR4 failed")

FAILURE: check bool(False): MR11 failed
------------------------------------------------------------
Failed Checks: 2
__________________________________________________________ test_bi_SearchFromTo_with_func[originalInput8-4.1-0-4] ___________________________________________________________

FAILURE: check bool(False): MR4 failed
mutants/tests/bi_SearchFromToTest.py:84 in test_bi_SearchFromTo_with_func() -> applyMR_Assert(originalInput, originalResult, key, from_idx, to_idx)
mutants/tests/bi_SearchFromToTest.py:30 in applyMR_Assert() -> check.is_true(originalResult >= transformResult4, "MR4 failed")

------------------------------------------------------------
Failed Checks: 1
__________________________________________________________ test_bi_SearchFromTo_with_func[originalInput9-1.5-0-5] ___________________________________________________________

FAILURE: check bool(False): MR4 failed
mutants/tests/bi_SearchFromToTest.py:84 in test_bi_SearchFromTo_with_func() -> applyMR_Assert(originalInput, originalResult, key, from_idx, to_idx)
mutants/tests/bi_SearchFromToTest.py:30 in applyMR_Assert() -> check.is_true(originalResult >= transformResult4, "MR4 failed")

FAILURE: check bool(False): MR10 failed
FAILURE: check bool(False): MR13 failed
------------------------------------------------------------
Failed Checks: 3
-------------------------------------------------------------------------------- JSON report --------------------------------------------------------------------------------
report saved to: pytest_mutationen_report.json
========================================================================== short test summary info ==========================================================================
FAILED mutants/tests/bi_SearchFromToTest.py::test_bi_SearchFromTo_with_func[originalInput0-1.2-0-3] - check bool(False): MR4 failed
FAILED mutants/tests/bi_SearchFromToTest.py::test_bi_SearchFromTo_with_func[originalInput1-2.0-0-4] - check bool(False): MR4 failed
FAILED mutants/tests/bi_SearchFromToTest.py::test_bi_SearchFromTo_with_func[originalInput2-1.61-0-4] - check bool(False): MR4 failed
FAILED mutants/tests/bi_SearchFromToTest.py::test_bi_SearchFromTo_with_func[originalInput4-2.5-0-4] - check bool(False): MR4 failed
FAILED mutants/tests/bi_SearchFromToTest.py::test_bi_SearchFromTo_with_func[originalInput5-1.2-0-2] - check bool(False): MR4 failed
FAILED mutants/tests/bi_SearchFromToTest.py::test_bi_SearchFromTo_with_func[originalInput6-4.4-0-3] - check bool(False): MR4 failed
FAILED mutants/tests/bi_SearchFromToTest.py::test_bi_SearchFromTo_with_func[originalInput8-4.1-0-4] - check bool(False): MR4 failed
FAILED mutants/tests/bi_SearchFromToTest.py::test_bi_SearchFromTo_with_func[originalInput9-1.5-0-5] - check bool(False): MR4 failed
======================================================================== 8 failed, 2 passed in 0.02s ========================================================================
❌ x_bi_SearchFromTo__mutmut_17 存在失败 (退出码 1)

================================================================================
RUNNING bi_SearchFromTo.py :: x_bi_SearchFromTo__mutmut_18  -  2025-10-16T19:36:26.223946
================================================================================

>>> 当前使用的函数: x_bi_SearchFromTo__mutmut_18
函数源码如下：
def x_bi_SearchFromTo__mutmut_18(elements, key, froom, to):

    low = froom
    high = to

    while low <= high:
        mid = (low + high)//2
        midVal = elements[mid]

        if midVal < key:
            low = mid + 1

        else:
            if midVal > key:
                high = mid - 1
            else:
                return mid
    return -(low - 1)

============================================================================ test session starts ============================================================================
platform linux -- Python 3.9.12, pytest-8.4.2, pluggy-1.6.0 -- /home/rts/anaconda3/envs/mutmut39/bin/python
cachedir: .pytest_cache
metadata: {'Python': '3.9.12', 'Platform': 'Linux-5.4.0-150-generic-x86_64-with-glibc2.27', 'Packages': {'pytest': '8.4.2', 'pluggy': '1.6.0'}, 'Plugins': {'metadata': '3.1.1', 'html': '4.1.1', 'check': '2.5.3', 'json-report': '1.5.0'}}
rootdir: /home/rts/下载/Python_src/mutants
configfile: pytest.ini
plugins: metadata-3.1.1, html-4.1.1, check-2.5.3, json-report-1.5.0
collecting ... collected 10 items                                                                                                                                                          

mutants/tests/bi_SearchFromToTest.py::test_bi_SearchFromTo_with_func[originalInput0-1.2-0-3] 

FAILED
mutants/tests/bi_SearchFromToTest.py::test_bi_SearchFromTo_with_func[originalInput1-2.0-0-4] 

PASSED
mutants/tests/bi_SearchFromToTest.py::test_bi_SearchFromTo_with_func[originalInput2-1.61-0-4] 

PASSED
mutants/tests/bi_SearchFromToTest.py::test_bi_SearchFromTo_with_func[originalInput3-0.0-0-3] 

PASSED
mutants/tests/bi_SearchFromToTest.py::test_bi_SearchFromTo_with_func[originalInput4-2.5-0-4] 

PASSED
mutants/tests/bi_SearchFromToTest.py::test_bi_SearchFromTo_with_func[originalInput5-1.2-0-2] 

PASSED
mutants/tests/bi_SearchFromToTest.py::test_bi_SearchFromTo_with_func[originalInput6-4.4-0-3] 

PASSED
mutants/tests/bi_SearchFromToTest.py::test_bi_SearchFromTo_with_func[originalInput7-1.2-0-3] 

PASSED
mutants/tests/bi_SearchFromToTest.py::test_bi_SearchFromTo_with_func[originalInput8-4.1-0-4] 

PASSED
mutants/tests/bi_SearchFromToTest.py::test_bi_SearchFromTo_with_func[originalInput9-1.5-0-5] 

PASSED

================================================================================= FAILURES ==================================================================================
__________________________________________________________ test_bi_SearchFromTo_with_func[originalInput0-1.2-0-3] ___________________________________________________________

FAILURE: check bool(False): MR13 failed
mutants/tests/bi_SearchFromToTest.py:84 in test_bi_SearchFromTo_with_func() -> applyMR_Assert(originalInput, originalResult, key, from_idx, to_idx)
mutants/tests/bi_SearchFromToTest.py:60 in applyMR_Assert() -> check.is_true(originalResult >= transformResult13, "MR13 failed")

------------------------------------------------------------
Failed Checks: 1
-------------------------------------------------------------------------------- JSON report --------------------------------------------------------------------------------
report saved to: pytest_mutationen_report.json
========================================================================== short test summary info ==========================================================================
FAILED mutants/tests/bi_SearchFromToTest.py::test_bi_SearchFromTo_with_func[originalInput0-1.2-0-3] - check bool(False): MR13 failed
======================================================================== 1 failed, 9 passed in 0.01s ========================================================================
❌ x_bi_SearchFromTo__mutmut_18 存在失败 (退出码 1)

================================================================================
RUNNING bi_SearchFromTo.py :: x_bi_SearchFromTo__mutmut_19  -  2025-10-16T19:36:26.280168
================================================================================

>>> 当前使用的函数: x_bi_SearchFromTo__mutmut_19
函数源码如下：
def x_bi_SearchFromTo__mutmut_19(elements, key, froom, to):

    low = froom
    high = to

    while low <= high:
        mid = (low + high)//2
        midVal = elements[mid]

        if midVal < key:
            low = mid + 1

        else:
            if midVal > key:
                high = mid - 1
            else:
                return mid
    return -(low + 2)

============================================================================ test session starts ============================================================================
platform linux -- Python 3.9.12, pytest-8.4.2, pluggy-1.6.0 -- /home/rts/anaconda3/envs/mutmut39/bin/python
cachedir: .pytest_cache
metadata: {'Python': '3.9.12', 'Platform': 'Linux-5.4.0-150-generic-x86_64-with-glibc2.27', 'Packages': {'pytest': '8.4.2', 'pluggy': '1.6.0'}, 'Plugins': {'metadata': '3.1.1', 'html': '4.1.1', 'check': '2.5.3', 'json-report': '1.5.0'}}
rootdir: /home/rts/下载/Python_src/mutants
configfile: pytest.ini
plugins: metadata-3.1.1, html-4.1.1, check-2.5.3, json-report-1.5.0
collecting ... collected 10 items                                                                                                                                                          

mutants/tests/bi_SearchFromToTest.py::test_bi_SearchFromTo_with_func[originalInput0-1.2-0-3] 

PASSED
mutants/tests/bi_SearchFromToTest.py::test_bi_SearchFromTo_with_func[originalInput1-2.0-0-4] 

PASSED
mutants/tests/bi_SearchFromToTest.py::test_bi_SearchFromTo_with_func[originalInput2-1.61-0-4] 

PASSED
mutants/tests/bi_SearchFromToTest.py::test_bi_SearchFromTo_with_func[originalInput3-0.0-0-3] 

PASSED
mutants/tests/bi_SearchFromToTest.py::test_bi_SearchFromTo_with_func[originalInput4-2.5-0-4] 

PASSED
mutants/tests/bi_SearchFromToTest.py::test_bi_SearchFromTo_with_func[originalInput5-1.2-0-2] 

PASSED
mutants/tests/bi_SearchFromToTest.py::test_bi_SearchFromTo_with_func[originalInput6-4.4-0-3] 

PASSED
mutants/tests/bi_SearchFromToTest.py::test_bi_SearchFromTo_with_func[originalInput7-1.2-0-3] 

PASSED
mutants/tests/bi_SearchFromToTest.py::test_bi_SearchFromTo_with_func[originalInput8-4.1-0-4] 

PASSED
mutants/tests/bi_SearchFromToTest.py::test_bi_SearchFromTo_with_func[originalInput9-1.5-0-5] 

PASSED

-------------------------------------------------------------------------------- JSON report --------------------------------------------------------------------------------
report saved to: pytest_mutationen_report.json
============================================================================ 10 passed in 0.01s =============================================================================
✅ x_bi_SearchFromTo__mutmut_19 所有测试通过

================================================================================
RUNNING bi_SearchFromTo.py :: x_bi_SearchFromTo__mutmut_2  -  2025-10-16T19:36:26.334765
================================================================================

>>> 当前使用的函数: x_bi_SearchFromTo__mutmut_2
函数源码如下：
def x_bi_SearchFromTo__mutmut_2(elements, key, froom, to):

    low = froom
    high = None

    while low <= high:
        mid = (low + high)//2
        midVal = elements[mid]

        if midVal < key:
            low = mid + 1

        else:
            if midVal > key:
                high = mid - 1
            else:
                return mid
    return -(low + 1)

============================================================================ test session starts ============================================================================
platform linux -- Python 3.9.12, pytest-8.4.2, pluggy-1.6.0 -- /home/rts/anaconda3/envs/mutmut39/bin/python
cachedir: .pytest_cache
metadata: {'Python': '3.9.12', 'Platform': 'Linux-5.4.0-150-generic-x86_64-with-glibc2.27', 'Packages': {'pytest': '8.4.2', 'pluggy': '1.6.0'}, 'Plugins': {'metadata': '3.1.1', 'html': '4.1.1', 'check': '2.5.3', 'json-report': '1.5.0'}}
rootdir: /home/rts/下载/Python_src/mutants
configfile: pytest.ini
plugins: metadata-3.1.1, html-4.1.1, check-2.5.3, json-report-1.5.0
collecting ... collected 10 items                                                                                                                                                          

mutants/tests/bi_SearchFromToTest.py::test_bi_SearchFromTo_with_func[originalInput0-1.2-0-3] FAILED
mutants/tests/bi_SearchFromToTest.py::test_bi_SearchFromTo_with_func[originalInput1-2.0-0-4] FAILED
mutants/tests/bi_SearchFromToTest.py::test_bi_SearchFromTo_with_func[originalInput2-1.61-0-4] FAILED
mutants/tests/bi_SearchFromToTest.py::test_bi_SearchFromTo_with_func[originalInput3-0.0-0-3] FAILED
mutants/tests/bi_SearchFromToTest.py::test_bi_SearchFromTo_with_func[originalInput4-2.5-0-4] FAILED
mutants/tests/bi_SearchFromToTest.py::test_bi_SearchFromTo_with_func[originalInput5-1.2-0-2] FAILED
mutants/tests/bi_SearchFromToTest.py::test_bi_SearchFromTo_with_func[originalInput6-4.4-0-3] FAILED
mutants/tests/bi_SearchFromToTest.py::test_bi_SearchFromTo_with_func[originalInput7-1.2-0-3] FAILED
mutants/tests/bi_SearchFromToTest.py::test_bi_SearchFromTo_with_func[originalInput8-4.1-0-4] FAILED
mutants/tests/bi_SearchFromToTest.py::test_bi_SearchFromTo_with_func[originalInput9-1.5-0-5] FAILED

================================================================================= FAILURES ==================================================================================
__________________________________________________________ test_bi_SearchFromTo_with_func[originalInput0-1.2-0-3] ___________________________________________________________
mutants/tests/bi_SearchFromToTest.py:83: in test_bi_SearchFromTo_with_func
    originalResult = func(originalInput, key, from_idx, to_idx)
mutants/src/bi_SearchFromTo.py:74: in x_bi_SearchFromTo__mutmut_2
    while low <= high:
E   TypeError: '<=' not supported between instances of 'int' and 'NoneType'
__________________________________________________________ test_bi_SearchFromTo_with_func[originalInput1-2.0-0-4] ___________________________________________________________
mutants/tests/bi_SearchFromToTest.py:83: in test_bi_SearchFromTo_with_func
    originalResult = func(originalInput, key, from_idx, to_idx)
mutants/src/bi_SearchFromTo.py:74: in x_bi_SearchFromTo__mutmut_2
    while low <= high:
E   TypeError: '<=' not supported between instances of 'int' and 'NoneType'
__________________________________________________________ test_bi_SearchFromTo_with_func[originalInput2-1.61-0-4] __________________________________________________________
mutants/tests/bi_SearchFromToTest.py:83: in test_bi_SearchFromTo_with_func
    originalResult = func(originalInput, key, from_idx, to_idx)
mutants/src/bi_SearchFromTo.py:74: in x_bi_SearchFromTo__mutmut_2
    while low <= high:
E   TypeError: '<=' not supported between instances of 'int' and 'NoneType'
__________________________________________________________ test_bi_SearchFromTo_with_func[originalInput3-0.0-0-3] ___________________________________________________________
mutants/tests/bi_SearchFromToTest.py:83: in test_bi_SearchFromTo_with_func
    originalResult = func(originalInput, key, from_idx, to_idx)
mutants/src/bi_SearchFromTo.py:74: in x_bi_SearchFromTo__mutmut_2
    while low <= high:
E   TypeError: '<=' not supported between instances of 'int' and 'NoneType'
__________________________________________________________ test_bi_SearchFromTo_with_func[originalInput4-2.5-0-4] ___________________________________________________________
mutants/tests/bi_SearchFromToTest.py:83: in test_bi_SearchFromTo_with_func
    originalResult = func(originalInput, key, from_idx, to_idx)
mutants/src/bi_SearchFromTo.py:74: in x_bi_SearchFromTo__mutmut_2
    while low <= high:
E   TypeError: '<=' not supported between instances of 'int' and 'NoneType'
__________________________________________________________ test_bi_SearchFromTo_with_func[originalInput5-1.2-0-2] ___________________________________________________________
mutants/tests/bi_SearchFromToTest.py:83: in test_bi_SearchFromTo_with_func
    originalResult = func(originalInput, key, from_idx, to_idx)
mutants/src/bi_SearchFromTo.py:74: in x_bi_SearchFromTo__mutmut_2
    while low <= high:
E   TypeError: '<=' not supported between instances of 'int' and 'NoneType'
__________________________________________________________ test_bi_SearchFromTo_with_func[originalInput6-4.4-0-3] ___________________________________________________________
mutants/tests/bi_SearchFromToTest.py:83: in test_bi_SearchFromTo_with_func
    originalResult = func(originalInput, key, from_idx, to_idx)
mutants/src/bi_SearchFromTo.py:74: in x_bi_SearchFromTo__mutmut_2
    while low <= high:
E   TypeError: '<=' not supported between instances of 'int' and 'NoneType'
__________________________________________________________ test_bi_SearchFromTo_with_func[originalInput7-1.2-0-3] ___________________________________________________________
mutants/tests/bi_SearchFromToTest.py:83: in test_bi_SearchFromTo_with_func
    originalResult = func(originalInput, key, from_idx, to_idx)
mutants/src/bi_SearchFromTo.py:74: in x_bi_SearchFromTo__mutmut_2
    while low <= high:
E   TypeError: '<=' not supported between instances of 'int' and 'NoneType'
__________________________________________________________ test_bi_SearchFromTo_with_func[originalInput8-4.1-0-4] ___________________________________________________________
mutants/tests/bi_SearchFromToTest.py:83: in test_bi_SearchFromTo_with_func
    originalResult = func(originalInput, key, from_idx, to_idx)
mutants/src/bi_SearchFromTo.py:74: in x_bi_SearchFromTo__mutmut_2
    while low <= high:
E   TypeError: '<=' not supported between instances of 'int' and 'NoneType'
__________________________________________________________ test_bi_SearchFromTo_with_func[originalInput9-1.5-0-5] ___________________________________________________________
mutants/tests/bi_SearchFromToTest.py:83: in test_bi_SearchFromTo_with_func
    originalResult = func(originalInput, key, from_idx, to_idx)
mutants/src/bi_SearchFromTo.py:74: in x_bi_SearchFromTo__mutmut_2
    while low <= high:
E   TypeError: '<=' not supported between instances of 'int' and 'NoneType'
-------------------------------------------------------------------------------- JSON report --------------------------------------------------------------------------------
report saved to: pytest_mutationen_report.json
========================================================================== short test summary info ==========================================================================
FAILED mutants/tests/bi_SearchFromToTest.py::test_bi_SearchFromTo_with_func[originalInput0-1.2-0-3] - TypeError: '<=' not supported between instances of 'int' and 'NoneType'
FAILED mutants/tests/bi_SearchFromToTest.py::test_bi_SearchFromTo_with_func[originalInput1-2.0-0-4] - TypeError: '<=' not supported between instances of 'int' and 'NoneType'
FAILED mutants/tests/bi_SearchFromToTest.py::test_bi_SearchFromTo_with_func[originalInput2-1.61-0-4] - TypeError: '<=' not supported between instances of 'int' and 'NoneType'
FAILED mutants/tests/bi_SearchFromToTest.py::test_bi_SearchFromTo_with_func[originalInput3-0.0-0-3] - TypeError: '<=' not supported between instances of 'int' and 'NoneType'
FAILED mutants/tests/bi_SearchFromToTest.py::test_bi_SearchFromTo_with_func[originalInput4-2.5-0-4] - TypeError: '<=' not supported between instances of 'int' and 'NoneType'
FAILED mutants/tests/bi_SearchFromToTest.py::test_bi_SearchFromTo_with_func[originalInput5-1.2-0-2] - TypeError: '<=' not supported between instances of 'int' and 'NoneType'
FAILED mutants/tests/bi_SearchFromToTest.py::test_bi_SearchFromTo_with_func[originalInput6-4.4-0-3] - TypeError: '<=' not supported between instances of 'int' and 'NoneType'
FAILED mutants/tests/bi_SearchFromToTest.py::test_bi_SearchFromTo_with_func[originalInput7-1.2-0-3] - TypeError: '<=' not supported between instances of 'int' and 'NoneType'
FAILED mutants/tests/bi_SearchFromToTest.py::test_bi_SearchFromTo_with_func[originalInput8-4.1-0-4] - TypeError: '<=' not supported between instances of 'int' and 'NoneType'
FAILED mutants/tests/bi_SearchFromToTest.py::test_bi_SearchFromTo_with_func[originalInput9-1.5-0-5] - TypeError: '<=' not supported between instances of 'int' and 'NoneType'
============================================================================ 10 failed in 0.06s =============================================================================
❌ x_bi_SearchFromTo__mutmut_2 存在失败 (退出码 1)

================================================================================
RUNNING bi_SearchFromTo.py :: x_bi_SearchFromTo__mutmut_3  -  2025-10-16T19:36:26.443310
================================================================================

>>> 当前使用的函数: x_bi_SearchFromTo__mutmut_3
函数源码如下：
def x_bi_SearchFromTo__mutmut_3(elements, key, froom, to):

    low = froom
    high = to

    while low < high:
        mid = (low + high)//2
        midVal = elements[mid]

        if midVal < key:
            low = mid + 1

        else:
            if midVal > key:
                high = mid - 1
            else:
                return mid
    return -(low + 1)

============================================================================ test session starts ============================================================================
platform linux -- Python 3.9.12, pytest-8.4.2, pluggy-1.6.0 -- /home/rts/anaconda3/envs/mutmut39/bin/python
cachedir: .pytest_cache
metadata: {'Python': '3.9.12', 'Platform': 'Linux-5.4.0-150-generic-x86_64-with-glibc2.27', 'Packages': {'pytest': '8.4.2', 'pluggy': '1.6.0'}, 'Plugins': {'metadata': '3.1.1', 'html': '4.1.1', 'check': '2.5.3', 'json-report': '1.5.0'}}
rootdir: /home/rts/下载/Python_src/mutants
configfile: pytest.ini
plugins: metadata-3.1.1, html-4.1.1, check-2.5.3, json-report-1.5.0
collecting ... collected 10 items                                                                                                                                                          

mutants/tests/bi_SearchFromToTest.py::test_bi_SearchFromTo_with_func[originalInput0-1.2-0-3] 

PASSED
mutants/tests/bi_SearchFromToTest.py::test_bi_SearchFromTo_with_func[originalInput1-2.0-0-4] 

PASSED
mutants/tests/bi_SearchFromToTest.py::test_bi_SearchFromTo_with_func[originalInput2-1.61-0-4] 

PASSED
mutants/tests/bi_SearchFromToTest.py::test_bi_SearchFromTo_with_func[originalInput3-0.0-0-3] 

PASSED
mutants/tests/bi_SearchFromToTest.py::test_bi_SearchFromTo_with_func[originalInput4-2.5-0-4] 

PASSED
mutants/tests/bi_SearchFromToTest.py::test_bi_SearchFromTo_with_func[originalInput5-1.2-0-2] 

PASSED
mutants/tests/bi_SearchFromToTest.py::test_bi_SearchFromTo_with_func[originalInput6-4.4-0-3] 

PASSED
mutants/tests/bi_SearchFromToTest.py::test_bi_SearchFromTo_with_func[originalInput7-1.2-0-3] 

PASSED
mutants/tests/bi_SearchFromToTest.py::test_bi_SearchFromTo_with_func[originalInput8-4.1-0-4] 

PASSED
mutants/tests/bi_SearchFromToTest.py::test_bi_SearchFromTo_with_func[originalInput9-1.5-0-5] 

PASSED

-------------------------------------------------------------------------------- JSON report --------------------------------------------------------------------------------
report saved to: pytest_mutationen_report.json
============================================================================ 10 passed in 0.01s =============================================================================
✅ x_bi_SearchFromTo__mutmut_3 所有测试通过

================================================================================
RUNNING bi_SearchFromTo.py :: x_bi_SearchFromTo__mutmut_4  -  2025-10-16T19:36:26.501712
================================================================================

>>> 当前使用的函数: x_bi_SearchFromTo__mutmut_4
函数源码如下：
def x_bi_SearchFromTo__mutmut_4(elements, key, froom, to):

    low = froom
    high = to

    while low <= high:
        mid = None
        midVal = elements[mid]

        if midVal < key:
            low = mid + 1

        else:
            if midVal > key:
                high = mid - 1
            else:
                return mid
    return -(low + 1)

============================================================================ test session starts ============================================================================
platform linux -- Python 3.9.12, pytest-8.4.2, pluggy-1.6.0 -- /home/rts/anaconda3/envs/mutmut39/bin/python
cachedir: .pytest_cache
metadata: {'Python': '3.9.12', 'Platform': 'Linux-5.4.0-150-generic-x86_64-with-glibc2.27', 'Packages': {'pytest': '8.4.2', 'pluggy': '1.6.0'}, 'Plugins': {'metadata': '3.1.1', 'html': '4.1.1', 'check': '2.5.3', 'json-report': '1.5.0'}}
rootdir: /home/rts/下载/Python_src/mutants
configfile: pytest.ini
plugins: metadata-3.1.1, html-4.1.1, check-2.5.3, json-report-1.5.0
collecting ... collected 10 items                                                                                                                                                          

mutants/tests/bi_SearchFromToTest.py::test_bi_SearchFromTo_with_func[originalInput0-1.2-0-3] FAILED
mutants/tests/bi_SearchFromToTest.py::test_bi_SearchFromTo_with_func[originalInput1-2.0-0-4] FAILED
mutants/tests/bi_SearchFromToTest.py::test_bi_SearchFromTo_with_func[originalInput2-1.61-0-4] FAILED
mutants/tests/bi_SearchFromToTest.py::test_bi_SearchFromTo_with_func[originalInput3-0.0-0-3] FAILED
mutants/tests/bi_SearchFromToTest.py::test_bi_SearchFromTo_with_func[originalInput4-2.5-0-4] FAILED
mutants/tests/bi_SearchFromToTest.py::test_bi_SearchFromTo_with_func[originalInput5-1.2-0-2] FAILED
mutants/tests/bi_SearchFromToTest.py::test_bi_SearchFromTo_with_func[originalInput6-4.4-0-3] FAILED
mutants/tests/bi_SearchFromToTest.py::test_bi_SearchFromTo_with_func[originalInput7-1.2-0-3] FAILED
mutants/tests/bi_SearchFromToTest.py::test_bi_SearchFromTo_with_func[originalInput8-4.1-0-4] FAILED
mutants/tests/bi_SearchFromToTest.py::test_bi_SearchFromTo_with_func[originalInput9-1.5-0-5] FAILED

================================================================================= FAILURES ==================================================================================
__________________________________________________________ test_bi_SearchFromTo_with_func[originalInput0-1.2-0-3] ___________________________________________________________
mutants/tests/bi_SearchFromToTest.py:83: in test_bi_SearchFromTo_with_func
    originalResult = func(originalInput, key, from_idx, to_idx)
mutants/src/bi_SearchFromTo.py:112: in x_bi_SearchFromTo__mutmut_4
    midVal = elements[mid]
E   TypeError: list indices must be integers or slices, not NoneType
__________________________________________________________ test_bi_SearchFromTo_with_func[originalInput1-2.0-0-4] ___________________________________________________________
mutants/tests/bi_SearchFromToTest.py:83: in test_bi_SearchFromTo_with_func
    originalResult = func(originalInput, key, from_idx, to_idx)
mutants/src/bi_SearchFromTo.py:112: in x_bi_SearchFromTo__mutmut_4
    midVal = elements[mid]
E   TypeError: list indices must be integers or slices, not NoneType
__________________________________________________________ test_bi_SearchFromTo_with_func[originalInput2-1.61-0-4] __________________________________________________________
mutants/tests/bi_SearchFromToTest.py:83: in test_bi_SearchFromTo_with_func
    originalResult = func(originalInput, key, from_idx, to_idx)
mutants/src/bi_SearchFromTo.py:112: in x_bi_SearchFromTo__mutmut_4
    midVal = elements[mid]
E   TypeError: list indices must be integers or slices, not NoneType
__________________________________________________________ test_bi_SearchFromTo_with_func[originalInput3-0.0-0-3] ___________________________________________________________
mutants/tests/bi_SearchFromToTest.py:83: in test_bi_SearchFromTo_with_func
    originalResult = func(originalInput, key, from_idx, to_idx)
mutants/src/bi_SearchFromTo.py:112: in x_bi_SearchFromTo__mutmut_4
    midVal = elements[mid]
E   TypeError: list indices must be integers or slices, not NoneType
__________________________________________________________ test_bi_SearchFromTo_with_func[originalInput4-2.5-0-4] ___________________________________________________________
mutants/tests/bi_SearchFromToTest.py:83: in test_bi_SearchFromTo_with_func
    originalResult = func(originalInput, key, from_idx, to_idx)
mutants/src/bi_SearchFromTo.py:112: in x_bi_SearchFromTo__mutmut_4
    midVal = elements[mid]
E   TypeError: list indices must be integers or slices, not NoneType
__________________________________________________________ test_bi_SearchFromTo_with_func[originalInput5-1.2-0-2] ___________________________________________________________
mutants/tests/bi_SearchFromToTest.py:83: in test_bi_SearchFromTo_with_func
    originalResult = func(originalInput, key, from_idx, to_idx)
mutants/src/bi_SearchFromTo.py:112: in x_bi_SearchFromTo__mutmut_4
    midVal = elements[mid]
E   TypeError: list indices must be integers or slices, not NoneType
__________________________________________________________ test_bi_SearchFromTo_with_func[originalInput6-4.4-0-3] ___________________________________________________________
mutants/tests/bi_SearchFromToTest.py:83: in test_bi_SearchFromTo_with_func
    originalResult = func(originalInput, key, from_idx, to_idx)
mutants/src/bi_SearchFromTo.py:112: in x_bi_SearchFromTo__mutmut_4
    midVal = elements[mid]
E   TypeError: list indices must be integers or slices, not NoneType
__________________________________________________________ test_bi_SearchFromTo_with_func[originalInput7-1.2-0-3] ___________________________________________________________
mutants/tests/bi_SearchFromToTest.py:83: in test_bi_SearchFromTo_with_func
    originalResult = func(originalInput, key, from_idx, to_idx)
mutants/src/bi_SearchFromTo.py:112: in x_bi_SearchFromTo__mutmut_4
    midVal = elements[mid]
E   TypeError: list indices must be integers or slices, not NoneType
__________________________________________________________ test_bi_SearchFromTo_with_func[originalInput8-4.1-0-4] ___________________________________________________________
mutants/tests/bi_SearchFromToTest.py:83: in test_bi_SearchFromTo_with_func
    originalResult = func(originalInput, key, from_idx, to_idx)
mutants/src/bi_SearchFromTo.py:112: in x_bi_SearchFromTo__mutmut_4
    midVal = elements[mid]
E   TypeError: list indices must be integers or slices, not NoneType
__________________________________________________________ test_bi_SearchFromTo_with_func[originalInput9-1.5-0-5] ___________________________________________________________
mutants/tests/bi_SearchFromToTest.py:83: in test_bi_SearchFromTo_with_func
    originalResult = func(originalInput, key, from_idx, to_idx)
mutants/src/bi_SearchFromTo.py:112: in x_bi_SearchFromTo__mutmut_4
    midVal = elements[mid]
E   TypeError: list indices must be integers or slices, not NoneType
-------------------------------------------------------------------------------- JSON report --------------------------------------------------------------------------------
report saved to: pytest_mutationen_report.json
========================================================================== short test summary info ==========================================================================
FAILED mutants/tests/bi_SearchFromToTest.py::test_bi_SearchFromTo_with_func[originalInput0-1.2-0-3] - TypeError: list indices must be integers or slices, not NoneType
FAILED mutants/tests/bi_SearchFromToTest.py::test_bi_SearchFromTo_with_func[originalInput1-2.0-0-4] - TypeError: list indices must be integers or slices, not NoneType
FAILED mutants/tests/bi_SearchFromToTest.py::test_bi_SearchFromTo_with_func[originalInput2-1.61-0-4] - TypeError: list indices must be integers or slices, not NoneType
FAILED mutants/tests/bi_SearchFromToTest.py::test_bi_SearchFromTo_with_func[originalInput3-0.0-0-3] - TypeError: list indices must be integers or slices, not NoneType
FAILED mutants/tests/bi_SearchFromToTest.py::test_bi_SearchFromTo_with_func[originalInput4-2.5-0-4] - TypeError: list indices must be integers or slices, not NoneType
FAILED mutants/tests/bi_SearchFromToTest.py::test_bi_SearchFromTo_with_func[originalInput5-1.2-0-2] - TypeError: list indices must be integers or slices, not NoneType
FAILED mutants/tests/bi_SearchFromToTest.py::test_bi_SearchFromTo_with_func[originalInput6-4.4-0-3] - TypeError: list indices must be integers or slices, not NoneType
FAILED mutants/tests/bi_SearchFromToTest.py::test_bi_SearchFromTo_with_func[originalInput7-1.2-0-3] - TypeError: list indices must be integers or slices, not NoneType
FAILED mutants/tests/bi_SearchFromToTest.py::test_bi_SearchFromTo_with_func[originalInput8-4.1-0-4] - TypeError: list indices must be integers or slices, not NoneType
FAILED mutants/tests/bi_SearchFromToTest.py::test_bi_SearchFromTo_with_func[originalInput9-1.5-0-5] - TypeError: list indices must be integers or slices, not NoneType
============================================================================ 10 failed in 0.06s =============================================================================
❌ x_bi_SearchFromTo__mutmut_4 存在失败 (退出码 1)

================================================================================
RUNNING bi_SearchFromTo.py :: x_bi_SearchFromTo__mutmut_5  -  2025-10-16T19:36:26.603882
================================================================================

>>> 当前使用的函数: x_bi_SearchFromTo__mutmut_5
函数源码如下：
def x_bi_SearchFromTo__mutmut_5(elements, key, froom, to):

    low = froom
    high = to

    while low <= high:
        mid = (low + high) / 2
        midVal = elements[mid]

        if midVal < key:
            low = mid + 1

        else:
            if midVal > key:
                high = mid - 1
            else:
                return mid
    return -(low + 1)

============================================================================ test session starts ============================================================================
platform linux -- Python 3.9.12, pytest-8.4.2, pluggy-1.6.0 -- /home/rts/anaconda3/envs/mutmut39/bin/python
cachedir: .pytest_cache
metadata: {'Python': '3.9.12', 'Platform': 'Linux-5.4.0-150-generic-x86_64-with-glibc2.27', 'Packages': {'pytest': '8.4.2', 'pluggy': '1.6.0'}, 'Plugins': {'metadata': '3.1.1', 'html': '4.1.1', 'check': '2.5.3', 'json-report': '1.5.0'}}
rootdir: /home/rts/下载/Python_src/mutants
configfile: pytest.ini
plugins: metadata-3.1.1, html-4.1.1, check-2.5.3, json-report-1.5.0
collecting ... collected 10 items                                                                                                                                                          

mutants/tests/bi_SearchFromToTest.py::test_bi_SearchFromTo_with_func[originalInput0-1.2-0-3] FAILED
mutants/tests/bi_SearchFromToTest.py::test_bi_SearchFromTo_with_func[originalInput1-2.0-0-4] FAILED
mutants/tests/bi_SearchFromToTest.py::test_bi_SearchFromTo_with_func[originalInput2-1.61-0-4] FAILED
mutants/tests/bi_SearchFromToTest.py::test_bi_SearchFromTo_with_func[originalInput3-0.0-0-3] FAILED
mutants/tests/bi_SearchFromToTest.py::test_bi_SearchFromTo_with_func[originalInput4-2.5-0-4] FAILED
mutants/tests/bi_SearchFromToTest.py::test_bi_SearchFromTo_with_func[originalInput5-1.2-0-2] FAILED
mutants/tests/bi_SearchFromToTest.py::test_bi_SearchFromTo_with_func[originalInput6-4.4-0-3] FAILED
mutants/tests/bi_SearchFromToTest.py::test_bi_SearchFromTo_with_func[originalInput7-1.2-0-3] FAILED
mutants/tests/bi_SearchFromToTest.py::test_bi_SearchFromTo_with_func[originalInput8-4.1-0-4] FAILED
mutants/tests/bi_SearchFromToTest.py::test_bi_SearchFromTo_with_func[originalInput9-1.5-0-5] FAILED

================================================================================= FAILURES ==================================================================================
__________________________________________________________ test_bi_SearchFromTo_with_func[originalInput0-1.2-0-3] ___________________________________________________________
mutants/tests/bi_SearchFromToTest.py:83: in test_bi_SearchFromTo_with_func
    originalResult = func(originalInput, key, from_idx, to_idx)
mutants/src/bi_SearchFromTo.py:130: in x_bi_SearchFromTo__mutmut_5
    midVal = elements[mid]
E   TypeError: list indices must be integers or slices, not float
__________________________________________________________ test_bi_SearchFromTo_with_func[originalInput1-2.0-0-4] ___________________________________________________________
mutants/tests/bi_SearchFromToTest.py:83: in test_bi_SearchFromTo_with_func
    originalResult = func(originalInput, key, from_idx, to_idx)
mutants/src/bi_SearchFromTo.py:130: in x_bi_SearchFromTo__mutmut_5
    midVal = elements[mid]
E   TypeError: list indices must be integers or slices, not float
__________________________________________________________ test_bi_SearchFromTo_with_func[originalInput2-1.61-0-4] __________________________________________________________
mutants/tests/bi_SearchFromToTest.py:83: in test_bi_SearchFromTo_with_func
    originalResult = func(originalInput, key, from_idx, to_idx)
mutants/src/bi_SearchFromTo.py:130: in x_bi_SearchFromTo__mutmut_5
    midVal = elements[mid]
E   TypeError: list indices must be integers or slices, not float
__________________________________________________________ test_bi_SearchFromTo_with_func[originalInput3-0.0-0-3] ___________________________________________________________
mutants/tests/bi_SearchFromToTest.py:83: in test_bi_SearchFromTo_with_func
    originalResult = func(originalInput, key, from_idx, to_idx)
mutants/src/bi_SearchFromTo.py:130: in x_bi_SearchFromTo__mutmut_5
    midVal = elements[mid]
E   TypeError: list indices must be integers or slices, not float
__________________________________________________________ test_bi_SearchFromTo_with_func[originalInput4-2.5-0-4] ___________________________________________________________
mutants/tests/bi_SearchFromToTest.py:83: in test_bi_SearchFromTo_with_func
    originalResult = func(originalInput, key, from_idx, to_idx)
mutants/src/bi_SearchFromTo.py:130: in x_bi_SearchFromTo__mutmut_5
    midVal = elements[mid]
E   TypeError: list indices must be integers or slices, not float
__________________________________________________________ test_bi_SearchFromTo_with_func[originalInput5-1.2-0-2] ___________________________________________________________
mutants/tests/bi_SearchFromToTest.py:83: in test_bi_SearchFromTo_with_func
    originalResult = func(originalInput, key, from_idx, to_idx)
mutants/src/bi_SearchFromTo.py:130: in x_bi_SearchFromTo__mutmut_5
    midVal = elements[mid]
E   TypeError: list indices must be integers or slices, not float
__________________________________________________________ test_bi_SearchFromTo_with_func[originalInput6-4.4-0-3] ___________________________________________________________
mutants/tests/bi_SearchFromToTest.py:83: in test_bi_SearchFromTo_with_func
    originalResult = func(originalInput, key, from_idx, to_idx)
mutants/src/bi_SearchFromTo.py:130: in x_bi_SearchFromTo__mutmut_5
    midVal = elements[mid]
E   TypeError: list indices must be integers or slices, not float
__________________________________________________________ test_bi_SearchFromTo_with_func[originalInput7-1.2-0-3] ___________________________________________________________
mutants/tests/bi_SearchFromToTest.py:83: in test_bi_SearchFromTo_with_func
    originalResult = func(originalInput, key, from_idx, to_idx)
mutants/src/bi_SearchFromTo.py:130: in x_bi_SearchFromTo__mutmut_5
    midVal = elements[mid]
E   TypeError: list indices must be integers or slices, not float
__________________________________________________________ test_bi_SearchFromTo_with_func[originalInput8-4.1-0-4] ___________________________________________________________
mutants/tests/bi_SearchFromToTest.py:83: in test_bi_SearchFromTo_with_func
    originalResult = func(originalInput, key, from_idx, to_idx)
mutants/src/bi_SearchFromTo.py:130: in x_bi_SearchFromTo__mutmut_5
    midVal = elements[mid]
E   TypeError: list indices must be integers or slices, not float
__________________________________________________________ test_bi_SearchFromTo_with_func[originalInput9-1.5-0-5] ___________________________________________________________
mutants/tests/bi_SearchFromToTest.py:83: in test_bi_SearchFromTo_with_func
    originalResult = func(originalInput, key, from_idx, to_idx)
mutants/src/bi_SearchFromTo.py:130: in x_bi_SearchFromTo__mutmut_5
    midVal = elements[mid]
E   TypeError: list indices must be integers or slices, not float
-------------------------------------------------------------------------------- JSON report --------------------------------------------------------------------------------
report saved to: pytest_mutationen_report.json
========================================================================== short test summary info ==========================================================================
FAILED mutants/tests/bi_SearchFromToTest.py::test_bi_SearchFromTo_with_func[originalInput0-1.2-0-3] - TypeError: list indices must be integers or slices, not float
FAILED mutants/tests/bi_SearchFromToTest.py::test_bi_SearchFromTo_with_func[originalInput1-2.0-0-4] - TypeError: list indices must be integers or slices, not float
FAILED mutants/tests/bi_SearchFromToTest.py::test_bi_SearchFromTo_with_func[originalInput2-1.61-0-4] - TypeError: list indices must be integers or slices, not float
FAILED mutants/tests/bi_SearchFromToTest.py::test_bi_SearchFromTo_with_func[originalInput3-0.0-0-3] - TypeError: list indices must be integers or slices, not float
FAILED mutants/tests/bi_SearchFromToTest.py::test_bi_SearchFromTo_with_func[originalInput4-2.5-0-4] - TypeError: list indices must be integers or slices, not float
FAILED mutants/tests/bi_SearchFromToTest.py::test_bi_SearchFromTo_with_func[originalInput5-1.2-0-2] - TypeError: list indices must be integers or slices, not float
FAILED mutants/tests/bi_SearchFromToTest.py::test_bi_SearchFromTo_with_func[originalInput6-4.4-0-3] - TypeError: list indices must be integers or slices, not float
FAILED mutants/tests/bi_SearchFromToTest.py::test_bi_SearchFromTo_with_func[originalInput7-1.2-0-3] - TypeError: list indices must be integers or slices, not float
FAILED mutants/tests/bi_SearchFromToTest.py::test_bi_SearchFromTo_with_func[originalInput8-4.1-0-4] - TypeError: list indices must be integers or slices, not float
FAILED mutants/tests/bi_SearchFromToTest.py::test_bi_SearchFromTo_with_func[originalInput9-1.5-0-5] - TypeError: list indices must be integers or slices, not float
============================================================================ 10 failed in 0.06s =============================================================================
❌ x_bi_SearchFromTo__mutmut_5 存在失败 (退出码 1)

================================================================================
RUNNING bi_SearchFromTo.py :: x_bi_SearchFromTo__mutmut_6  -  2025-10-16T19:36:26.707302
================================================================================

>>> 当前使用的函数: x_bi_SearchFromTo__mutmut_6
函数源码如下：
def x_bi_SearchFromTo__mutmut_6(elements, key, froom, to):

    low = froom
    high = to

    while low <= high:
        mid = (low - high)//2
        midVal = elements[mid]

        if midVal < key:
            low = mid + 1

        else:
            if midVal > key:
                high = mid - 1
            else:
                return mid
    return -(low + 1)

============================================================================ test session starts ============================================================================
platform linux -- Python 3.9.12, pytest-8.4.2, pluggy-1.6.0 -- /home/rts/anaconda3/envs/mutmut39/bin/python
cachedir: .pytest_cache
metadata: {'Python': '3.9.12', 'Platform': 'Linux-5.4.0-150-generic-x86_64-with-glibc2.27', 'Packages': {'pytest': '8.4.2', 'pluggy': '1.6.0'}, 'Plugins': {'metadata': '3.1.1', 'html': '4.1.1', 'check': '2.5.3', 'json-report': '1.5.0'}}
rootdir: /home/rts/下载/Python_src/mutants
configfile: pytest.ini
plugins: metadata-3.1.1, html-4.1.1, check-2.5.3, json-report-1.5.0
collecting ... collected 10 items                                                                                                                                                          

mutants/tests/bi_SearchFromToTest.py::test_bi_SearchFromTo_with_func[originalInput0-1.2-0-3] 



-------------------------------------------------------------------------------- JSON report --------------------------------------------------------------------------------
report saved to: pytest_mutationen_report.json
!!!!!!!!!!!!!!!!!!!!!!!!!!!!!!!!!!!!!!!!!!!!!!!!!!!!!!!!!!!!!!!!!!!!!!!!!!!!! KeyboardInterrupt !!!!!!!!!!!!!!!!!!!!!!!!!!!!!!!!!!!!!!!!!!!!!!!!!!!!!!!!!!!!!!!!!!!!!!!!!!!!!
/home/rts/下载/Python_src/mutants/src/bi_SearchFromTo.py:150: KeyboardInterrupt
(to show a full traceback on KeyboardInterrupt use --full-trace)
=========================================================================== no tests ran in 0.76s ===========================================================================
❌ x_bi_SearchFromTo__mutmut_6 存在失败 (退出码 2)

================================================================================
RUNNING bi_SearchFromTo.py :: x_bi_SearchFromTo__mutmut_7  -  2025-10-16T19:36:27.506664
================================================================================

>>> 当前使用的函数: x_bi_SearchFromTo__mutmut_7
函数源码如下：
def x_bi_SearchFromTo__mutmut_7(elements, key, froom, to):

    low = froom
    high = to

    while low <= high:
        mid = (low + high)//3
        midVal = elements[mid]

        if midVal < key:
            low = mid + 1

        else:
            if midVal > key:
                high = mid - 1
            else:
                return mid
    return -(low + 1)

============================================================================ test session starts ============================================================================
platform linux -- Python 3.9.12, pytest-8.4.2, pluggy-1.6.0 -- /home/rts/anaconda3/envs/mutmut39/bin/python
cachedir: .pytest_cache
metadata: {'Python': '3.9.12', 'Platform': 'Linux-5.4.0-150-generic-x86_64-with-glibc2.27', 'Packages': {'pytest': '8.4.2', 'pluggy': '1.6.0'}, 'Plugins': {'metadata': '3.1.1', 'html': '4.1.1', 'check': '2.5.3', 'json-report': '1.5.0'}}
rootdir: /home/rts/下载/Python_src/mutants
configfile: pytest.ini
plugins: metadata-3.1.1, html-4.1.1, check-2.5.3, json-report-1.5.0
collecting ... collected 10 items                                                                                                                                                          

mutants/tests/bi_SearchFromToTest.py::test_bi_SearchFromTo_with_func[originalInput0-1.2-0-3] 



-------------------------------------------------------------------------------- JSON report --------------------------------------------------------------------------------
report saved to: pytest_mutationen_report.json
!!!!!!!!!!!!!!!!!!!!!!!!!!!!!!!!!!!!!!!!!!!!!!!!!!!!!!!!!!!!!!!!!!!!!!!!!!!!! KeyboardInterrupt !!!!!!!!!!!!!!!!!!!!!!!!!!!!!!!!!!!!!!!!!!!!!!!!!!!!!!!!!!!!!!!!!!!!!!!!!!!!!
/home/rts/下载/Python_src/mutants/src/bi_SearchFromTo.py:165: KeyboardInterrupt
(to show a full traceback on KeyboardInterrupt use --full-trace)
=========================================================================== no tests ran in 2.22s ===========================================================================
❌ x_bi_SearchFromTo__mutmut_7 存在失败 (退出码 2)

================================================================================
RUNNING bi_SearchFromTo.py :: x_bi_SearchFromTo__mutmut_8  -  2025-10-16T19:36:29.769386
================================================================================

>>> 当前使用的函数: x_bi_SearchFromTo__mutmut_8
函数源码如下：
def x_bi_SearchFromTo__mutmut_8(elements, key, froom, to):

    low = froom
    high = to

    while low <= high:
        mid = (low + high)//2
        midVal = None

        if midVal < key:
            low = mid + 1

        else:
            if midVal > key:
                high = mid - 1
            else:
                return mid
    return -(low + 1)

============================================================================ test session starts ============================================================================
platform linux -- Python 3.9.12, pytest-8.4.2, pluggy-1.6.0 -- /home/rts/anaconda3/envs/mutmut39/bin/python
cachedir: .pytest_cache
metadata: {'Python': '3.9.12', 'Platform': 'Linux-5.4.0-150-generic-x86_64-with-glibc2.27', 'Packages': {'pytest': '8.4.2', 'pluggy': '1.6.0'}, 'Plugins': {'metadata': '3.1.1', 'html': '4.1.1', 'check': '2.5.3', 'json-report': '1.5.0'}}
rootdir: /home/rts/下载/Python_src/mutants
configfile: pytest.ini
plugins: metadata-3.1.1, html-4.1.1, check-2.5.3, json-report-1.5.0
collecting ... collected 10 items                                                                                                                                                          

mutants/tests/bi_SearchFromToTest.py::test_bi_SearchFromTo_with_func[originalInput0-1.2-0-3] FAILED
mutants/tests/bi_SearchFromToTest.py::test_bi_SearchFromTo_with_func[originalInput1-2.0-0-4] FAILED
mutants/tests/bi_SearchFromToTest.py::test_bi_SearchFromTo_with_func[originalInput2-1.61-0-4] FAILED
mutants/tests/bi_SearchFromToTest.py::test_bi_SearchFromTo_with_func[originalInput3-0.0-0-3] FAILED
mutants/tests/bi_SearchFromToTest.py::test_bi_SearchFromTo_with_func[originalInput4-2.5-0-4] FAILED
mutants/tests/bi_SearchFromToTest.py::test_bi_SearchFromTo_with_func[originalInput5-1.2-0-2] FAILED
mutants/tests/bi_SearchFromToTest.py::test_bi_SearchFromTo_with_func[originalInput6-4.4-0-3] FAILED
mutants/tests/bi_SearchFromToTest.py::test_bi_SearchFromTo_with_func[originalInput7-1.2-0-3] FAILED
mutants/tests/bi_SearchFromToTest.py::test_bi_SearchFromTo_with_func[originalInput8-4.1-0-4] FAILED
mutants/tests/bi_SearchFromToTest.py::test_bi_SearchFromTo_with_func[originalInput9-1.5-0-5] FAILED

================================================================================= FAILURES ==================================================================================
__________________________________________________________ test_bi_SearchFromTo_with_func[originalInput0-1.2-0-3] ___________________________________________________________
mutants/tests/bi_SearchFromToTest.py:83: in test_bi_SearchFromTo_with_func
    originalResult = func(originalInput, key, from_idx, to_idx)
mutants/src/bi_SearchFromTo.py:186: in x_bi_SearchFromTo__mutmut_8
    if midVal < key:
E   TypeError: '<' not supported between instances of 'NoneType' and 'float'
__________________________________________________________ test_bi_SearchFromTo_with_func[originalInput1-2.0-0-4] ___________________________________________________________
mutants/tests/bi_SearchFromToTest.py:83: in test_bi_SearchFromTo_with_func
    originalResult = func(originalInput, key, from_idx, to_idx)
mutants/src/bi_SearchFromTo.py:186: in x_bi_SearchFromTo__mutmut_8
    if midVal < key:
E   TypeError: '<' not supported between instances of 'NoneType' and 'float'
__________________________________________________________ test_bi_SearchFromTo_with_func[originalInput2-1.61-0-4] __________________________________________________________
mutants/tests/bi_SearchFromToTest.py:83: in test_bi_SearchFromTo_with_func
    originalResult = func(originalInput, key, from_idx, to_idx)
mutants/src/bi_SearchFromTo.py:186: in x_bi_SearchFromTo__mutmut_8
    if midVal < key:
E   TypeError: '<' not supported between instances of 'NoneType' and 'float'
__________________________________________________________ test_bi_SearchFromTo_with_func[originalInput3-0.0-0-3] ___________________________________________________________
mutants/tests/bi_SearchFromToTest.py:83: in test_bi_SearchFromTo_with_func
    originalResult = func(originalInput, key, from_idx, to_idx)
mutants/src/bi_SearchFromTo.py:186: in x_bi_SearchFromTo__mutmut_8
    if midVal < key:
E   TypeError: '<' not supported between instances of 'NoneType' and 'float'
__________________________________________________________ test_bi_SearchFromTo_with_func[originalInput4-2.5-0-4] ___________________________________________________________
mutants/tests/bi_SearchFromToTest.py:83: in test_bi_SearchFromTo_with_func
    originalResult = func(originalInput, key, from_idx, to_idx)
mutants/src/bi_SearchFromTo.py:186: in x_bi_SearchFromTo__mutmut_8
    if midVal < key:
E   TypeError: '<' not supported between instances of 'NoneType' and 'float'
__________________________________________________________ test_bi_SearchFromTo_with_func[originalInput5-1.2-0-2] ___________________________________________________________
mutants/tests/bi_SearchFromToTest.py:83: in test_bi_SearchFromTo_with_func
    originalResult = func(originalInput, key, from_idx, to_idx)
mutants/src/bi_SearchFromTo.py:186: in x_bi_SearchFromTo__mutmut_8
    if midVal < key:
E   TypeError: '<' not supported between instances of 'NoneType' and 'float'
__________________________________________________________ test_bi_SearchFromTo_with_func[originalInput6-4.4-0-3] ___________________________________________________________
mutants/tests/bi_SearchFromToTest.py:83: in test_bi_SearchFromTo_with_func
    originalResult = func(originalInput, key, from_idx, to_idx)
mutants/src/bi_SearchFromTo.py:186: in x_bi_SearchFromTo__mutmut_8
    if midVal < key:
E   TypeError: '<' not supported between instances of 'NoneType' and 'float'
__________________________________________________________ test_bi_SearchFromTo_with_func[originalInput7-1.2-0-3] ___________________________________________________________
mutants/tests/bi_SearchFromToTest.py:83: in test_bi_SearchFromTo_with_func
    originalResult = func(originalInput, key, from_idx, to_idx)
mutants/src/bi_SearchFromTo.py:186: in x_bi_SearchFromTo__mutmut_8
    if midVal < key:
E   TypeError: '<' not supported between instances of 'NoneType' and 'float'
__________________________________________________________ test_bi_SearchFromTo_with_func[originalInput8-4.1-0-4] ___________________________________________________________
mutants/tests/bi_SearchFromToTest.py:83: in test_bi_SearchFromTo_with_func
    originalResult = func(originalInput, key, from_idx, to_idx)
mutants/src/bi_SearchFromTo.py:186: in x_bi_SearchFromTo__mutmut_8
    if midVal < key:
E   TypeError: '<' not supported between instances of 'NoneType' and 'float'
__________________________________________________________ test_bi_SearchFromTo_with_func[originalInput9-1.5-0-5] ___________________________________________________________
mutants/tests/bi_SearchFromToTest.py:83: in test_bi_SearchFromTo_with_func
    originalResult = func(originalInput, key, from_idx, to_idx)
mutants/src/bi_SearchFromTo.py:186: in x_bi_SearchFromTo__mutmut_8
    if midVal < key:
E   TypeError: '<' not supported between instances of 'NoneType' and 'float'
-------------------------------------------------------------------------------- JSON report --------------------------------------------------------------------------------
report saved to: pytest_mutationen_report.json
========================================================================== short test summary info ==========================================================================
FAILED mutants/tests/bi_SearchFromToTest.py::test_bi_SearchFromTo_with_func[originalInput0-1.2-0-3] - TypeError: '<' not supported between instances of 'NoneType' and 'float'
FAILED mutants/tests/bi_SearchFromToTest.py::test_bi_SearchFromTo_with_func[originalInput1-2.0-0-4] - TypeError: '<' not supported between instances of 'NoneType' and 'float'
FAILED mutants/tests/bi_SearchFromToTest.py::test_bi_SearchFromTo_with_func[originalInput2-1.61-0-4] - TypeError: '<' not supported between instances of 'NoneType' and 'float'
FAILED mutants/tests/bi_SearchFromToTest.py::test_bi_SearchFromTo_with_func[originalInput3-0.0-0-3] - TypeError: '<' not supported between instances of 'NoneType' and 'float'
FAILED mutants/tests/bi_SearchFromToTest.py::test_bi_SearchFromTo_with_func[originalInput4-2.5-0-4] - TypeError: '<' not supported between instances of 'NoneType' and 'float'
FAILED mutants/tests/bi_SearchFromToTest.py::test_bi_SearchFromTo_with_func[originalInput5-1.2-0-2] - TypeError: '<' not supported between instances of 'NoneType' and 'float'
FAILED mutants/tests/bi_SearchFromToTest.py::test_bi_SearchFromTo_with_func[originalInput6-4.4-0-3] - TypeError: '<' not supported between instances of 'NoneType' and 'float'
FAILED mutants/tests/bi_SearchFromToTest.py::test_bi_SearchFromTo_with_func[originalInput7-1.2-0-3] - TypeError: '<' not supported between instances of 'NoneType' and 'float'
FAILED mutants/tests/bi_SearchFromToTest.py::test_bi_SearchFromTo_with_func[originalInput8-4.1-0-4] - TypeError: '<' not supported between instances of 'NoneType' and 'float'
FAILED mutants/tests/bi_SearchFromToTest.py::test_bi_SearchFromTo_with_func[originalInput9-1.5-0-5] - TypeError: '<' not supported between instances of 'NoneType' and 'float'
============================================================================ 10 failed in 0.06s =============================================================================
❌ x_bi_SearchFromTo__mutmut_8 存在失败 (退出码 1)

================================================================================
RUNNING bi_SearchFromTo.py :: x_bi_SearchFromTo__mutmut_9  -  2025-10-16T19:36:29.870292
================================================================================

>>> 当前使用的函数: x_bi_SearchFromTo__mutmut_9
函数源码如下：
def x_bi_SearchFromTo__mutmut_9(elements, key, froom, to):

    low = froom
    high = to

    while low <= high:
        mid = (low + high)//2
        midVal = elements[mid]

        if midVal <= key:
            low = mid + 1

        else:
            if midVal > key:
                high = mid - 1
            else:
                return mid
    return -(low + 1)

============================================================================ test session starts ============================================================================
platform linux -- Python 3.9.12, pytest-8.4.2, pluggy-1.6.0 -- /home/rts/anaconda3/envs/mutmut39/bin/python
cachedir: .pytest_cache
metadata: {'Python': '3.9.12', 'Platform': 'Linux-5.4.0-150-generic-x86_64-with-glibc2.27', 'Packages': {'pytest': '8.4.2', 'pluggy': '1.6.0'}, 'Plugins': {'metadata': '3.1.1', 'html': '4.1.1', 'check': '2.5.3', 'json-report': '1.5.0'}}
rootdir: /home/rts/下载/Python_src/mutants
configfile: pytest.ini
plugins: metadata-3.1.1, html-4.1.1, check-2.5.3, json-report-1.5.0
collecting ... collected 10 items                                                                                                                                                          

mutants/tests/bi_SearchFromToTest.py::test_bi_SearchFromTo_with_func[originalInput0-1.2-0-3] 

FAILED
mutants/tests/bi_SearchFromToTest.py::test_bi_SearchFromTo_with_func[originalInput1-2.0-0-4] 

FAILED
mutants/tests/bi_SearchFromToTest.py::test_bi_SearchFromTo_with_func[originalInput2-1.61-0-4] 

FAILED
mutants/tests/bi_SearchFromToTest.py::test_bi_SearchFromTo_with_func[originalInput3-0.0-0-3] 

FAILED
mutants/tests/bi_SearchFromToTest.py::test_bi_SearchFromTo_with_func[originalInput4-2.5-0-4] 

FAILED
mutants/tests/bi_SearchFromToTest.py::test_bi_SearchFromTo_with_func[originalInput5-1.2-0-2] 

PASSED
mutants/tests/bi_SearchFromToTest.py::test_bi_SearchFromTo_with_func[originalInput6-4.4-0-3] 

PASSED
mutants/tests/bi_SearchFromToTest.py::test_bi_SearchFromTo_with_func[originalInput7-1.2-0-3] 

PASSED
mutants/tests/bi_SearchFromToTest.py::test_bi_SearchFromTo_with_func[originalInput8-4.1-0-4] 

FAILED
mutants/tests/bi_SearchFromToTest.py::test_bi_SearchFromTo_with_func[originalInput9-1.5-0-5] 

FAILED

================================================================================= FAILURES ==================================================================================
__________________________________________________________ test_bi_SearchFromTo_with_func[originalInput0-1.2-0-3] ___________________________________________________________

FAILURE: check bool(False): MR13 failed
mutants/tests/bi_SearchFromToTest.py:84 in test_bi_SearchFromTo_with_func() -> applyMR_Assert(originalInput, originalResult, key, from_idx, to_idx)
mutants/tests/bi_SearchFromToTest.py:60 in applyMR_Assert() -> check.is_true(originalResult >= transformResult13, "MR13 failed")

------------------------------------------------------------
Failed Checks: 1
__________________________________________________________ test_bi_SearchFromTo_with_func[originalInput1-2.0-0-4] ___________________________________________________________

FAILURE: check bool(False): MR10 failed
mutants/tests/bi_SearchFromToTest.py:84 in test_bi_SearchFromTo_with_func() -> applyMR_Assert(originalInput, originalResult, key, from_idx, to_idx)
mutants/tests/bi_SearchFromToTest.py:50 in applyMR_Assert() -> check.is_true(originalResult >= transformResult10, "MR10 failed")

FAILURE: check bool(False): MR13 failed
------------------------------------------------------------
Failed Checks: 2
__________________________________________________________ test_bi_SearchFromTo_with_func[originalInput2-1.61-0-4] __________________________________________________________

FAILURE: check bool(False): MR4 failed
mutants/tests/bi_SearchFromToTest.py:84 in test_bi_SearchFromTo_with_func() -> applyMR_Assert(originalInput, originalResult, key, from_idx, to_idx)
mutants/tests/bi_SearchFromToTest.py:30 in applyMR_Assert() -> check.is_true(originalResult >= transformResult4, "MR4 failed")

FAILURE: check bool(False): MR10 failed
FAILURE: check bool(False): MR13 failed
------------------------------------------------------------
Failed Checks: 3
__________________________________________________________ test_bi_SearchFromTo_with_func[originalInput3-0.0-0-3] ___________________________________________________________

FAILURE: check bool(False): MR10 failed
mutants/tests/bi_SearchFromToTest.py:84 in test_bi_SearchFromTo_with_func() -> applyMR_Assert(originalInput, originalResult, key, from_idx, to_idx)
mutants/tests/bi_SearchFromToTest.py:50 in applyMR_Assert() -> check.is_true(originalResult >= transformResult10, "MR10 failed")

FAILURE: check bool(False): MR13 failed
------------------------------------------------------------
Failed Checks: 2
__________________________________________________________ test_bi_SearchFromTo_with_func[originalInput4-2.5-0-4] ___________________________________________________________

FAILURE: check bool(False): MR10 failed
mutants/tests/bi_SearchFromToTest.py:84 in test_bi_SearchFromTo_with_func() -> applyMR_Assert(originalInput, originalResult, key, from_idx, to_idx)
mutants/tests/bi_SearchFromToTest.py:50 in applyMR_Assert() -> check.is_true(originalResult >= transformResult10, "MR10 failed")

FAILURE: check bool(False): MR13 failed
------------------------------------------------------------
Failed Checks: 2
__________________________________________________________ test_bi_SearchFromTo_with_func[originalInput8-4.1-0-4] ___________________________________________________________

FAILURE: check bool(False): MR10 failed
mutants/tests/bi_SearchFromToTest.py:84 in test_bi_SearchFromTo_with_func() -> applyMR_Assert(originalInput, originalResult, key, from_idx, to_idx)
mutants/tests/bi_SearchFromToTest.py:50 in applyMR_Assert() -> check.is_true(originalResult >= transformResult10, "MR10 failed")

FAILURE: check bool(False): MR13 failed
------------------------------------------------------------
Failed Checks: 2
__________________________________________________________ test_bi_SearchFromTo_with_func[originalInput9-1.5-0-5] ___________________________________________________________

FAILURE: check bool(False): MR10 failed
mutants/tests/bi_SearchFromToTest.py:84 in test_bi_SearchFromTo_with_func() -> applyMR_Assert(originalInput, originalResult, key, from_idx, to_idx)
mutants/tests/bi_SearchFromToTest.py:50 in applyMR_Assert() -> check.is_true(originalResult >= transformResult10, "MR10 failed")

FAILURE: check bool(False): MR13 failed
------------------------------------------------------------
Failed Checks: 2
-------------------------------------------------------------------------------- JSON report --------------------------------------------------------------------------------
report saved to: pytest_mutationen_report.json
========================================================================== short test summary info ==========================================================================
FAILED mutants/tests/bi_SearchFromToTest.py::test_bi_SearchFromTo_with_func[originalInput0-1.2-0-3] - check bool(False): MR13 failed
FAILED mutants/tests/bi_SearchFromToTest.py::test_bi_SearchFromTo_with_func[originalInput1-2.0-0-4] - check bool(False): MR10 failed
FAILED mutants/tests/bi_SearchFromToTest.py::test_bi_SearchFromTo_with_func[originalInput2-1.61-0-4] - check bool(False): MR4 failed
FAILED mutants/tests/bi_SearchFromToTest.py::test_bi_SearchFromTo_with_func[originalInput3-0.0-0-3] - check bool(False): MR10 failed
FAILED mutants/tests/bi_SearchFromToTest.py::test_bi_SearchFromTo_with_func[originalInput4-2.5-0-4] - check bool(False): MR10 failed
FAILED mutants/tests/bi_SearchFromToTest.py::test_bi_SearchFromTo_with_func[originalInput8-4.1-0-4] - check bool(False): MR10 failed
FAILED mutants/tests/bi_SearchFromToTest.py::test_bi_SearchFromTo_with_func[originalInput9-1.5-0-5] - check bool(False): MR10 failed
======================================================================== 7 failed, 3 passed in 0.02s ========================================================================
❌ x_bi_SearchFromTo__mutmut_9 存在失败 (退出码 1)

================================================================================
RUNNING bi_SearchFromTo.py :: x_bi_SearchFromTo__mutmut_orig  -  2025-10-16T19:36:29.933098
================================================================================

>>> 当前使用的函数: x_bi_SearchFromTo__mutmut_orig
函数源码如下：
def x_bi_SearchFromTo__mutmut_orig(elements, key, froom, to):

    low = froom
    high = to

    while low <= high:
        mid = (low + high)//2
        midVal = elements[mid]

        if midVal < key:
            low = mid + 1

        else:
            if midVal > key:
                high = mid - 1
            else:
                return mid
    return -(low + 1)

============================================================================ test session starts ============================================================================
platform linux -- Python 3.9.12, pytest-8.4.2, pluggy-1.6.0 -- /home/rts/anaconda3/envs/mutmut39/bin/python
cachedir: .pytest_cache
metadata: {'Python': '3.9.12', 'Platform': 'Linux-5.4.0-150-generic-x86_64-with-glibc2.27', 'Packages': {'pytest': '8.4.2', 'pluggy': '1.6.0'}, 'Plugins': {'metadata': '3.1.1', 'html': '4.1.1', 'check': '2.5.3', 'json-report': '1.5.0'}}
rootdir: /home/rts/下载/Python_src/mutants
configfile: pytest.ini
plugins: metadata-3.1.1, html-4.1.1, check-2.5.3, json-report-1.5.0
collecting ... collected 10 items                                                                                                                                                          

mutants/tests/bi_SearchFromToTest.py::test_bi_SearchFromTo_with_func[originalInput0-1.2-0-3] 

PASSED
mutants/tests/bi_SearchFromToTest.py::test_bi_SearchFromTo_with_func[originalInput1-2.0-0-4] 

PASSED
mutants/tests/bi_SearchFromToTest.py::test_bi_SearchFromTo_with_func[originalInput2-1.61-0-4] 

PASSED
mutants/tests/bi_SearchFromToTest.py::test_bi_SearchFromTo_with_func[originalInput3-0.0-0-3] 

PASSED
mutants/tests/bi_SearchFromToTest.py::test_bi_SearchFromTo_with_func[originalInput4-2.5-0-4] 

PASSED
mutants/tests/bi_SearchFromToTest.py::test_bi_SearchFromTo_with_func[originalInput5-1.2-0-2] 

PASSED
mutants/tests/bi_SearchFromToTest.py::test_bi_SearchFromTo_with_func[originalInput6-4.4-0-3] 

PASSED
mutants/tests/bi_SearchFromToTest.py::test_bi_SearchFromTo_with_func[originalInput7-1.2-0-3] 

PASSED
mutants/tests/bi_SearchFromToTest.py::test_bi_SearchFromTo_with_func[originalInput8-4.1-0-4] 

PASSED
mutants/tests/bi_SearchFromToTest.py::test_bi_SearchFromTo_with_func[originalInput9-1.5-0-5] 

PASSED

-------------------------------------------------------------------------------- JSON report --------------------------------------------------------------------------------
report saved to: pytest_mutationen_report.json
============================================================================ 10 passed in 0.01s =============================================================================
✅ x_bi_SearchFromTo__mutmut_orig 所有测试通过
