
=== Running tests for single mutant file: chiSquare.py ===

================================================================================
RUNNING chiSquare.py :: x_chiSquare__mutmut_1  -  2025-10-16T14:18:49.445299
================================================================================

>>> 当前使用的函数: x_chiSquare__mutmut_1
函数源码如下：
def x_chiSquare__mutmut_1(expected, observed):
    sumExpected = None
    sumObserved = 0

    for i in range(0, len(observed)):
        sumExpected += expected[i]
        sumObserved += observed[i]

    ratio = 1
    rescale = False

    if abs(sumExpected - sumObserved) > 10E-6:
        ratio = sumObserved / sumExpected
        rescale = True

    sumSq = 0

    for i in range(0, len(observed)):
        if rescale:
            dev = observed[i] - (ratio * expected[i])
            sumSq += (dev * dev) / (ratio * expected[i])
        else:
            dev = observed[i] - expected[i]
            sumSq += dev * dev / expected[i]

    return sumSq

FFFFFFFFFF
================================================= FAILURES ==================================================
_______________________ test_chiSquare_with_func[originalInput1_10-originalInput1_20] _______________________
mutants/tests/chiSquareTest.py:146: in test_chiSquare_with_func
    originalResult = func(originalInput1_1, originalInput1_2)
mutants/src/chiSquare.py:64: in x_chiSquare__mutmut_1
    sumExpected += expected[i]
E   TypeError: unsupported operand type(s) for +=: 'NoneType' and 'float'
_______________________ test_chiSquare_with_func[originalInput1_11-originalInput1_21] _______________________
mutants/tests/chiSquareTest.py:146: in test_chiSquare_with_func
    originalResult = func(originalInput1_1, originalInput1_2)
mutants/src/chiSquare.py:64: in x_chiSquare__mutmut_1
    sumExpected += expected[i]
E   TypeError: unsupported operand type(s) for +=: 'NoneType' and 'float'
_______________________ test_chiSquare_with_func[originalInput1_12-originalInput1_22] _______________________
mutants/tests/chiSquareTest.py:146: in test_chiSquare_with_func
    originalResult = func(originalInput1_1, originalInput1_2)
mutants/src/chiSquare.py:64: in x_chiSquare__mutmut_1
    sumExpected += expected[i]
E   TypeError: unsupported operand type(s) for +=: 'NoneType' and 'float'
_______________________ test_chiSquare_with_func[originalInput1_13-originalInput1_23] _______________________
mutants/tests/chiSquareTest.py:146: in test_chiSquare_with_func
    originalResult = func(originalInput1_1, originalInput1_2)
mutants/src/chiSquare.py:64: in x_chiSquare__mutmut_1
    sumExpected += expected[i]
E   TypeError: unsupported operand type(s) for +=: 'NoneType' and 'float'
_______________________ test_chiSquare_with_func[originalInput1_14-originalInput1_24] _______________________
mutants/tests/chiSquareTest.py:146: in test_chiSquare_with_func
    originalResult = func(originalInput1_1, originalInput1_2)
mutants/src/chiSquare.py:64: in x_chiSquare__mutmut_1
    sumExpected += expected[i]
E   TypeError: unsupported operand type(s) for +=: 'NoneType' and 'float'
_______________________ test_chiSquare_with_func[originalInput1_15-originalInput1_25] _______________________
mutants/tests/chiSquareTest.py:146: in test_chiSquare_with_func
    originalResult = func(originalInput1_1, originalInput1_2)
mutants/src/chiSquare.py:64: in x_chiSquare__mutmut_1
    sumExpected += expected[i]
E   TypeError: unsupported operand type(s) for +=: 'NoneType' and 'float'
_______________________ test_chiSquare_with_func[originalInput1_16-originalInput1_26] _______________________
mutants/tests/chiSquareTest.py:146: in test_chiSquare_with_func
    originalResult = func(originalInput1_1, originalInput1_2)
mutants/src/chiSquare.py:64: in x_chiSquare__mutmut_1
    sumExpected += expected[i]
E   TypeError: unsupported operand type(s) for +=: 'NoneType' and 'float'
_______________________ test_chiSquare_with_func[originalInput1_17-originalInput1_27] _______________________
mutants/tests/chiSquareTest.py:146: in test_chiSquare_with_func
    originalResult = func(originalInput1_1, originalInput1_2)
mutants/src/chiSquare.py:64: in x_chiSquare__mutmut_1
    sumExpected += expected[i]
E   TypeError: unsupported operand type(s) for +=: 'NoneType' and 'float'
_______________________ test_chiSquare_with_func[originalInput1_18-originalInput1_28] _______________________
mutants/tests/chiSquareTest.py:146: in test_chiSquare_with_func
    originalResult = func(originalInput1_1, originalInput1_2)
mutants/src/chiSquare.py:64: in x_chiSquare__mutmut_1
    sumExpected += expected[i]
E   TypeError: unsupported operand type(s) for +=: 'NoneType' and 'float'
_______________________ test_chiSquare_with_func[originalInput1_19-originalInput1_29] _______________________
mutants/tests/chiSquareTest.py:146: in test_chiSquare_with_func
    originalResult = func(originalInput1_1, originalInput1_2)
mutants/src/chiSquare.py:64: in x_chiSquare__mutmut_1
    sumExpected += expected[i]
E   TypeError: unsupported operand type(s) for +=: 'NoneType' and 'float'
============================================= warnings summary ==============================================
../../anaconda3/envs/mutmut39/lib/python3.9/site-packages/_pytest/config/__init__.py:1474
  /home/rts/anaconda3/envs/mutmut39/lib/python3.9/site-packages/_pytest/config/__init__.py:1474: PytestConfigWarning: Unknown config option: pytest -vv --tb
  
    self._warn_or_fail_if_strict(f"Unknown config option: {key}\n")

-- Docs: https://docs.pytest.org/en/stable/how-to/capture-warnings.html
========================================== short test summary info ==========================================
FAILED mutants/tests/chiSquareTest.py::test_chiSquare_with_func[originalInput1_10-originalInput1_20] - TypeError: unsupported operand type(s) for +=: 'NoneType' and 'float'
FAILED mutants/tests/chiSquareTest.py::test_chiSquare_with_func[originalInput1_11-originalInput1_21] - TypeError: unsupported operand type(s) for +=: 'NoneType' and 'float'
FAILED mutants/tests/chiSquareTest.py::test_chiSquare_with_func[originalInput1_12-originalInput1_22] - TypeError: unsupported operand type(s) for +=: 'NoneType' and 'float'
FAILED mutants/tests/chiSquareTest.py::test_chiSquare_with_func[originalInput1_13-originalInput1_23] - TypeError: unsupported operand type(s) for +=: 'NoneType' and 'float'
FAILED mutants/tests/chiSquareTest.py::test_chiSquare_with_func[originalInput1_14-originalInput1_24] - TypeError: unsupported operand type(s) for +=: 'NoneType' and 'float'
FAILED mutants/tests/chiSquareTest.py::test_chiSquare_with_func[originalInput1_15-originalInput1_25] - TypeError: unsupported operand type(s) for +=: 'NoneType' and 'float'
FAILED mutants/tests/chiSquareTest.py::test_chiSquare_with_func[originalInput1_16-originalInput1_26] - TypeError: unsupported operand type(s) for +=: 'NoneType' and 'float'
FAILED mutants/tests/chiSquareTest.py::test_chiSquare_with_func[originalInput1_17-originalInput1_27] - TypeError: unsupported operand type(s) for +=: 'NoneType' and 'float'
FAILED mutants/tests/chiSquareTest.py::test_chiSquare_with_func[originalInput1_18-originalInput1_28] - TypeError: unsupported operand type(s) for +=: 'NoneType' and 'float'
FAILED mutants/tests/chiSquareTest.py::test_chiSquare_with_func[originalInput1_19-originalInput1_29] - TypeError: unsupported operand type(s) for +=: 'NoneType' and 'float'
10 failed, 1 warning in 0.17s
❌ x_chiSquare__mutmut_1 存在失败 (退出码 1)

================================================================================
RUNNING chiSquare.py :: x_chiSquare__mutmut_10  -  2025-10-16T14:18:49.701588
================================================================================

>>> 当前使用的函数: x_chiSquare__mutmut_10
函数源码如下：
def x_chiSquare__mutmut_10(expected, observed):
    sumExpected = 0
    sumObserved = 0

    for i in range(0, len(observed)):
        sumExpected = expected[i]
        sumObserved += observed[i]

    ratio = 1
    rescale = False

    if abs(sumExpected - sumObserved) > 10E-6:
        ratio = sumObserved / sumExpected
        rescale = True

    sumSq = 0

    for i in range(0, len(observed)):
        if rescale:
            dev = observed[i] - (ratio * expected[i])
            sumSq += (dev * dev) / (ratio * expected[i])
        else:
            dev = observed[i] - expected[i]
            sumSq += dev * dev / expected[i]

    return sumSq

FFFFFFFFFF
================================================= FAILURES ==================================================
_______________________ test_chiSquare_with_func[originalInput1_10-originalInput1_20] _______________________
mutants/tests/chiSquareTest.py:147: in test_chiSquare_with_func
    applyMR_Assert(originalInput1_1, originalInput1_2, originalResult)
mutants/tests/chiSquareTest.py:25: in applyMR_Assert
    transformResult3_1 = func(transformInput3_1, transformInput3_2)
mutants/src/chiSquare.py:305: in x_chiSquare__mutmut_10
    ratio = sumObserved / sumExpected
E   ZeroDivisionError: float division by zero
_______________________ test_chiSquare_with_func[originalInput1_11-originalInput1_21] _______________________
mutants/tests/chiSquareTest.py:147: in test_chiSquare_with_func
    applyMR_Assert(originalInput1_1, originalInput1_2, originalResult)
mutants/tests/chiSquareTest.py:25: in applyMR_Assert
    transformResult3_1 = func(transformInput3_1, transformInput3_2)
mutants/src/chiSquare.py:305: in x_chiSquare__mutmut_10
    ratio = sumObserved / sumExpected
E   ZeroDivisionError: float division by zero
_______________________ test_chiSquare_with_func[originalInput1_12-originalInput1_22] _______________________
mutants/tests/chiSquareTest.py:147: in test_chiSquare_with_func
    applyMR_Assert(originalInput1_1, originalInput1_2, originalResult)
mutants/tests/chiSquareTest.py:25: in applyMR_Assert
    transformResult3_1 = func(transformInput3_1, transformInput3_2)
mutants/src/chiSquare.py:305: in x_chiSquare__mutmut_10
    ratio = sumObserved / sumExpected
E   ZeroDivisionError: float division by zero
_______________________ test_chiSquare_with_func[originalInput1_13-originalInput1_23] _______________________
mutants/tests/chiSquareTest.py:147: in test_chiSquare_with_func
    applyMR_Assert(originalInput1_1, originalInput1_2, originalResult)
mutants/tests/chiSquareTest.py:25: in applyMR_Assert
    transformResult3_1 = func(transformInput3_1, transformInput3_2)
mutants/src/chiSquare.py:305: in x_chiSquare__mutmut_10
    ratio = sumObserved / sumExpected
E   ZeroDivisionError: float division by zero
_______________________ test_chiSquare_with_func[originalInput1_14-originalInput1_24] _______________________
mutants/tests/chiSquareTest.py:147: in test_chiSquare_with_func
    applyMR_Assert(originalInput1_1, originalInput1_2, originalResult)
mutants/tests/chiSquareTest.py:25: in applyMR_Assert
    transformResult3_1 = func(transformInput3_1, transformInput3_2)
mutants/src/chiSquare.py:305: in x_chiSquare__mutmut_10
    ratio = sumObserved / sumExpected
E   ZeroDivisionError: float division by zero
_______________________ test_chiSquare_with_func[originalInput1_15-originalInput1_25] _______________________
mutants/tests/chiSquareTest.py:147: in test_chiSquare_with_func
    applyMR_Assert(originalInput1_1, originalInput1_2, originalResult)
mutants/tests/chiSquareTest.py:25: in applyMR_Assert
    transformResult3_1 = func(transformInput3_1, transformInput3_2)
mutants/src/chiSquare.py:305: in x_chiSquare__mutmut_10
    ratio = sumObserved / sumExpected
E   ZeroDivisionError: float division by zero
_______________________ test_chiSquare_with_func[originalInput1_16-originalInput1_26] _______________________
mutants/tests/chiSquareTest.py:147: in test_chiSquare_with_func
    applyMR_Assert(originalInput1_1, originalInput1_2, originalResult)
mutants/tests/chiSquareTest.py:25: in applyMR_Assert
    transformResult3_1 = func(transformInput3_1, transformInput3_2)
mutants/src/chiSquare.py:305: in x_chiSquare__mutmut_10
    ratio = sumObserved / sumExpected
E   ZeroDivisionError: float division by zero
_______________________ test_chiSquare_with_func[originalInput1_17-originalInput1_27] _______________________
mutants/tests/chiSquareTest.py:147: in test_chiSquare_with_func
    applyMR_Assert(originalInput1_1, originalInput1_2, originalResult)
mutants/tests/chiSquareTest.py:25: in applyMR_Assert
    transformResult3_1 = func(transformInput3_1, transformInput3_2)
mutants/src/chiSquare.py:305: in x_chiSquare__mutmut_10
    ratio = sumObserved / sumExpected
E   ZeroDivisionError: float division by zero
_______________________ test_chiSquare_with_func[originalInput1_18-originalInput1_28] _______________________
mutants/tests/chiSquareTest.py:147: in test_chiSquare_with_func
    applyMR_Assert(originalInput1_1, originalInput1_2, originalResult)
mutants/tests/chiSquareTest.py:25: in applyMR_Assert
    transformResult3_1 = func(transformInput3_1, transformInput3_2)
mutants/src/chiSquare.py:305: in x_chiSquare__mutmut_10
    ratio = sumObserved / sumExpected
E   ZeroDivisionError: float division by zero
_______________________ test_chiSquare_with_func[originalInput1_19-originalInput1_29] _______________________
mutants/tests/chiSquareTest.py:147: in test_chiSquare_with_func
    applyMR_Assert(originalInput1_1, originalInput1_2, originalResult)
mutants/tests/chiSquareTest.py:25: in applyMR_Assert
    transformResult3_1 = func(transformInput3_1, transformInput3_2)
mutants/src/chiSquare.py:305: in x_chiSquare__mutmut_10
    ratio = sumObserved / sumExpected
E   ZeroDivisionError: float division by zero
============================================= warnings summary ==============================================
../../anaconda3/envs/mutmut39/lib/python3.9/site-packages/_pytest/config/__init__.py:1474
  /home/rts/anaconda3/envs/mutmut39/lib/python3.9/site-packages/_pytest/config/__init__.py:1474: PytestConfigWarning: Unknown config option: pytest -vv --tb
  
    self._warn_or_fail_if_strict(f"Unknown config option: {key}\n")

-- Docs: https://docs.pytest.org/en/stable/how-to/capture-warnings.html
========================================== short test summary info ==========================================
FAILED mutants/tests/chiSquareTest.py::test_chiSquare_with_func[originalInput1_10-originalInput1_20] - ZeroDivisionError: float division by zero
FAILED mutants/tests/chiSquareTest.py::test_chiSquare_with_func[originalInput1_11-originalInput1_21] - ZeroDivisionError: float division by zero
FAILED mutants/tests/chiSquareTest.py::test_chiSquare_with_func[originalInput1_12-originalInput1_22] - ZeroDivisionError: float division by zero
FAILED mutants/tests/chiSquareTest.py::test_chiSquare_with_func[originalInput1_13-originalInput1_23] - ZeroDivisionError: float division by zero
FAILED mutants/tests/chiSquareTest.py::test_chiSquare_with_func[originalInput1_14-originalInput1_24] - ZeroDivisionError: float division by zero
FAILED mutants/tests/chiSquareTest.py::test_chiSquare_with_func[originalInput1_15-originalInput1_25] - ZeroDivisionError: float division by zero
FAILED mutants/tests/chiSquareTest.py::test_chiSquare_with_func[originalInput1_16-originalInput1_26] - ZeroDivisionError: float division by zero
FAILED mutants/tests/chiSquareTest.py::test_chiSquare_with_func[originalInput1_17-originalInput1_27] - ZeroDivisionError: float division by zero
FAILED mutants/tests/chiSquareTest.py::test_chiSquare_with_func[originalInput1_18-originalInput1_28] - ZeroDivisionError: float division by zero
FAILED mutants/tests/chiSquareTest.py::test_chiSquare_with_func[originalInput1_19-originalInput1_29] - ZeroDivisionError: float division by zero
10 failed, 1 warning in 0.14s
❌ x_chiSquare__mutmut_10 存在失败 (退出码 1)

================================================================================
RUNNING chiSquare.py :: x_chiSquare__mutmut_11  -  2025-10-16T14:18:49.880813
================================================================================

>>> 当前使用的函数: x_chiSquare__mutmut_11
函数源码如下：
def x_chiSquare__mutmut_11(expected, observed):
    sumExpected = 0
    sumObserved = 0

    for i in range(0, len(observed)):
        sumExpected -= expected[i]
        sumObserved += observed[i]

    ratio = 1
    rescale = False

    if abs(sumExpected - sumObserved) > 10E-6:
        ratio = sumObserved / sumExpected
        rescale = True

    sumSq = 0

    for i in range(0, len(observed)):
        if rescale:
            dev = observed[i] - (ratio * expected[i])
            sumSq += (dev * dev) / (ratio * expected[i])
        else:
            dev = observed[i] - expected[i]
            sumSq += dev * dev / expected[i]

    return sumSq

FFFFFFFFFF
================================================= FAILURES ==================================================
_______________________ test_chiSquare_with_func[originalInput1_10-originalInput1_20] _______________________
mutants/tests/chiSquareTest.py:147: in test_chiSquare_with_func
    applyMR_Assert(originalInput1_1, originalInput1_2, originalResult)
mutants/tests/chiSquareTest.py:25: in applyMR_Assert
    transformResult3_1 = func(transformInput3_1, transformInput3_2)
mutants/src/chiSquare.py:339: in x_chiSquare__mutmut_11
    sumSq += (dev * dev) / (ratio * expected[i])
E   ZeroDivisionError: float division by zero
_______________________ test_chiSquare_with_func[originalInput1_11-originalInput1_21] _______________________
mutants/tests/chiSquareTest.py:147: in test_chiSquare_with_func
    applyMR_Assert(originalInput1_1, originalInput1_2, originalResult)
mutants/tests/chiSquareTest.py:25: in applyMR_Assert
    transformResult3_1 = func(transformInput3_1, transformInput3_2)
mutants/src/chiSquare.py:339: in x_chiSquare__mutmut_11
    sumSq += (dev * dev) / (ratio * expected[i])
E   ZeroDivisionError: float division by zero
_______________________ test_chiSquare_with_func[originalInput1_12-originalInput1_22] _______________________
mutants/tests/chiSquareTest.py:147: in test_chiSquare_with_func
    applyMR_Assert(originalInput1_1, originalInput1_2, originalResult)
mutants/tests/chiSquareTest.py:25: in applyMR_Assert
    transformResult3_1 = func(transformInput3_1, transformInput3_2)
mutants/src/chiSquare.py:339: in x_chiSquare__mutmut_11
    sumSq += (dev * dev) / (ratio * expected[i])
E   ZeroDivisionError: float division by zero
_______________________ test_chiSquare_with_func[originalInput1_13-originalInput1_23] _______________________
mutants/tests/chiSquareTest.py:147: in test_chiSquare_with_func
    applyMR_Assert(originalInput1_1, originalInput1_2, originalResult)
mutants/tests/chiSquareTest.py:25: in applyMR_Assert
    transformResult3_1 = func(transformInput3_1, transformInput3_2)
mutants/src/chiSquare.py:339: in x_chiSquare__mutmut_11
    sumSq += (dev * dev) / (ratio * expected[i])
E   ZeroDivisionError: float division by zero
_______________________ test_chiSquare_with_func[originalInput1_14-originalInput1_24] _______________________
mutants/tests/chiSquareTest.py:147: in test_chiSquare_with_func
    applyMR_Assert(originalInput1_1, originalInput1_2, originalResult)
mutants/tests/chiSquareTest.py:25: in applyMR_Assert
    transformResult3_1 = func(transformInput3_1, transformInput3_2)
mutants/src/chiSquare.py:339: in x_chiSquare__mutmut_11
    sumSq += (dev * dev) / (ratio * expected[i])
E   ZeroDivisionError: float division by zero
_______________________ test_chiSquare_with_func[originalInput1_15-originalInput1_25] _______________________
mutants/tests/chiSquareTest.py:147: in test_chiSquare_with_func
    applyMR_Assert(originalInput1_1, originalInput1_2, originalResult)
mutants/tests/chiSquareTest.py:25: in applyMR_Assert
    transformResult3_1 = func(transformInput3_1, transformInput3_2)
mutants/src/chiSquare.py:339: in x_chiSquare__mutmut_11
    sumSq += (dev * dev) / (ratio * expected[i])
E   ZeroDivisionError: float division by zero
_______________________ test_chiSquare_with_func[originalInput1_16-originalInput1_26] _______________________
mutants/tests/chiSquareTest.py:147: in test_chiSquare_with_func
    applyMR_Assert(originalInput1_1, originalInput1_2, originalResult)
mutants/tests/chiSquareTest.py:25: in applyMR_Assert
    transformResult3_1 = func(transformInput3_1, transformInput3_2)
mutants/src/chiSquare.py:339: in x_chiSquare__mutmut_11
    sumSq += (dev * dev) / (ratio * expected[i])
E   ZeroDivisionError: float division by zero
_______________________ test_chiSquare_with_func[originalInput1_17-originalInput1_27] _______________________
mutants/tests/chiSquareTest.py:147: in test_chiSquare_with_func
    applyMR_Assert(originalInput1_1, originalInput1_2, originalResult)
mutants/tests/chiSquareTest.py:25: in applyMR_Assert
    transformResult3_1 = func(transformInput3_1, transformInput3_2)
mutants/src/chiSquare.py:339: in x_chiSquare__mutmut_11
    sumSq += (dev * dev) / (ratio * expected[i])
E   ZeroDivisionError: float division by zero
_______________________ test_chiSquare_with_func[originalInput1_18-originalInput1_28] _______________________
mutants/tests/chiSquareTest.py:147: in test_chiSquare_with_func
    applyMR_Assert(originalInput1_1, originalInput1_2, originalResult)
mutants/tests/chiSquareTest.py:25: in applyMR_Assert
    transformResult3_1 = func(transformInput3_1, transformInput3_2)
mutants/src/chiSquare.py:339: in x_chiSquare__mutmut_11
    sumSq += (dev * dev) / (ratio * expected[i])
E   ZeroDivisionError: float division by zero
_______________________ test_chiSquare_with_func[originalInput1_19-originalInput1_29] _______________________
mutants/tests/chiSquareTest.py:147: in test_chiSquare_with_func
    applyMR_Assert(originalInput1_1, originalInput1_2, originalResult)
mutants/tests/chiSquareTest.py:25: in applyMR_Assert
    transformResult3_1 = func(transformInput3_1, transformInput3_2)
mutants/src/chiSquare.py:339: in x_chiSquare__mutmut_11
    sumSq += (dev * dev) / (ratio * expected[i])
E   ZeroDivisionError: float division by zero
============================================= warnings summary ==============================================
../../anaconda3/envs/mutmut39/lib/python3.9/site-packages/_pytest/config/__init__.py:1474
  /home/rts/anaconda3/envs/mutmut39/lib/python3.9/site-packages/_pytest/config/__init__.py:1474: PytestConfigWarning: Unknown config option: pytest -vv --tb
  
    self._warn_or_fail_if_strict(f"Unknown config option: {key}\n")

-- Docs: https://docs.pytest.org/en/stable/how-to/capture-warnings.html
========================================== short test summary info ==========================================
FAILED mutants/tests/chiSquareTest.py::test_chiSquare_with_func[originalInput1_10-originalInput1_20] - ZeroDivisionError: float division by zero
FAILED mutants/tests/chiSquareTest.py::test_chiSquare_with_func[originalInput1_11-originalInput1_21] - ZeroDivisionError: float division by zero
FAILED mutants/tests/chiSquareTest.py::test_chiSquare_with_func[originalInput1_12-originalInput1_22] - ZeroDivisionError: float division by zero
FAILED mutants/tests/chiSquareTest.py::test_chiSquare_with_func[originalInput1_13-originalInput1_23] - ZeroDivisionError: float division by zero
FAILED mutants/tests/chiSquareTest.py::test_chiSquare_with_func[originalInput1_14-originalInput1_24] - ZeroDivisionError: float division by zero
FAILED mutants/tests/chiSquareTest.py::test_chiSquare_with_func[originalInput1_15-originalInput1_25] - ZeroDivisionError: float division by zero
FAILED mutants/tests/chiSquareTest.py::test_chiSquare_with_func[originalInput1_16-originalInput1_26] - ZeroDivisionError: float division by zero
FAILED mutants/tests/chiSquareTest.py::test_chiSquare_with_func[originalInput1_17-originalInput1_27] - ZeroDivisionError: float division by zero
FAILED mutants/tests/chiSquareTest.py::test_chiSquare_with_func[originalInput1_18-originalInput1_28] - ZeroDivisionError: float division by zero
FAILED mutants/tests/chiSquareTest.py::test_chiSquare_with_func[originalInput1_19-originalInput1_29] - ZeroDivisionError: float division by zero
10 failed, 1 warning in 0.14s
❌ x_chiSquare__mutmut_11 存在失败 (退出码 1)

================================================================================
RUNNING chiSquare.py :: x_chiSquare__mutmut_12  -  2025-10-16T14:18:50.059800
================================================================================

>>> 当前使用的函数: x_chiSquare__mutmut_12
函数源码如下：
def x_chiSquare__mutmut_12(expected, observed):
    sumExpected = 0
    sumObserved = 0

    for i in range(0, len(observed)):
        sumExpected += expected[i]
        sumObserved = observed[i]

    ratio = 1
    rescale = False

    if abs(sumExpected - sumObserved) > 10E-6:
        ratio = sumObserved / sumExpected
        rescale = True

    sumSq = 0

    for i in range(0, len(observed)):
        if rescale:
            dev = observed[i] - (ratio * expected[i])
            sumSq += (dev * dev) / (ratio * expected[i])
        else:
            dev = observed[i] - expected[i]
            sumSq += dev * dev / expected[i]

    return sumSq

FFFFFFFFFF
================================================= FAILURES ==================================================
_______________________ test_chiSquare_with_func[originalInput1_10-originalInput1_20] _______________________
mutants/tests/chiSquareTest.py:147: in test_chiSquare_with_func
    applyMR_Assert(originalInput1_1, originalInput1_2, originalResult)
mutants/tests/chiSquareTest.py:25: in applyMR_Assert
    transformResult3_1 = func(transformInput3_1, transformInput3_2)
mutants/src/chiSquare.py:365: in x_chiSquare__mutmut_12
    sumSq += (dev * dev) / (ratio * expected[i])
E   ZeroDivisionError: float division by zero
_______________________ test_chiSquare_with_func[originalInput1_11-originalInput1_21] _______________________
mutants/tests/chiSquareTest.py:147: in test_chiSquare_with_func
    applyMR_Assert(originalInput1_1, originalInput1_2, originalResult)
mutants/tests/chiSquareTest.py:25: in applyMR_Assert
    transformResult3_1 = func(transformInput3_1, transformInput3_2)
mutants/src/chiSquare.py:365: in x_chiSquare__mutmut_12
    sumSq += (dev * dev) / (ratio * expected[i])
E   ZeroDivisionError: float division by zero
_______________________ test_chiSquare_with_func[originalInput1_12-originalInput1_22] _______________________
mutants/tests/chiSquareTest.py:147: in test_chiSquare_with_func
    applyMR_Assert(originalInput1_1, originalInput1_2, originalResult)
mutants/tests/chiSquareTest.py:25: in applyMR_Assert
    transformResult3_1 = func(transformInput3_1, transformInput3_2)
mutants/src/chiSquare.py:365: in x_chiSquare__mutmut_12
    sumSq += (dev * dev) / (ratio * expected[i])
E   ZeroDivisionError: float division by zero
_______________________ test_chiSquare_with_func[originalInput1_13-originalInput1_23] _______________________
mutants/tests/chiSquareTest.py:147: in test_chiSquare_with_func
    applyMR_Assert(originalInput1_1, originalInput1_2, originalResult)
mutants/tests/chiSquareTest.py:25: in applyMR_Assert
    transformResult3_1 = func(transformInput3_1, transformInput3_2)
mutants/src/chiSquare.py:365: in x_chiSquare__mutmut_12
    sumSq += (dev * dev) / (ratio * expected[i])
E   ZeroDivisionError: float division by zero
_______________________ test_chiSquare_with_func[originalInput1_14-originalInput1_24] _______________________
mutants/tests/chiSquareTest.py:147: in test_chiSquare_with_func
    applyMR_Assert(originalInput1_1, originalInput1_2, originalResult)
mutants/tests/chiSquareTest.py:25: in applyMR_Assert
    transformResult3_1 = func(transformInput3_1, transformInput3_2)
mutants/src/chiSquare.py:365: in x_chiSquare__mutmut_12
    sumSq += (dev * dev) / (ratio * expected[i])
E   ZeroDivisionError: float division by zero
_______________________ test_chiSquare_with_func[originalInput1_15-originalInput1_25] _______________________
mutants/tests/chiSquareTest.py:147: in test_chiSquare_with_func
    applyMR_Assert(originalInput1_1, originalInput1_2, originalResult)
mutants/tests/chiSquareTest.py:25: in applyMR_Assert
    transformResult3_1 = func(transformInput3_1, transformInput3_2)
mutants/src/chiSquare.py:365: in x_chiSquare__mutmut_12
    sumSq += (dev * dev) / (ratio * expected[i])
E   ZeroDivisionError: float division by zero
_______________________ test_chiSquare_with_func[originalInput1_16-originalInput1_26] _______________________
mutants/tests/chiSquareTest.py:147: in test_chiSquare_with_func
    applyMR_Assert(originalInput1_1, originalInput1_2, originalResult)
mutants/tests/chiSquareTest.py:25: in applyMR_Assert
    transformResult3_1 = func(transformInput3_1, transformInput3_2)
mutants/src/chiSquare.py:365: in x_chiSquare__mutmut_12
    sumSq += (dev * dev) / (ratio * expected[i])
E   ZeroDivisionError: float division by zero
_______________________ test_chiSquare_with_func[originalInput1_17-originalInput1_27] _______________________
mutants/tests/chiSquareTest.py:147: in test_chiSquare_with_func
    applyMR_Assert(originalInput1_1, originalInput1_2, originalResult)
mutants/tests/chiSquareTest.py:25: in applyMR_Assert
    transformResult3_1 = func(transformInput3_1, transformInput3_2)
mutants/src/chiSquare.py:365: in x_chiSquare__mutmut_12
    sumSq += (dev * dev) / (ratio * expected[i])
E   ZeroDivisionError: float division by zero
_______________________ test_chiSquare_with_func[originalInput1_18-originalInput1_28] _______________________
mutants/tests/chiSquareTest.py:147: in test_chiSquare_with_func
    applyMR_Assert(originalInput1_1, originalInput1_2, originalResult)
mutants/tests/chiSquareTest.py:25: in applyMR_Assert
    transformResult3_1 = func(transformInput3_1, transformInput3_2)
mutants/src/chiSquare.py:365: in x_chiSquare__mutmut_12
    sumSq += (dev * dev) / (ratio * expected[i])
E   ZeroDivisionError: float division by zero
_______________________ test_chiSquare_with_func[originalInput1_19-originalInput1_29] _______________________
mutants/tests/chiSquareTest.py:147: in test_chiSquare_with_func
    applyMR_Assert(originalInput1_1, originalInput1_2, originalResult)
mutants/tests/chiSquareTest.py:25: in applyMR_Assert
    transformResult3_1 = func(transformInput3_1, transformInput3_2)
mutants/src/chiSquare.py:365: in x_chiSquare__mutmut_12
    sumSq += (dev * dev) / (ratio * expected[i])
E   ZeroDivisionError: float division by zero
============================================= warnings summary ==============================================
../../anaconda3/envs/mutmut39/lib/python3.9/site-packages/_pytest/config/__init__.py:1474
  /home/rts/anaconda3/envs/mutmut39/lib/python3.9/site-packages/_pytest/config/__init__.py:1474: PytestConfigWarning: Unknown config option: pytest -vv --tb
  
    self._warn_or_fail_if_strict(f"Unknown config option: {key}\n")

-- Docs: https://docs.pytest.org/en/stable/how-to/capture-warnings.html
========================================== short test summary info ==========================================
FAILED mutants/tests/chiSquareTest.py::test_chiSquare_with_func[originalInput1_10-originalInput1_20] - ZeroDivisionError: float division by zero
FAILED mutants/tests/chiSquareTest.py::test_chiSquare_with_func[originalInput1_11-originalInput1_21] - ZeroDivisionError: float division by zero
FAILED mutants/tests/chiSquareTest.py::test_chiSquare_with_func[originalInput1_12-originalInput1_22] - ZeroDivisionError: float division by zero
FAILED mutants/tests/chiSquareTest.py::test_chiSquare_with_func[originalInput1_13-originalInput1_23] - ZeroDivisionError: float division by zero
FAILED mutants/tests/chiSquareTest.py::test_chiSquare_with_func[originalInput1_14-originalInput1_24] - ZeroDivisionError: float division by zero
FAILED mutants/tests/chiSquareTest.py::test_chiSquare_with_func[originalInput1_15-originalInput1_25] - ZeroDivisionError: float division by zero
FAILED mutants/tests/chiSquareTest.py::test_chiSquare_with_func[originalInput1_16-originalInput1_26] - ZeroDivisionError: float division by zero
FAILED mutants/tests/chiSquareTest.py::test_chiSquare_with_func[originalInput1_17-originalInput1_27] - ZeroDivisionError: float division by zero
FAILED mutants/tests/chiSquareTest.py::test_chiSquare_with_func[originalInput1_18-originalInput1_28] - ZeroDivisionError: float division by zero
FAILED mutants/tests/chiSquareTest.py::test_chiSquare_with_func[originalInput1_19-originalInput1_29] - ZeroDivisionError: float division by zero
10 failed, 1 warning in 0.14s
❌ x_chiSquare__mutmut_12 存在失败 (退出码 1)

================================================================================
RUNNING chiSquare.py :: x_chiSquare__mutmut_13  -  2025-10-16T14:18:50.243708
================================================================================

>>> 当前使用的函数: x_chiSquare__mutmut_13
函数源码如下：
def x_chiSquare__mutmut_13(expected, observed):
    sumExpected = 0
    sumObserved = 0

    for i in range(0, len(observed)):
        sumExpected += expected[i]
        sumObserved -= observed[i]

    ratio = 1
    rescale = False

    if abs(sumExpected - sumObserved) > 10E-6:
        ratio = sumObserved / sumExpected
        rescale = True

    sumSq = 0

    for i in range(0, len(observed)):
        if rescale:
            dev = observed[i] - (ratio * expected[i])
            sumSq += (dev * dev) / (ratio * expected[i])
        else:
            dev = observed[i] - expected[i]
            sumSq += dev * dev / expected[i]

    return sumSq

FFFFFFFFFF
================================================= FAILURES ==================================================
_______________________ test_chiSquare_with_func[originalInput1_10-originalInput1_20] _______________________
mutants/tests/chiSquareTest.py:147: in test_chiSquare_with_func
    applyMR_Assert(originalInput1_1, originalInput1_2, originalResult)
mutants/tests/chiSquareTest.py:25: in applyMR_Assert
    transformResult3_1 = func(transformInput3_1, transformInput3_2)
mutants/src/chiSquare.py:391: in x_chiSquare__mutmut_13
    sumSq += (dev * dev) / (ratio * expected[i])
E   ZeroDivisionError: float division by zero
_______________________ test_chiSquare_with_func[originalInput1_11-originalInput1_21] _______________________
mutants/tests/chiSquareTest.py:147: in test_chiSquare_with_func
    applyMR_Assert(originalInput1_1, originalInput1_2, originalResult)
mutants/tests/chiSquareTest.py:25: in applyMR_Assert
    transformResult3_1 = func(transformInput3_1, transformInput3_2)
mutants/src/chiSquare.py:391: in x_chiSquare__mutmut_13
    sumSq += (dev * dev) / (ratio * expected[i])
E   ZeroDivisionError: float division by zero
_______________________ test_chiSquare_with_func[originalInput1_12-originalInput1_22] _______________________
mutants/tests/chiSquareTest.py:147: in test_chiSquare_with_func
    applyMR_Assert(originalInput1_1, originalInput1_2, originalResult)
mutants/tests/chiSquareTest.py:25: in applyMR_Assert
    transformResult3_1 = func(transformInput3_1, transformInput3_2)
mutants/src/chiSquare.py:391: in x_chiSquare__mutmut_13
    sumSq += (dev * dev) / (ratio * expected[i])
E   ZeroDivisionError: float division by zero
_______________________ test_chiSquare_with_func[originalInput1_13-originalInput1_23] _______________________
mutants/tests/chiSquareTest.py:147: in test_chiSquare_with_func
    applyMR_Assert(originalInput1_1, originalInput1_2, originalResult)
mutants/tests/chiSquareTest.py:25: in applyMR_Assert
    transformResult3_1 = func(transformInput3_1, transformInput3_2)
mutants/src/chiSquare.py:391: in x_chiSquare__mutmut_13
    sumSq += (dev * dev) / (ratio * expected[i])
E   ZeroDivisionError: float division by zero
_______________________ test_chiSquare_with_func[originalInput1_14-originalInput1_24] _______________________
mutants/tests/chiSquareTest.py:147: in test_chiSquare_with_func
    applyMR_Assert(originalInput1_1, originalInput1_2, originalResult)
mutants/tests/chiSquareTest.py:25: in applyMR_Assert
    transformResult3_1 = func(transformInput3_1, transformInput3_2)
mutants/src/chiSquare.py:391: in x_chiSquare__mutmut_13
    sumSq += (dev * dev) / (ratio * expected[i])
E   ZeroDivisionError: float division by zero
_______________________ test_chiSquare_with_func[originalInput1_15-originalInput1_25] _______________________
mutants/tests/chiSquareTest.py:147: in test_chiSquare_with_func
    applyMR_Assert(originalInput1_1, originalInput1_2, originalResult)
mutants/tests/chiSquareTest.py:25: in applyMR_Assert
    transformResult3_1 = func(transformInput3_1, transformInput3_2)
mutants/src/chiSquare.py:391: in x_chiSquare__mutmut_13
    sumSq += (dev * dev) / (ratio * expected[i])
E   ZeroDivisionError: float division by zero
_______________________ test_chiSquare_with_func[originalInput1_16-originalInput1_26] _______________________
mutants/tests/chiSquareTest.py:147: in test_chiSquare_with_func
    applyMR_Assert(originalInput1_1, originalInput1_2, originalResult)
mutants/tests/chiSquareTest.py:25: in applyMR_Assert
    transformResult3_1 = func(transformInput3_1, transformInput3_2)
mutants/src/chiSquare.py:391: in x_chiSquare__mutmut_13
    sumSq += (dev * dev) / (ratio * expected[i])
E   ZeroDivisionError: float division by zero
_______________________ test_chiSquare_with_func[originalInput1_17-originalInput1_27] _______________________
mutants/tests/chiSquareTest.py:147: in test_chiSquare_with_func
    applyMR_Assert(originalInput1_1, originalInput1_2, originalResult)
mutants/tests/chiSquareTest.py:25: in applyMR_Assert
    transformResult3_1 = func(transformInput3_1, transformInput3_2)
mutants/src/chiSquare.py:391: in x_chiSquare__mutmut_13
    sumSq += (dev * dev) / (ratio * expected[i])
E   ZeroDivisionError: float division by zero
_______________________ test_chiSquare_with_func[originalInput1_18-originalInput1_28] _______________________
mutants/tests/chiSquareTest.py:147: in test_chiSquare_with_func
    applyMR_Assert(originalInput1_1, originalInput1_2, originalResult)
mutants/tests/chiSquareTest.py:25: in applyMR_Assert
    transformResult3_1 = func(transformInput3_1, transformInput3_2)
mutants/src/chiSquare.py:391: in x_chiSquare__mutmut_13
    sumSq += (dev * dev) / (ratio * expected[i])
E   ZeroDivisionError: float division by zero
_______________________ test_chiSquare_with_func[originalInput1_19-originalInput1_29] _______________________
mutants/tests/chiSquareTest.py:147: in test_chiSquare_with_func
    applyMR_Assert(originalInput1_1, originalInput1_2, originalResult)
mutants/tests/chiSquareTest.py:25: in applyMR_Assert
    transformResult3_1 = func(transformInput3_1, transformInput3_2)
mutants/src/chiSquare.py:391: in x_chiSquare__mutmut_13
    sumSq += (dev * dev) / (ratio * expected[i])
E   ZeroDivisionError: float division by zero
============================================= warnings summary ==============================================
../../anaconda3/envs/mutmut39/lib/python3.9/site-packages/_pytest/config/__init__.py:1474
  /home/rts/anaconda3/envs/mutmut39/lib/python3.9/site-packages/_pytest/config/__init__.py:1474: PytestConfigWarning: Unknown config option: pytest -vv --tb
  
    self._warn_or_fail_if_strict(f"Unknown config option: {key}\n")

-- Docs: https://docs.pytest.org/en/stable/how-to/capture-warnings.html
========================================== short test summary info ==========================================
FAILED mutants/tests/chiSquareTest.py::test_chiSquare_with_func[originalInput1_10-originalInput1_20] - ZeroDivisionError: float division by zero
FAILED mutants/tests/chiSquareTest.py::test_chiSquare_with_func[originalInput1_11-originalInput1_21] - ZeroDivisionError: float division by zero
FAILED mutants/tests/chiSquareTest.py::test_chiSquare_with_func[originalInput1_12-originalInput1_22] - ZeroDivisionError: float division by zero
FAILED mutants/tests/chiSquareTest.py::test_chiSquare_with_func[originalInput1_13-originalInput1_23] - ZeroDivisionError: float division by zero
FAILED mutants/tests/chiSquareTest.py::test_chiSquare_with_func[originalInput1_14-originalInput1_24] - ZeroDivisionError: float division by zero
FAILED mutants/tests/chiSquareTest.py::test_chiSquare_with_func[originalInput1_15-originalInput1_25] - ZeroDivisionError: float division by zero
FAILED mutants/tests/chiSquareTest.py::test_chiSquare_with_func[originalInput1_16-originalInput1_26] - ZeroDivisionError: float division by zero
FAILED mutants/tests/chiSquareTest.py::test_chiSquare_with_func[originalInput1_17-originalInput1_27] - ZeroDivisionError: float division by zero
FAILED mutants/tests/chiSquareTest.py::test_chiSquare_with_func[originalInput1_18-originalInput1_28] - ZeroDivisionError: float division by zero
FAILED mutants/tests/chiSquareTest.py::test_chiSquare_with_func[originalInput1_19-originalInput1_29] - ZeroDivisionError: float division by zero
10 failed, 1 warning in 0.14s
❌ x_chiSquare__mutmut_13 存在失败 (退出码 1)

================================================================================
RUNNING chiSquare.py :: x_chiSquare__mutmut_14  -  2025-10-16T14:18:50.426973
================================================================================

>>> 当前使用的函数: x_chiSquare__mutmut_14
函数源码如下：
def x_chiSquare__mutmut_14(expected, observed):
    sumExpected = 0
    sumObserved = 0

    for i in range(0, len(observed)):
        sumExpected += expected[i]
        sumObserved += observed[i]

    ratio = None
    rescale = False

    if abs(sumExpected - sumObserved) > 10E-6:
        ratio = sumObserved / sumExpected
        rescale = True

    sumSq = 0

    for i in range(0, len(observed)):
        if rescale:
            dev = observed[i] - (ratio * expected[i])
            sumSq += (dev * dev) / (ratio * expected[i])
        else:
            dev = observed[i] - expected[i]
            sumSq += dev * dev / expected[i]

    return sumSq

FFFFFFFFFF
================================================= FAILURES ==================================================
_______________________ test_chiSquare_with_func[originalInput1_10-originalInput1_20] _______________________
mutants/tests/chiSquareTest.py:147: in test_chiSquare_with_func
    applyMR_Assert(originalInput1_1, originalInput1_2, originalResult)
mutants/tests/chiSquareTest.py:25: in applyMR_Assert
    transformResult3_1 = func(transformInput3_1, transformInput3_2)
mutants/src/chiSquare.py:420: in x_chiSquare__mutmut_14
    sumSq += dev * dev / expected[i]
E   ZeroDivisionError: float division by zero
_______________________ test_chiSquare_with_func[originalInput1_11-originalInput1_21] _______________________
mutants/tests/chiSquareTest.py:147: in test_chiSquare_with_func
    applyMR_Assert(originalInput1_1, originalInput1_2, originalResult)
mutants/tests/chiSquareTest.py:25: in applyMR_Assert
    transformResult3_1 = func(transformInput3_1, transformInput3_2)
mutants/src/chiSquare.py:420: in x_chiSquare__mutmut_14
    sumSq += dev * dev / expected[i]
E   ZeroDivisionError: float division by zero
_______________________ test_chiSquare_with_func[originalInput1_12-originalInput1_22] _______________________
mutants/tests/chiSquareTest.py:147: in test_chiSquare_with_func
    applyMR_Assert(originalInput1_1, originalInput1_2, originalResult)
mutants/tests/chiSquareTest.py:25: in applyMR_Assert
    transformResult3_1 = func(transformInput3_1, transformInput3_2)
mutants/src/chiSquare.py:417: in x_chiSquare__mutmut_14
    sumSq += (dev * dev) / (ratio * expected[i])
E   ZeroDivisionError: float division by zero
_______________________ test_chiSquare_with_func[originalInput1_13-originalInput1_23] _______________________
mutants/tests/chiSquareTest.py:147: in test_chiSquare_with_func
    applyMR_Assert(originalInput1_1, originalInput1_2, originalResult)
mutants/tests/chiSquareTest.py:25: in applyMR_Assert
    transformResult3_1 = func(transformInput3_1, transformInput3_2)
mutants/src/chiSquare.py:417: in x_chiSquare__mutmut_14
    sumSq += (dev * dev) / (ratio * expected[i])
E   ZeroDivisionError: float division by zero
_______________________ test_chiSquare_with_func[originalInput1_14-originalInput1_24] _______________________
mutants/tests/chiSquareTest.py:147: in test_chiSquare_with_func
    applyMR_Assert(originalInput1_1, originalInput1_2, originalResult)
mutants/tests/chiSquareTest.py:25: in applyMR_Assert
    transformResult3_1 = func(transformInput3_1, transformInput3_2)
mutants/src/chiSquare.py:417: in x_chiSquare__mutmut_14
    sumSq += (dev * dev) / (ratio * expected[i])
E   ZeroDivisionError: float division by zero
_______________________ test_chiSquare_with_func[originalInput1_15-originalInput1_25] _______________________
mutants/tests/chiSquareTest.py:147: in test_chiSquare_with_func
    applyMR_Assert(originalInput1_1, originalInput1_2, originalResult)
mutants/tests/chiSquareTest.py:25: in applyMR_Assert
    transformResult3_1 = func(transformInput3_1, transformInput3_2)
mutants/src/chiSquare.py:417: in x_chiSquare__mutmut_14
    sumSq += (dev * dev) / (ratio * expected[i])
E   ZeroDivisionError: float division by zero
_______________________ test_chiSquare_with_func[originalInput1_16-originalInput1_26] _______________________
mutants/tests/chiSquareTest.py:147: in test_chiSquare_with_func
    applyMR_Assert(originalInput1_1, originalInput1_2, originalResult)
mutants/tests/chiSquareTest.py:25: in applyMR_Assert
    transformResult3_1 = func(transformInput3_1, transformInput3_2)
mutants/src/chiSquare.py:417: in x_chiSquare__mutmut_14
    sumSq += (dev * dev) / (ratio * expected[i])
E   ZeroDivisionError: float division by zero
_______________________ test_chiSquare_with_func[originalInput1_17-originalInput1_27] _______________________
mutants/tests/chiSquareTest.py:147: in test_chiSquare_with_func
    applyMR_Assert(originalInput1_1, originalInput1_2, originalResult)
mutants/tests/chiSquareTest.py:25: in applyMR_Assert
    transformResult3_1 = func(transformInput3_1, transformInput3_2)
mutants/src/chiSquare.py:417: in x_chiSquare__mutmut_14
    sumSq += (dev * dev) / (ratio * expected[i])
E   ZeroDivisionError: float division by zero
_______________________ test_chiSquare_with_func[originalInput1_18-originalInput1_28] _______________________
mutants/tests/chiSquareTest.py:147: in test_chiSquare_with_func
    applyMR_Assert(originalInput1_1, originalInput1_2, originalResult)
mutants/tests/chiSquareTest.py:25: in applyMR_Assert
    transformResult3_1 = func(transformInput3_1, transformInput3_2)
mutants/src/chiSquare.py:417: in x_chiSquare__mutmut_14
    sumSq += (dev * dev) / (ratio * expected[i])
E   ZeroDivisionError: float division by zero
_______________________ test_chiSquare_with_func[originalInput1_19-originalInput1_29] _______________________
mutants/tests/chiSquareTest.py:147: in test_chiSquare_with_func
    applyMR_Assert(originalInput1_1, originalInput1_2, originalResult)
mutants/tests/chiSquareTest.py:25: in applyMR_Assert
    transformResult3_1 = func(transformInput3_1, transformInput3_2)
mutants/src/chiSquare.py:417: in x_chiSquare__mutmut_14
    sumSq += (dev * dev) / (ratio * expected[i])
E   ZeroDivisionError: float division by zero
============================================= warnings summary ==============================================
../../anaconda3/envs/mutmut39/lib/python3.9/site-packages/_pytest/config/__init__.py:1474
  /home/rts/anaconda3/envs/mutmut39/lib/python3.9/site-packages/_pytest/config/__init__.py:1474: PytestConfigWarning: Unknown config option: pytest -vv --tb
  
    self._warn_or_fail_if_strict(f"Unknown config option: {key}\n")

-- Docs: https://docs.pytest.org/en/stable/how-to/capture-warnings.html
========================================== short test summary info ==========================================
FAILED mutants/tests/chiSquareTest.py::test_chiSquare_with_func[originalInput1_10-originalInput1_20] - ZeroDivisionError: float division by zero
FAILED mutants/tests/chiSquareTest.py::test_chiSquare_with_func[originalInput1_11-originalInput1_21] - ZeroDivisionError: float division by zero
FAILED mutants/tests/chiSquareTest.py::test_chiSquare_with_func[originalInput1_12-originalInput1_22] - ZeroDivisionError: float division by zero
FAILED mutants/tests/chiSquareTest.py::test_chiSquare_with_func[originalInput1_13-originalInput1_23] - ZeroDivisionError: float division by zero
FAILED mutants/tests/chiSquareTest.py::test_chiSquare_with_func[originalInput1_14-originalInput1_24] - ZeroDivisionError: float division by zero
FAILED mutants/tests/chiSquareTest.py::test_chiSquare_with_func[originalInput1_15-originalInput1_25] - ZeroDivisionError: float division by zero
FAILED mutants/tests/chiSquareTest.py::test_chiSquare_with_func[originalInput1_16-originalInput1_26] - ZeroDivisionError: float division by zero
FAILED mutants/tests/chiSquareTest.py::test_chiSquare_with_func[originalInput1_17-originalInput1_27] - ZeroDivisionError: float division by zero
FAILED mutants/tests/chiSquareTest.py::test_chiSquare_with_func[originalInput1_18-originalInput1_28] - ZeroDivisionError: float division by zero
FAILED mutants/tests/chiSquareTest.py::test_chiSquare_with_func[originalInput1_19-originalInput1_29] - ZeroDivisionError: float division by zero
10 failed, 1 warning in 0.14s
❌ x_chiSquare__mutmut_14 存在失败 (退出码 1)

================================================================================
RUNNING chiSquare.py :: x_chiSquare__mutmut_15  -  2025-10-16T14:18:50.607632
================================================================================

>>> 当前使用的函数: x_chiSquare__mutmut_15
函数源码如下：
def x_chiSquare__mutmut_15(expected, observed):
    sumExpected = 0
    sumObserved = 0

    for i in range(0, len(observed)):
        sumExpected += expected[i]
        sumObserved += observed[i]

    ratio = 2
    rescale = False

    if abs(sumExpected - sumObserved) > 10E-6:
        ratio = sumObserved / sumExpected
        rescale = True

    sumSq = 0

    for i in range(0, len(observed)):
        if rescale:
            dev = observed[i] - (ratio * expected[i])
            sumSq += (dev * dev) / (ratio * expected[i])
        else:
            dev = observed[i] - expected[i]
            sumSq += dev * dev / expected[i]

    return sumSq

FFFFFFFFFF
================================================= FAILURES ==================================================
_______________________ test_chiSquare_with_func[originalInput1_10-originalInput1_20] _______________________
mutants/tests/chiSquareTest.py:147: in test_chiSquare_with_func
    applyMR_Assert(originalInput1_1, originalInput1_2, originalResult)
mutants/tests/chiSquareTest.py:25: in applyMR_Assert
    transformResult3_1 = func(transformInput3_1, transformInput3_2)
mutants/src/chiSquare.py:446: in x_chiSquare__mutmut_15
    sumSq += dev * dev / expected[i]
E   ZeroDivisionError: float division by zero
_______________________ test_chiSquare_with_func[originalInput1_11-originalInput1_21] _______________________
mutants/tests/chiSquareTest.py:147: in test_chiSquare_with_func
    applyMR_Assert(originalInput1_1, originalInput1_2, originalResult)
mutants/tests/chiSquareTest.py:25: in applyMR_Assert
    transformResult3_1 = func(transformInput3_1, transformInput3_2)
mutants/src/chiSquare.py:446: in x_chiSquare__mutmut_15
    sumSq += dev * dev / expected[i]
E   ZeroDivisionError: float division by zero
_______________________ test_chiSquare_with_func[originalInput1_12-originalInput1_22] _______________________
mutants/tests/chiSquareTest.py:147: in test_chiSquare_with_func
    applyMR_Assert(originalInput1_1, originalInput1_2, originalResult)
mutants/tests/chiSquareTest.py:25: in applyMR_Assert
    transformResult3_1 = func(transformInput3_1, transformInput3_2)
mutants/src/chiSquare.py:443: in x_chiSquare__mutmut_15
    sumSq += (dev * dev) / (ratio * expected[i])
E   ZeroDivisionError: float division by zero
_______________________ test_chiSquare_with_func[originalInput1_13-originalInput1_23] _______________________
mutants/tests/chiSquareTest.py:147: in test_chiSquare_with_func
    applyMR_Assert(originalInput1_1, originalInput1_2, originalResult)
mutants/tests/chiSquareTest.py:25: in applyMR_Assert
    transformResult3_1 = func(transformInput3_1, transformInput3_2)
mutants/src/chiSquare.py:443: in x_chiSquare__mutmut_15
    sumSq += (dev * dev) / (ratio * expected[i])
E   ZeroDivisionError: float division by zero
_______________________ test_chiSquare_with_func[originalInput1_14-originalInput1_24] _______________________
mutants/tests/chiSquareTest.py:147: in test_chiSquare_with_func
    applyMR_Assert(originalInput1_1, originalInput1_2, originalResult)
mutants/tests/chiSquareTest.py:25: in applyMR_Assert
    transformResult3_1 = func(transformInput3_1, transformInput3_2)
mutants/src/chiSquare.py:443: in x_chiSquare__mutmut_15
    sumSq += (dev * dev) / (ratio * expected[i])
E   ZeroDivisionError: float division by zero
_______________________ test_chiSquare_with_func[originalInput1_15-originalInput1_25] _______________________
mutants/tests/chiSquareTest.py:147: in test_chiSquare_with_func
    applyMR_Assert(originalInput1_1, originalInput1_2, originalResult)
mutants/tests/chiSquareTest.py:25: in applyMR_Assert
    transformResult3_1 = func(transformInput3_1, transformInput3_2)
mutants/src/chiSquare.py:443: in x_chiSquare__mutmut_15
    sumSq += (dev * dev) / (ratio * expected[i])
E   ZeroDivisionError: float division by zero
_______________________ test_chiSquare_with_func[originalInput1_16-originalInput1_26] _______________________
mutants/tests/chiSquareTest.py:147: in test_chiSquare_with_func
    applyMR_Assert(originalInput1_1, originalInput1_2, originalResult)
mutants/tests/chiSquareTest.py:25: in applyMR_Assert
    transformResult3_1 = func(transformInput3_1, transformInput3_2)
mutants/src/chiSquare.py:443: in x_chiSquare__mutmut_15
    sumSq += (dev * dev) / (ratio * expected[i])
E   ZeroDivisionError: float division by zero
_______________________ test_chiSquare_with_func[originalInput1_17-originalInput1_27] _______________________
mutants/tests/chiSquareTest.py:147: in test_chiSquare_with_func
    applyMR_Assert(originalInput1_1, originalInput1_2, originalResult)
mutants/tests/chiSquareTest.py:25: in applyMR_Assert
    transformResult3_1 = func(transformInput3_1, transformInput3_2)
mutants/src/chiSquare.py:443: in x_chiSquare__mutmut_15
    sumSq += (dev * dev) / (ratio * expected[i])
E   ZeroDivisionError: float division by zero
_______________________ test_chiSquare_with_func[originalInput1_18-originalInput1_28] _______________________
mutants/tests/chiSquareTest.py:147: in test_chiSquare_with_func
    applyMR_Assert(originalInput1_1, originalInput1_2, originalResult)
mutants/tests/chiSquareTest.py:25: in applyMR_Assert
    transformResult3_1 = func(transformInput3_1, transformInput3_2)
mutants/src/chiSquare.py:443: in x_chiSquare__mutmut_15
    sumSq += (dev * dev) / (ratio * expected[i])
E   ZeroDivisionError: float division by zero
_______________________ test_chiSquare_with_func[originalInput1_19-originalInput1_29] _______________________
mutants/tests/chiSquareTest.py:147: in test_chiSquare_with_func
    applyMR_Assert(originalInput1_1, originalInput1_2, originalResult)
mutants/tests/chiSquareTest.py:25: in applyMR_Assert
    transformResult3_1 = func(transformInput3_1, transformInput3_2)
mutants/src/chiSquare.py:443: in x_chiSquare__mutmut_15
    sumSq += (dev * dev) / (ratio * expected[i])
E   ZeroDivisionError: float division by zero
============================================= warnings summary ==============================================
../../anaconda3/envs/mutmut39/lib/python3.9/site-packages/_pytest/config/__init__.py:1474
  /home/rts/anaconda3/envs/mutmut39/lib/python3.9/site-packages/_pytest/config/__init__.py:1474: PytestConfigWarning: Unknown config option: pytest -vv --tb
  
    self._warn_or_fail_if_strict(f"Unknown config option: {key}\n")

-- Docs: https://docs.pytest.org/en/stable/how-to/capture-warnings.html
========================================== short test summary info ==========================================
FAILED mutants/tests/chiSquareTest.py::test_chiSquare_with_func[originalInput1_10-originalInput1_20] - ZeroDivisionError: float division by zero
FAILED mutants/tests/chiSquareTest.py::test_chiSquare_with_func[originalInput1_11-originalInput1_21] - ZeroDivisionError: float division by zero
FAILED mutants/tests/chiSquareTest.py::test_chiSquare_with_func[originalInput1_12-originalInput1_22] - ZeroDivisionError: float division by zero
FAILED mutants/tests/chiSquareTest.py::test_chiSquare_with_func[originalInput1_13-originalInput1_23] - ZeroDivisionError: float division by zero
FAILED mutants/tests/chiSquareTest.py::test_chiSquare_with_func[originalInput1_14-originalInput1_24] - ZeroDivisionError: float division by zero
FAILED mutants/tests/chiSquareTest.py::test_chiSquare_with_func[originalInput1_15-originalInput1_25] - ZeroDivisionError: float division by zero
FAILED mutants/tests/chiSquareTest.py::test_chiSquare_with_func[originalInput1_16-originalInput1_26] - ZeroDivisionError: float division by zero
FAILED mutants/tests/chiSquareTest.py::test_chiSquare_with_func[originalInput1_17-originalInput1_27] - ZeroDivisionError: float division by zero
FAILED mutants/tests/chiSquareTest.py::test_chiSquare_with_func[originalInput1_18-originalInput1_28] - ZeroDivisionError: float division by zero
FAILED mutants/tests/chiSquareTest.py::test_chiSquare_with_func[originalInput1_19-originalInput1_29] - ZeroDivisionError: float division by zero
10 failed, 1 warning in 0.14s
❌ x_chiSquare__mutmut_15 存在失败 (退出码 1)

================================================================================
RUNNING chiSquare.py :: x_chiSquare__mutmut_16  -  2025-10-16T14:18:50.789178
================================================================================

>>> 当前使用的函数: x_chiSquare__mutmut_16
函数源码如下：
def x_chiSquare__mutmut_16(expected, observed):
    sumExpected = 0
    sumObserved = 0

    for i in range(0, len(observed)):
        sumExpected += expected[i]
        sumObserved += observed[i]

    ratio = 1
    rescale = None

    if abs(sumExpected - sumObserved) > 10E-6:
        ratio = sumObserved / sumExpected
        rescale = True

    sumSq = 0

    for i in range(0, len(observed)):
        if rescale:
            dev = observed[i] - (ratio * expected[i])
            sumSq += (dev * dev) / (ratio * expected[i])
        else:
            dev = observed[i] - expected[i]
            sumSq += dev * dev / expected[i]

    return sumSq

FFFFFFFFFF
================================================= FAILURES ==================================================
_______________________ test_chiSquare_with_func[originalInput1_10-originalInput1_20] _______________________
mutants/tests/chiSquareTest.py:147: in test_chiSquare_with_func
    applyMR_Assert(originalInput1_1, originalInput1_2, originalResult)
mutants/tests/chiSquareTest.py:25: in applyMR_Assert
    transformResult3_1 = func(transformInput3_1, transformInput3_2)
mutants/src/chiSquare.py:472: in x_chiSquare__mutmut_16
    sumSq += dev * dev / expected[i]
E   ZeroDivisionError: float division by zero
_______________________ test_chiSquare_with_func[originalInput1_11-originalInput1_21] _______________________
mutants/tests/chiSquareTest.py:147: in test_chiSquare_with_func
    applyMR_Assert(originalInput1_1, originalInput1_2, originalResult)
mutants/tests/chiSquareTest.py:25: in applyMR_Assert
    transformResult3_1 = func(transformInput3_1, transformInput3_2)
mutants/src/chiSquare.py:472: in x_chiSquare__mutmut_16
    sumSq += dev * dev / expected[i]
E   ZeroDivisionError: float division by zero
_______________________ test_chiSquare_with_func[originalInput1_12-originalInput1_22] _______________________
mutants/tests/chiSquareTest.py:147: in test_chiSquare_with_func
    applyMR_Assert(originalInput1_1, originalInput1_2, originalResult)
mutants/tests/chiSquareTest.py:25: in applyMR_Assert
    transformResult3_1 = func(transformInput3_1, transformInput3_2)
mutants/src/chiSquare.py:469: in x_chiSquare__mutmut_16
    sumSq += (dev * dev) / (ratio * expected[i])
E   ZeroDivisionError: float division by zero
_______________________ test_chiSquare_with_func[originalInput1_13-originalInput1_23] _______________________
mutants/tests/chiSquareTest.py:147: in test_chiSquare_with_func
    applyMR_Assert(originalInput1_1, originalInput1_2, originalResult)
mutants/tests/chiSquareTest.py:25: in applyMR_Assert
    transformResult3_1 = func(transformInput3_1, transformInput3_2)
mutants/src/chiSquare.py:469: in x_chiSquare__mutmut_16
    sumSq += (dev * dev) / (ratio * expected[i])
E   ZeroDivisionError: float division by zero
_______________________ test_chiSquare_with_func[originalInput1_14-originalInput1_24] _______________________
mutants/tests/chiSquareTest.py:147: in test_chiSquare_with_func
    applyMR_Assert(originalInput1_1, originalInput1_2, originalResult)
mutants/tests/chiSquareTest.py:25: in applyMR_Assert
    transformResult3_1 = func(transformInput3_1, transformInput3_2)
mutants/src/chiSquare.py:469: in x_chiSquare__mutmut_16
    sumSq += (dev * dev) / (ratio * expected[i])
E   ZeroDivisionError: float division by zero
_______________________ test_chiSquare_with_func[originalInput1_15-originalInput1_25] _______________________
mutants/tests/chiSquareTest.py:147: in test_chiSquare_with_func
    applyMR_Assert(originalInput1_1, originalInput1_2, originalResult)
mutants/tests/chiSquareTest.py:25: in applyMR_Assert
    transformResult3_1 = func(transformInput3_1, transformInput3_2)
mutants/src/chiSquare.py:469: in x_chiSquare__mutmut_16
    sumSq += (dev * dev) / (ratio * expected[i])
E   ZeroDivisionError: float division by zero
_______________________ test_chiSquare_with_func[originalInput1_16-originalInput1_26] _______________________
mutants/tests/chiSquareTest.py:147: in test_chiSquare_with_func
    applyMR_Assert(originalInput1_1, originalInput1_2, originalResult)
mutants/tests/chiSquareTest.py:25: in applyMR_Assert
    transformResult3_1 = func(transformInput3_1, transformInput3_2)
mutants/src/chiSquare.py:469: in x_chiSquare__mutmut_16
    sumSq += (dev * dev) / (ratio * expected[i])
E   ZeroDivisionError: float division by zero
_______________________ test_chiSquare_with_func[originalInput1_17-originalInput1_27] _______________________
mutants/tests/chiSquareTest.py:147: in test_chiSquare_with_func
    applyMR_Assert(originalInput1_1, originalInput1_2, originalResult)
mutants/tests/chiSquareTest.py:25: in applyMR_Assert
    transformResult3_1 = func(transformInput3_1, transformInput3_2)
mutants/src/chiSquare.py:469: in x_chiSquare__mutmut_16
    sumSq += (dev * dev) / (ratio * expected[i])
E   ZeroDivisionError: float division by zero
_______________________ test_chiSquare_with_func[originalInput1_18-originalInput1_28] _______________________
mutants/tests/chiSquareTest.py:147: in test_chiSquare_with_func
    applyMR_Assert(originalInput1_1, originalInput1_2, originalResult)
mutants/tests/chiSquareTest.py:25: in applyMR_Assert
    transformResult3_1 = func(transformInput3_1, transformInput3_2)
mutants/src/chiSquare.py:469: in x_chiSquare__mutmut_16
    sumSq += (dev * dev) / (ratio * expected[i])
E   ZeroDivisionError: float division by zero
_______________________ test_chiSquare_with_func[originalInput1_19-originalInput1_29] _______________________
mutants/tests/chiSquareTest.py:147: in test_chiSquare_with_func
    applyMR_Assert(originalInput1_1, originalInput1_2, originalResult)
mutants/tests/chiSquareTest.py:25: in applyMR_Assert
    transformResult3_1 = func(transformInput3_1, transformInput3_2)
mutants/src/chiSquare.py:469: in x_chiSquare__mutmut_16
    sumSq += (dev * dev) / (ratio * expected[i])
E   ZeroDivisionError: float division by zero
============================================= warnings summary ==============================================
../../anaconda3/envs/mutmut39/lib/python3.9/site-packages/_pytest/config/__init__.py:1474
  /home/rts/anaconda3/envs/mutmut39/lib/python3.9/site-packages/_pytest/config/__init__.py:1474: PytestConfigWarning: Unknown config option: pytest -vv --tb
  
    self._warn_or_fail_if_strict(f"Unknown config option: {key}\n")

-- Docs: https://docs.pytest.org/en/stable/how-to/capture-warnings.html
========================================== short test summary info ==========================================
FAILED mutants/tests/chiSquareTest.py::test_chiSquare_with_func[originalInput1_10-originalInput1_20] - ZeroDivisionError: float division by zero
FAILED mutants/tests/chiSquareTest.py::test_chiSquare_with_func[originalInput1_11-originalInput1_21] - ZeroDivisionError: float division by zero
FAILED mutants/tests/chiSquareTest.py::test_chiSquare_with_func[originalInput1_12-originalInput1_22] - ZeroDivisionError: float division by zero
FAILED mutants/tests/chiSquareTest.py::test_chiSquare_with_func[originalInput1_13-originalInput1_23] - ZeroDivisionError: float division by zero
FAILED mutants/tests/chiSquareTest.py::test_chiSquare_with_func[originalInput1_14-originalInput1_24] - ZeroDivisionError: float division by zero
FAILED mutants/tests/chiSquareTest.py::test_chiSquare_with_func[originalInput1_15-originalInput1_25] - ZeroDivisionError: float division by zero
FAILED mutants/tests/chiSquareTest.py::test_chiSquare_with_func[originalInput1_16-originalInput1_26] - ZeroDivisionError: float division by zero
FAILED mutants/tests/chiSquareTest.py::test_chiSquare_with_func[originalInput1_17-originalInput1_27] - ZeroDivisionError: float division by zero
FAILED mutants/tests/chiSquareTest.py::test_chiSquare_with_func[originalInput1_18-originalInput1_28] - ZeroDivisionError: float division by zero
FAILED mutants/tests/chiSquareTest.py::test_chiSquare_with_func[originalInput1_19-originalInput1_29] - ZeroDivisionError: float division by zero
10 failed, 1 warning in 0.14s
❌ x_chiSquare__mutmut_16 存在失败 (退出码 1)

================================================================================
RUNNING chiSquare.py :: x_chiSquare__mutmut_17  -  2025-10-16T14:18:50.971731
================================================================================

>>> 当前使用的函数: x_chiSquare__mutmut_17
函数源码如下：
def x_chiSquare__mutmut_17(expected, observed):
    sumExpected = 0
    sumObserved = 0

    for i in range(0, len(observed)):
        sumExpected += expected[i]
        sumObserved += observed[i]

    ratio = 1
    rescale = True

    if abs(sumExpected - sumObserved) > 10E-6:
        ratio = sumObserved / sumExpected
        rescale = True

    sumSq = 0

    for i in range(0, len(observed)):
        if rescale:
            dev = observed[i] - (ratio * expected[i])
            sumSq += (dev * dev) / (ratio * expected[i])
        else:
            dev = observed[i] - expected[i]
            sumSq += dev * dev / expected[i]

    return sumSq

FFFFFFFFFF
================================================= FAILURES ==================================================
_______________________ test_chiSquare_with_func[originalInput1_10-originalInput1_20] _______________________
mutants/tests/chiSquareTest.py:147: in test_chiSquare_with_func
    applyMR_Assert(originalInput1_1, originalInput1_2, originalResult)
mutants/tests/chiSquareTest.py:25: in applyMR_Assert
    transformResult3_1 = func(transformInput3_1, transformInput3_2)
mutants/src/chiSquare.py:495: in x_chiSquare__mutmut_17
    sumSq += (dev * dev) / (ratio * expected[i])
E   ZeroDivisionError: float division by zero
_______________________ test_chiSquare_with_func[originalInput1_11-originalInput1_21] _______________________
mutants/tests/chiSquareTest.py:147: in test_chiSquare_with_func
    applyMR_Assert(originalInput1_1, originalInput1_2, originalResult)
mutants/tests/chiSquareTest.py:25: in applyMR_Assert
    transformResult3_1 = func(transformInput3_1, transformInput3_2)
mutants/src/chiSquare.py:495: in x_chiSquare__mutmut_17
    sumSq += (dev * dev) / (ratio * expected[i])
E   ZeroDivisionError: float division by zero
_______________________ test_chiSquare_with_func[originalInput1_12-originalInput1_22] _______________________
mutants/tests/chiSquareTest.py:147: in test_chiSquare_with_func
    applyMR_Assert(originalInput1_1, originalInput1_2, originalResult)
mutants/tests/chiSquareTest.py:25: in applyMR_Assert
    transformResult3_1 = func(transformInput3_1, transformInput3_2)
mutants/src/chiSquare.py:495: in x_chiSquare__mutmut_17
    sumSq += (dev * dev) / (ratio * expected[i])
E   ZeroDivisionError: float division by zero
_______________________ test_chiSquare_with_func[originalInput1_13-originalInput1_23] _______________________
mutants/tests/chiSquareTest.py:147: in test_chiSquare_with_func
    applyMR_Assert(originalInput1_1, originalInput1_2, originalResult)
mutants/tests/chiSquareTest.py:25: in applyMR_Assert
    transformResult3_1 = func(transformInput3_1, transformInput3_2)
mutants/src/chiSquare.py:495: in x_chiSquare__mutmut_17
    sumSq += (dev * dev) / (ratio * expected[i])
E   ZeroDivisionError: float division by zero
_______________________ test_chiSquare_with_func[originalInput1_14-originalInput1_24] _______________________
mutants/tests/chiSquareTest.py:147: in test_chiSquare_with_func
    applyMR_Assert(originalInput1_1, originalInput1_2, originalResult)
mutants/tests/chiSquareTest.py:25: in applyMR_Assert
    transformResult3_1 = func(transformInput3_1, transformInput3_2)
mutants/src/chiSquare.py:495: in x_chiSquare__mutmut_17
    sumSq += (dev * dev) / (ratio * expected[i])
E   ZeroDivisionError: float division by zero
_______________________ test_chiSquare_with_func[originalInput1_15-originalInput1_25] _______________________
mutants/tests/chiSquareTest.py:147: in test_chiSquare_with_func
    applyMR_Assert(originalInput1_1, originalInput1_2, originalResult)
mutants/tests/chiSquareTest.py:25: in applyMR_Assert
    transformResult3_1 = func(transformInput3_1, transformInput3_2)
mutants/src/chiSquare.py:495: in x_chiSquare__mutmut_17
    sumSq += (dev * dev) / (ratio * expected[i])
E   ZeroDivisionError: float division by zero
_______________________ test_chiSquare_with_func[originalInput1_16-originalInput1_26] _______________________
mutants/tests/chiSquareTest.py:147: in test_chiSquare_with_func
    applyMR_Assert(originalInput1_1, originalInput1_2, originalResult)
mutants/tests/chiSquareTest.py:25: in applyMR_Assert
    transformResult3_1 = func(transformInput3_1, transformInput3_2)
mutants/src/chiSquare.py:495: in x_chiSquare__mutmut_17
    sumSq += (dev * dev) / (ratio * expected[i])
E   ZeroDivisionError: float division by zero
_______________________ test_chiSquare_with_func[originalInput1_17-originalInput1_27] _______________________
mutants/tests/chiSquareTest.py:147: in test_chiSquare_with_func
    applyMR_Assert(originalInput1_1, originalInput1_2, originalResult)
mutants/tests/chiSquareTest.py:25: in applyMR_Assert
    transformResult3_1 = func(transformInput3_1, transformInput3_2)
mutants/src/chiSquare.py:495: in x_chiSquare__mutmut_17
    sumSq += (dev * dev) / (ratio * expected[i])
E   ZeroDivisionError: float division by zero
_______________________ test_chiSquare_with_func[originalInput1_18-originalInput1_28] _______________________
mutants/tests/chiSquareTest.py:147: in test_chiSquare_with_func
    applyMR_Assert(originalInput1_1, originalInput1_2, originalResult)
mutants/tests/chiSquareTest.py:25: in applyMR_Assert
    transformResult3_1 = func(transformInput3_1, transformInput3_2)
mutants/src/chiSquare.py:495: in x_chiSquare__mutmut_17
    sumSq += (dev * dev) / (ratio * expected[i])
E   ZeroDivisionError: float division by zero
_______________________ test_chiSquare_with_func[originalInput1_19-originalInput1_29] _______________________
mutants/tests/chiSquareTest.py:147: in test_chiSquare_with_func
    applyMR_Assert(originalInput1_1, originalInput1_2, originalResult)
mutants/tests/chiSquareTest.py:25: in applyMR_Assert
    transformResult3_1 = func(transformInput3_1, transformInput3_2)
mutants/src/chiSquare.py:495: in x_chiSquare__mutmut_17
    sumSq += (dev * dev) / (ratio * expected[i])
E   ZeroDivisionError: float division by zero
============================================= warnings summary ==============================================
../../anaconda3/envs/mutmut39/lib/python3.9/site-packages/_pytest/config/__init__.py:1474
  /home/rts/anaconda3/envs/mutmut39/lib/python3.9/site-packages/_pytest/config/__init__.py:1474: PytestConfigWarning: Unknown config option: pytest -vv --tb
  
    self._warn_or_fail_if_strict(f"Unknown config option: {key}\n")

-- Docs: https://docs.pytest.org/en/stable/how-to/capture-warnings.html
========================================== short test summary info ==========================================
FAILED mutants/tests/chiSquareTest.py::test_chiSquare_with_func[originalInput1_10-originalInput1_20] - ZeroDivisionError: float division by zero
FAILED mutants/tests/chiSquareTest.py::test_chiSquare_with_func[originalInput1_11-originalInput1_21] - ZeroDivisionError: float division by zero
FAILED mutants/tests/chiSquareTest.py::test_chiSquare_with_func[originalInput1_12-originalInput1_22] - ZeroDivisionError: float division by zero
FAILED mutants/tests/chiSquareTest.py::test_chiSquare_with_func[originalInput1_13-originalInput1_23] - ZeroDivisionError: float division by zero
FAILED mutants/tests/chiSquareTest.py::test_chiSquare_with_func[originalInput1_14-originalInput1_24] - ZeroDivisionError: float division by zero
FAILED mutants/tests/chiSquareTest.py::test_chiSquare_with_func[originalInput1_15-originalInput1_25] - ZeroDivisionError: float division by zero
FAILED mutants/tests/chiSquareTest.py::test_chiSquare_with_func[originalInput1_16-originalInput1_26] - ZeroDivisionError: float division by zero
FAILED mutants/tests/chiSquareTest.py::test_chiSquare_with_func[originalInput1_17-originalInput1_27] - ZeroDivisionError: float division by zero
FAILED mutants/tests/chiSquareTest.py::test_chiSquare_with_func[originalInput1_18-originalInput1_28] - ZeroDivisionError: float division by zero
FAILED mutants/tests/chiSquareTest.py::test_chiSquare_with_func[originalInput1_19-originalInput1_29] - ZeroDivisionError: float division by zero
10 failed, 1 warning in 0.14s
❌ x_chiSquare__mutmut_17 存在失败 (退出码 1)

================================================================================
RUNNING chiSquare.py :: x_chiSquare__mutmut_18  -  2025-10-16T14:18:51.152465
================================================================================

>>> 当前使用的函数: x_chiSquare__mutmut_18
函数源码如下：
def x_chiSquare__mutmut_18(expected, observed):
    sumExpected = 0
    sumObserved = 0

    for i in range(0, len(observed)):
        sumExpected += expected[i]
        sumObserved += observed[i]

    ratio = 1
    rescale = False

    if abs(None) > 10E-6:
        ratio = sumObserved / sumExpected
        rescale = True

    sumSq = 0

    for i in range(0, len(observed)):
        if rescale:
            dev = observed[i] - (ratio * expected[i])
            sumSq += (dev * dev) / (ratio * expected[i])
        else:
            dev = observed[i] - expected[i]
            sumSq += dev * dev / expected[i]

    return sumSq

FFFFFFFFFF
================================================= FAILURES ==================================================
_______________________ test_chiSquare_with_func[originalInput1_10-originalInput1_20] _______________________
mutants/tests/chiSquareTest.py:146: in test_chiSquare_with_func
    originalResult = func(originalInput1_1, originalInput1_2)
mutants/src/chiSquare.py:512: in x_chiSquare__mutmut_18
    if abs(None) > 10E-6:
E   TypeError: bad operand type for abs(): 'NoneType'
_______________________ test_chiSquare_with_func[originalInput1_11-originalInput1_21] _______________________
mutants/tests/chiSquareTest.py:146: in test_chiSquare_with_func
    originalResult = func(originalInput1_1, originalInput1_2)
mutants/src/chiSquare.py:512: in x_chiSquare__mutmut_18
    if abs(None) > 10E-6:
E   TypeError: bad operand type for abs(): 'NoneType'
_______________________ test_chiSquare_with_func[originalInput1_12-originalInput1_22] _______________________
mutants/tests/chiSquareTest.py:146: in test_chiSquare_with_func
    originalResult = func(originalInput1_1, originalInput1_2)
mutants/src/chiSquare.py:512: in x_chiSquare__mutmut_18
    if abs(None) > 10E-6:
E   TypeError: bad operand type for abs(): 'NoneType'
_______________________ test_chiSquare_with_func[originalInput1_13-originalInput1_23] _______________________
mutants/tests/chiSquareTest.py:146: in test_chiSquare_with_func
    originalResult = func(originalInput1_1, originalInput1_2)
mutants/src/chiSquare.py:512: in x_chiSquare__mutmut_18
    if abs(None) > 10E-6:
E   TypeError: bad operand type for abs(): 'NoneType'
_______________________ test_chiSquare_with_func[originalInput1_14-originalInput1_24] _______________________
mutants/tests/chiSquareTest.py:146: in test_chiSquare_with_func
    originalResult = func(originalInput1_1, originalInput1_2)
mutants/src/chiSquare.py:512: in x_chiSquare__mutmut_18
    if abs(None) > 10E-6:
E   TypeError: bad operand type for abs(): 'NoneType'
_______________________ test_chiSquare_with_func[originalInput1_15-originalInput1_25] _______________________
mutants/tests/chiSquareTest.py:146: in test_chiSquare_with_func
    originalResult = func(originalInput1_1, originalInput1_2)
mutants/src/chiSquare.py:512: in x_chiSquare__mutmut_18
    if abs(None) > 10E-6:
E   TypeError: bad operand type for abs(): 'NoneType'
_______________________ test_chiSquare_with_func[originalInput1_16-originalInput1_26] _______________________
mutants/tests/chiSquareTest.py:146: in test_chiSquare_with_func
    originalResult = func(originalInput1_1, originalInput1_2)
mutants/src/chiSquare.py:512: in x_chiSquare__mutmut_18
    if abs(None) > 10E-6:
E   TypeError: bad operand type for abs(): 'NoneType'
_______________________ test_chiSquare_with_func[originalInput1_17-originalInput1_27] _______________________
mutants/tests/chiSquareTest.py:146: in test_chiSquare_with_func
    originalResult = func(originalInput1_1, originalInput1_2)
mutants/src/chiSquare.py:512: in x_chiSquare__mutmut_18
    if abs(None) > 10E-6:
E   TypeError: bad operand type for abs(): 'NoneType'
_______________________ test_chiSquare_with_func[originalInput1_18-originalInput1_28] _______________________
mutants/tests/chiSquareTest.py:146: in test_chiSquare_with_func
    originalResult = func(originalInput1_1, originalInput1_2)
mutants/src/chiSquare.py:512: in x_chiSquare__mutmut_18
    if abs(None) > 10E-6:
E   TypeError: bad operand type for abs(): 'NoneType'
_______________________ test_chiSquare_with_func[originalInput1_19-originalInput1_29] _______________________
mutants/tests/chiSquareTest.py:146: in test_chiSquare_with_func
    originalResult = func(originalInput1_1, originalInput1_2)
mutants/src/chiSquare.py:512: in x_chiSquare__mutmut_18
    if abs(None) > 10E-6:
E   TypeError: bad operand type for abs(): 'NoneType'
============================================= warnings summary ==============================================
../../anaconda3/envs/mutmut39/lib/python3.9/site-packages/_pytest/config/__init__.py:1474
  /home/rts/anaconda3/envs/mutmut39/lib/python3.9/site-packages/_pytest/config/__init__.py:1474: PytestConfigWarning: Unknown config option: pytest -vv --tb
  
    self._warn_or_fail_if_strict(f"Unknown config option: {key}\n")

-- Docs: https://docs.pytest.org/en/stable/how-to/capture-warnings.html
========================================== short test summary info ==========================================
FAILED mutants/tests/chiSquareTest.py::test_chiSquare_with_func[originalInput1_10-originalInput1_20] - TypeError: bad operand type for abs(): 'NoneType'
FAILED mutants/tests/chiSquareTest.py::test_chiSquare_with_func[originalInput1_11-originalInput1_21] - TypeError: bad operand type for abs(): 'NoneType'
FAILED mutants/tests/chiSquareTest.py::test_chiSquare_with_func[originalInput1_12-originalInput1_22] - TypeError: bad operand type for abs(): 'NoneType'
FAILED mutants/tests/chiSquareTest.py::test_chiSquare_with_func[originalInput1_13-originalInput1_23] - TypeError: bad operand type for abs(): 'NoneType'
FAILED mutants/tests/chiSquareTest.py::test_chiSquare_with_func[originalInput1_14-originalInput1_24] - TypeError: bad operand type for abs(): 'NoneType'
FAILED mutants/tests/chiSquareTest.py::test_chiSquare_with_func[originalInput1_15-originalInput1_25] - TypeError: bad operand type for abs(): 'NoneType'
FAILED mutants/tests/chiSquareTest.py::test_chiSquare_with_func[originalInput1_16-originalInput1_26] - TypeError: bad operand type for abs(): 'NoneType'
FAILED mutants/tests/chiSquareTest.py::test_chiSquare_with_func[originalInput1_17-originalInput1_27] - TypeError: bad operand type for abs(): 'NoneType'
FAILED mutants/tests/chiSquareTest.py::test_chiSquare_with_func[originalInput1_18-originalInput1_28] - TypeError: bad operand type for abs(): 'NoneType'
FAILED mutants/tests/chiSquareTest.py::test_chiSquare_with_func[originalInput1_19-originalInput1_29] - TypeError: bad operand type for abs(): 'NoneType'
10 failed, 1 warning in 0.13s
❌ x_chiSquare__mutmut_18 存在失败 (退出码 1)

================================================================================
RUNNING chiSquare.py :: x_chiSquare__mutmut_19  -  2025-10-16T14:18:51.326395
================================================================================

>>> 当前使用的函数: x_chiSquare__mutmut_19
函数源码如下：
def x_chiSquare__mutmut_19(expected, observed):
    sumExpected = 0
    sumObserved = 0

    for i in range(0, len(observed)):
        sumExpected += expected[i]
        sumObserved += observed[i]

    ratio = 1
    rescale = False

    if abs(sumExpected + sumObserved) > 10E-6:
        ratio = sumObserved / sumExpected
        rescale = True

    sumSq = 0

    for i in range(0, len(observed)):
        if rescale:
            dev = observed[i] - (ratio * expected[i])
            sumSq += (dev * dev) / (ratio * expected[i])
        else:
            dev = observed[i] - expected[i]
            sumSq += dev * dev / expected[i]

    return sumSq

FFFFFFFFFF
================================================= FAILURES ==================================================
_______________________ test_chiSquare_with_func[originalInput1_10-originalInput1_20] _______________________
mutants/tests/chiSquareTest.py:147: in test_chiSquare_with_func
    applyMR_Assert(originalInput1_1, originalInput1_2, originalResult)
mutants/tests/chiSquareTest.py:25: in applyMR_Assert
    transformResult3_1 = func(transformInput3_1, transformInput3_2)
mutants/src/chiSquare.py:547: in x_chiSquare__mutmut_19
    sumSq += (dev * dev) / (ratio * expected[i])
E   ZeroDivisionError: float division by zero
_______________________ test_chiSquare_with_func[originalInput1_11-originalInput1_21] _______________________
mutants/tests/chiSquareTest.py:147: in test_chiSquare_with_func
    applyMR_Assert(originalInput1_1, originalInput1_2, originalResult)
mutants/tests/chiSquareTest.py:25: in applyMR_Assert
    transformResult3_1 = func(transformInput3_1, transformInput3_2)
mutants/src/chiSquare.py:547: in x_chiSquare__mutmut_19
    sumSq += (dev * dev) / (ratio * expected[i])
E   ZeroDivisionError: float division by zero
_______________________ test_chiSquare_with_func[originalInput1_12-originalInput1_22] _______________________
mutants/tests/chiSquareTest.py:147: in test_chiSquare_with_func
    applyMR_Assert(originalInput1_1, originalInput1_2, originalResult)
mutants/tests/chiSquareTest.py:25: in applyMR_Assert
    transformResult3_1 = func(transformInput3_1, transformInput3_2)
mutants/src/chiSquare.py:547: in x_chiSquare__mutmut_19
    sumSq += (dev * dev) / (ratio * expected[i])
E   ZeroDivisionError: float division by zero
_______________________ test_chiSquare_with_func[originalInput1_13-originalInput1_23] _______________________
mutants/tests/chiSquareTest.py:147: in test_chiSquare_with_func
    applyMR_Assert(originalInput1_1, originalInput1_2, originalResult)
mutants/tests/chiSquareTest.py:25: in applyMR_Assert
    transformResult3_1 = func(transformInput3_1, transformInput3_2)
mutants/src/chiSquare.py:547: in x_chiSquare__mutmut_19
    sumSq += (dev * dev) / (ratio * expected[i])
E   ZeroDivisionError: float division by zero
_______________________ test_chiSquare_with_func[originalInput1_14-originalInput1_24] _______________________
mutants/tests/chiSquareTest.py:147: in test_chiSquare_with_func
    applyMR_Assert(originalInput1_1, originalInput1_2, originalResult)
mutants/tests/chiSquareTest.py:25: in applyMR_Assert
    transformResult3_1 = func(transformInput3_1, transformInput3_2)
mutants/src/chiSquare.py:547: in x_chiSquare__mutmut_19
    sumSq += (dev * dev) / (ratio * expected[i])
E   ZeroDivisionError: float division by zero
_______________________ test_chiSquare_with_func[originalInput1_15-originalInput1_25] _______________________
mutants/tests/chiSquareTest.py:147: in test_chiSquare_with_func
    applyMR_Assert(originalInput1_1, originalInput1_2, originalResult)
mutants/tests/chiSquareTest.py:25: in applyMR_Assert
    transformResult3_1 = func(transformInput3_1, transformInput3_2)
mutants/src/chiSquare.py:547: in x_chiSquare__mutmut_19
    sumSq += (dev * dev) / (ratio * expected[i])
E   ZeroDivisionError: float division by zero
_______________________ test_chiSquare_with_func[originalInput1_16-originalInput1_26] _______________________
mutants/tests/chiSquareTest.py:147: in test_chiSquare_with_func
    applyMR_Assert(originalInput1_1, originalInput1_2, originalResult)
mutants/tests/chiSquareTest.py:25: in applyMR_Assert
    transformResult3_1 = func(transformInput3_1, transformInput3_2)
mutants/src/chiSquare.py:547: in x_chiSquare__mutmut_19
    sumSq += (dev * dev) / (ratio * expected[i])
E   ZeroDivisionError: float division by zero
_______________________ test_chiSquare_with_func[originalInput1_17-originalInput1_27] _______________________
mutants/tests/chiSquareTest.py:147: in test_chiSquare_with_func
    applyMR_Assert(originalInput1_1, originalInput1_2, originalResult)
mutants/tests/chiSquareTest.py:25: in applyMR_Assert
    transformResult3_1 = func(transformInput3_1, transformInput3_2)
mutants/src/chiSquare.py:547: in x_chiSquare__mutmut_19
    sumSq += (dev * dev) / (ratio * expected[i])
E   ZeroDivisionError: float division by zero
_______________________ test_chiSquare_with_func[originalInput1_18-originalInput1_28] _______________________
mutants/tests/chiSquareTest.py:147: in test_chiSquare_with_func
    applyMR_Assert(originalInput1_1, originalInput1_2, originalResult)
mutants/tests/chiSquareTest.py:25: in applyMR_Assert
    transformResult3_1 = func(transformInput3_1, transformInput3_2)
mutants/src/chiSquare.py:547: in x_chiSquare__mutmut_19
    sumSq += (dev * dev) / (ratio * expected[i])
E   ZeroDivisionError: float division by zero
_______________________ test_chiSquare_with_func[originalInput1_19-originalInput1_29] _______________________
mutants/tests/chiSquareTest.py:147: in test_chiSquare_with_func
    applyMR_Assert(originalInput1_1, originalInput1_2, originalResult)
mutants/tests/chiSquareTest.py:25: in applyMR_Assert
    transformResult3_1 = func(transformInput3_1, transformInput3_2)
mutants/src/chiSquare.py:547: in x_chiSquare__mutmut_19
    sumSq += (dev * dev) / (ratio * expected[i])
E   ZeroDivisionError: float division by zero
============================================= warnings summary ==============================================
../../anaconda3/envs/mutmut39/lib/python3.9/site-packages/_pytest/config/__init__.py:1474
  /home/rts/anaconda3/envs/mutmut39/lib/python3.9/site-packages/_pytest/config/__init__.py:1474: PytestConfigWarning: Unknown config option: pytest -vv --tb
  
    self._warn_or_fail_if_strict(f"Unknown config option: {key}\n")

-- Docs: https://docs.pytest.org/en/stable/how-to/capture-warnings.html
========================================== short test summary info ==========================================
FAILED mutants/tests/chiSquareTest.py::test_chiSquare_with_func[originalInput1_10-originalInput1_20] - ZeroDivisionError: float division by zero
FAILED mutants/tests/chiSquareTest.py::test_chiSquare_with_func[originalInput1_11-originalInput1_21] - ZeroDivisionError: float division by zero
FAILED mutants/tests/chiSquareTest.py::test_chiSquare_with_func[originalInput1_12-originalInput1_22] - ZeroDivisionError: float division by zero
FAILED mutants/tests/chiSquareTest.py::test_chiSquare_with_func[originalInput1_13-originalInput1_23] - ZeroDivisionError: float division by zero
FAILED mutants/tests/chiSquareTest.py::test_chiSquare_with_func[originalInput1_14-originalInput1_24] - ZeroDivisionError: float division by zero
FAILED mutants/tests/chiSquareTest.py::test_chiSquare_with_func[originalInput1_15-originalInput1_25] - ZeroDivisionError: float division by zero
FAILED mutants/tests/chiSquareTest.py::test_chiSquare_with_func[originalInput1_16-originalInput1_26] - ZeroDivisionError: float division by zero
FAILED mutants/tests/chiSquareTest.py::test_chiSquare_with_func[originalInput1_17-originalInput1_27] - ZeroDivisionError: float division by zero
FAILED mutants/tests/chiSquareTest.py::test_chiSquare_with_func[originalInput1_18-originalInput1_28] - ZeroDivisionError: float division by zero
FAILED mutants/tests/chiSquareTest.py::test_chiSquare_with_func[originalInput1_19-originalInput1_29] - ZeroDivisionError: float division by zero
10 failed, 1 warning in 0.14s
❌ x_chiSquare__mutmut_19 存在失败 (退出码 1)

================================================================================
RUNNING chiSquare.py :: x_chiSquare__mutmut_2  -  2025-10-16T14:18:51.508398
================================================================================

>>> 当前使用的函数: x_chiSquare__mutmut_2
函数源码如下：
def x_chiSquare__mutmut_2(expected, observed):
    sumExpected = 1
    sumObserved = 0

    for i in range(0, len(observed)):
        sumExpected += expected[i]
        sumObserved += observed[i]

    ratio = 1
    rescale = False

    if abs(sumExpected - sumObserved) > 10E-6:
        ratio = sumObserved / sumExpected
        rescale = True

    sumSq = 0

    for i in range(0, len(observed)):
        if rescale:
            dev = observed[i] - (ratio * expected[i])
            sumSq += (dev * dev) / (ratio * expected[i])
        else:
            dev = observed[i] - expected[i]
            sumSq += dev * dev / expected[i]

    return sumSq

FFFFFFFFFF
================================================= FAILURES ==================================================
_______________________ test_chiSquare_with_func[originalInput1_10-originalInput1_20] _______________________
mutants/tests/chiSquareTest.py:147: in test_chiSquare_with_func
    applyMR_Assert(originalInput1_1, originalInput1_2, originalResult)
mutants/tests/chiSquareTest.py:25: in applyMR_Assert
    transformResult3_1 = func(transformInput3_1, transformInput3_2)
mutants/src/chiSquare.py:105: in x_chiSquare__mutmut_2
    sumSq += (dev * dev) / (ratio * expected[i])
E   ZeroDivisionError: float division by zero
_______________________ test_chiSquare_with_func[originalInput1_11-originalInput1_21] _______________________
mutants/tests/chiSquareTest.py:147: in test_chiSquare_with_func
    applyMR_Assert(originalInput1_1, originalInput1_2, originalResult)
mutants/tests/chiSquareTest.py:25: in applyMR_Assert
    transformResult3_1 = func(transformInput3_1, transformInput3_2)
mutants/src/chiSquare.py:105: in x_chiSquare__mutmut_2
    sumSq += (dev * dev) / (ratio * expected[i])
E   ZeroDivisionError: float division by zero
_______________________ test_chiSquare_with_func[originalInput1_12-originalInput1_22] _______________________
mutants/tests/chiSquareTest.py:147: in test_chiSquare_with_func
    applyMR_Assert(originalInput1_1, originalInput1_2, originalResult)
mutants/tests/chiSquareTest.py:25: in applyMR_Assert
    transformResult3_1 = func(transformInput3_1, transformInput3_2)
mutants/src/chiSquare.py:105: in x_chiSquare__mutmut_2
    sumSq += (dev * dev) / (ratio * expected[i])
E   ZeroDivisionError: float division by zero
_______________________ test_chiSquare_with_func[originalInput1_13-originalInput1_23] _______________________
mutants/tests/chiSquareTest.py:147: in test_chiSquare_with_func
    applyMR_Assert(originalInput1_1, originalInput1_2, originalResult)
mutants/tests/chiSquareTest.py:25: in applyMR_Assert
    transformResult3_1 = func(transformInput3_1, transformInput3_2)
mutants/src/chiSquare.py:105: in x_chiSquare__mutmut_2
    sumSq += (dev * dev) / (ratio * expected[i])
E   ZeroDivisionError: float division by zero
_______________________ test_chiSquare_with_func[originalInput1_14-originalInput1_24] _______________________
mutants/tests/chiSquareTest.py:147: in test_chiSquare_with_func
    applyMR_Assert(originalInput1_1, originalInput1_2, originalResult)
mutants/tests/chiSquareTest.py:25: in applyMR_Assert
    transformResult3_1 = func(transformInput3_1, transformInput3_2)
mutants/src/chiSquare.py:105: in x_chiSquare__mutmut_2
    sumSq += (dev * dev) / (ratio * expected[i])
E   ZeroDivisionError: float division by zero
_______________________ test_chiSquare_with_func[originalInput1_15-originalInput1_25] _______________________
mutants/tests/chiSquareTest.py:147: in test_chiSquare_with_func
    applyMR_Assert(originalInput1_1, originalInput1_2, originalResult)
mutants/tests/chiSquareTest.py:25: in applyMR_Assert
    transformResult3_1 = func(transformInput3_1, transformInput3_2)
mutants/src/chiSquare.py:105: in x_chiSquare__mutmut_2
    sumSq += (dev * dev) / (ratio * expected[i])
E   ZeroDivisionError: float division by zero
_______________________ test_chiSquare_with_func[originalInput1_16-originalInput1_26] _______________________
mutants/tests/chiSquareTest.py:147: in test_chiSquare_with_func
    applyMR_Assert(originalInput1_1, originalInput1_2, originalResult)
mutants/tests/chiSquareTest.py:25: in applyMR_Assert
    transformResult3_1 = func(transformInput3_1, transformInput3_2)
mutants/src/chiSquare.py:105: in x_chiSquare__mutmut_2
    sumSq += (dev * dev) / (ratio * expected[i])
E   ZeroDivisionError: float division by zero
_______________________ test_chiSquare_with_func[originalInput1_17-originalInput1_27] _______________________
mutants/tests/chiSquareTest.py:147: in test_chiSquare_with_func
    applyMR_Assert(originalInput1_1, originalInput1_2, originalResult)
mutants/tests/chiSquareTest.py:25: in applyMR_Assert
    transformResult3_1 = func(transformInput3_1, transformInput3_2)
mutants/src/chiSquare.py:108: in x_chiSquare__mutmut_2
    sumSq += dev * dev / expected[i]
E   ZeroDivisionError: float division by zero
_______________________ test_chiSquare_with_func[originalInput1_18-originalInput1_28] _______________________
mutants/tests/chiSquareTest.py:147: in test_chiSquare_with_func
    applyMR_Assert(originalInput1_1, originalInput1_2, originalResult)
mutants/tests/chiSquareTest.py:25: in applyMR_Assert
    transformResult3_1 = func(transformInput3_1, transformInput3_2)
mutants/src/chiSquare.py:105: in x_chiSquare__mutmut_2
    sumSq += (dev * dev) / (ratio * expected[i])
E   ZeroDivisionError: float division by zero
_______________________ test_chiSquare_with_func[originalInput1_19-originalInput1_29] _______________________
mutants/tests/chiSquareTest.py:147: in test_chiSquare_with_func
    applyMR_Assert(originalInput1_1, originalInput1_2, originalResult)
mutants/tests/chiSquareTest.py:25: in applyMR_Assert
    transformResult3_1 = func(transformInput3_1, transformInput3_2)
mutants/src/chiSquare.py:108: in x_chiSquare__mutmut_2
    sumSq += dev * dev / expected[i]
E   ZeroDivisionError: float division by zero
============================================= warnings summary ==============================================
../../anaconda3/envs/mutmut39/lib/python3.9/site-packages/_pytest/config/__init__.py:1474
  /home/rts/anaconda3/envs/mutmut39/lib/python3.9/site-packages/_pytest/config/__init__.py:1474: PytestConfigWarning: Unknown config option: pytest -vv --tb
  
    self._warn_or_fail_if_strict(f"Unknown config option: {key}\n")

-- Docs: https://docs.pytest.org/en/stable/how-to/capture-warnings.html
========================================== short test summary info ==========================================
FAILED mutants/tests/chiSquareTest.py::test_chiSquare_with_func[originalInput1_10-originalInput1_20] - ZeroDivisionError: float division by zero
FAILED mutants/tests/chiSquareTest.py::test_chiSquare_with_func[originalInput1_11-originalInput1_21] - ZeroDivisionError: float division by zero
FAILED mutants/tests/chiSquareTest.py::test_chiSquare_with_func[originalInput1_12-originalInput1_22] - ZeroDivisionError: float division by zero
FAILED mutants/tests/chiSquareTest.py::test_chiSquare_with_func[originalInput1_13-originalInput1_23] - ZeroDivisionError: float division by zero
FAILED mutants/tests/chiSquareTest.py::test_chiSquare_with_func[originalInput1_14-originalInput1_24] - ZeroDivisionError: float division by zero
FAILED mutants/tests/chiSquareTest.py::test_chiSquare_with_func[originalInput1_15-originalInput1_25] - ZeroDivisionError: float division by zero
FAILED mutants/tests/chiSquareTest.py::test_chiSquare_with_func[originalInput1_16-originalInput1_26] - ZeroDivisionError: float division by zero
FAILED mutants/tests/chiSquareTest.py::test_chiSquare_with_func[originalInput1_17-originalInput1_27] - ZeroDivisionError: float division by zero
FAILED mutants/tests/chiSquareTest.py::test_chiSquare_with_func[originalInput1_18-originalInput1_28] - ZeroDivisionError: float division by zero
FAILED mutants/tests/chiSquareTest.py::test_chiSquare_with_func[originalInput1_19-originalInput1_29] - ZeroDivisionError: float division by zero
10 failed, 1 warning in 0.14s
❌ x_chiSquare__mutmut_2 存在失败 (退出码 1)

================================================================================
RUNNING chiSquare.py :: x_chiSquare__mutmut_20  -  2025-10-16T14:18:51.692756
================================================================================

>>> 当前使用的函数: x_chiSquare__mutmut_20
函数源码如下：
def x_chiSquare__mutmut_20(expected, observed):
    sumExpected = 0
    sumObserved = 0

    for i in range(0, len(observed)):
        sumExpected += expected[i]
        sumObserved += observed[i]

    ratio = 1
    rescale = False

    if abs(sumExpected - sumObserved) >= 10E-6:
        ratio = sumObserved / sumExpected
        rescale = True

    sumSq = 0

    for i in range(0, len(observed)):
        if rescale:
            dev = observed[i] - (ratio * expected[i])
            sumSq += (dev * dev) / (ratio * expected[i])
        else:
            dev = observed[i] - expected[i]
            sumSq += dev * dev / expected[i]

    return sumSq

FFFFFFFFFF
================================================= FAILURES ==================================================
_______________________ test_chiSquare_with_func[originalInput1_10-originalInput1_20] _______________________
mutants/tests/chiSquareTest.py:147: in test_chiSquare_with_func
    applyMR_Assert(originalInput1_1, originalInput1_2, originalResult)
mutants/tests/chiSquareTest.py:25: in applyMR_Assert
    transformResult3_1 = func(transformInput3_1, transformInput3_2)
mutants/src/chiSquare.py:576: in x_chiSquare__mutmut_20
    sumSq += dev * dev / expected[i]
E   ZeroDivisionError: float division by zero
_______________________ test_chiSquare_with_func[originalInput1_11-originalInput1_21] _______________________
mutants/tests/chiSquareTest.py:147: in test_chiSquare_with_func
    applyMR_Assert(originalInput1_1, originalInput1_2, originalResult)
mutants/tests/chiSquareTest.py:25: in applyMR_Assert
    transformResult3_1 = func(transformInput3_1, transformInput3_2)
mutants/src/chiSquare.py:576: in x_chiSquare__mutmut_20
    sumSq += dev * dev / expected[i]
E   ZeroDivisionError: float division by zero
_______________________ test_chiSquare_with_func[originalInput1_12-originalInput1_22] _______________________
mutants/tests/chiSquareTest.py:147: in test_chiSquare_with_func
    applyMR_Assert(originalInput1_1, originalInput1_2, originalResult)
mutants/tests/chiSquareTest.py:25: in applyMR_Assert
    transformResult3_1 = func(transformInput3_1, transformInput3_2)
mutants/src/chiSquare.py:573: in x_chiSquare__mutmut_20
    sumSq += (dev * dev) / (ratio * expected[i])
E   ZeroDivisionError: float division by zero
_______________________ test_chiSquare_with_func[originalInput1_13-originalInput1_23] _______________________
mutants/tests/chiSquareTest.py:147: in test_chiSquare_with_func
    applyMR_Assert(originalInput1_1, originalInput1_2, originalResult)
mutants/tests/chiSquareTest.py:25: in applyMR_Assert
    transformResult3_1 = func(transformInput3_1, transformInput3_2)
mutants/src/chiSquare.py:573: in x_chiSquare__mutmut_20
    sumSq += (dev * dev) / (ratio * expected[i])
E   ZeroDivisionError: float division by zero
_______________________ test_chiSquare_with_func[originalInput1_14-originalInput1_24] _______________________
mutants/tests/chiSquareTest.py:147: in test_chiSquare_with_func
    applyMR_Assert(originalInput1_1, originalInput1_2, originalResult)
mutants/tests/chiSquareTest.py:25: in applyMR_Assert
    transformResult3_1 = func(transformInput3_1, transformInput3_2)
mutants/src/chiSquare.py:573: in x_chiSquare__mutmut_20
    sumSq += (dev * dev) / (ratio * expected[i])
E   ZeroDivisionError: float division by zero
_______________________ test_chiSquare_with_func[originalInput1_15-originalInput1_25] _______________________
mutants/tests/chiSquareTest.py:147: in test_chiSquare_with_func
    applyMR_Assert(originalInput1_1, originalInput1_2, originalResult)
mutants/tests/chiSquareTest.py:25: in applyMR_Assert
    transformResult3_1 = func(transformInput3_1, transformInput3_2)
mutants/src/chiSquare.py:573: in x_chiSquare__mutmut_20
    sumSq += (dev * dev) / (ratio * expected[i])
E   ZeroDivisionError: float division by zero
_______________________ test_chiSquare_with_func[originalInput1_16-originalInput1_26] _______________________
mutants/tests/chiSquareTest.py:147: in test_chiSquare_with_func
    applyMR_Assert(originalInput1_1, originalInput1_2, originalResult)
mutants/tests/chiSquareTest.py:25: in applyMR_Assert
    transformResult3_1 = func(transformInput3_1, transformInput3_2)
mutants/src/chiSquare.py:573: in x_chiSquare__mutmut_20
    sumSq += (dev * dev) / (ratio * expected[i])
E   ZeroDivisionError: float division by zero
_______________________ test_chiSquare_with_func[originalInput1_17-originalInput1_27] _______________________
mutants/tests/chiSquareTest.py:147: in test_chiSquare_with_func
    applyMR_Assert(originalInput1_1, originalInput1_2, originalResult)
mutants/tests/chiSquareTest.py:25: in applyMR_Assert
    transformResult3_1 = func(transformInput3_1, transformInput3_2)
mutants/src/chiSquare.py:573: in x_chiSquare__mutmut_20
    sumSq += (dev * dev) / (ratio * expected[i])
E   ZeroDivisionError: float division by zero
_______________________ test_chiSquare_with_func[originalInput1_18-originalInput1_28] _______________________
mutants/tests/chiSquareTest.py:147: in test_chiSquare_with_func
    applyMR_Assert(originalInput1_1, originalInput1_2, originalResult)
mutants/tests/chiSquareTest.py:25: in applyMR_Assert
    transformResult3_1 = func(transformInput3_1, transformInput3_2)
mutants/src/chiSquare.py:573: in x_chiSquare__mutmut_20
    sumSq += (dev * dev) / (ratio * expected[i])
E   ZeroDivisionError: float division by zero
_______________________ test_chiSquare_with_func[originalInput1_19-originalInput1_29] _______________________
mutants/tests/chiSquareTest.py:147: in test_chiSquare_with_func
    applyMR_Assert(originalInput1_1, originalInput1_2, originalResult)
mutants/tests/chiSquareTest.py:25: in applyMR_Assert
    transformResult3_1 = func(transformInput3_1, transformInput3_2)
mutants/src/chiSquare.py:573: in x_chiSquare__mutmut_20
    sumSq += (dev * dev) / (ratio * expected[i])
E   ZeroDivisionError: float division by zero
============================================= warnings summary ==============================================
../../anaconda3/envs/mutmut39/lib/python3.9/site-packages/_pytest/config/__init__.py:1474
  /home/rts/anaconda3/envs/mutmut39/lib/python3.9/site-packages/_pytest/config/__init__.py:1474: PytestConfigWarning: Unknown config option: pytest -vv --tb
  
    self._warn_or_fail_if_strict(f"Unknown config option: {key}\n")

-- Docs: https://docs.pytest.org/en/stable/how-to/capture-warnings.html
========================================== short test summary info ==========================================
FAILED mutants/tests/chiSquareTest.py::test_chiSquare_with_func[originalInput1_10-originalInput1_20] - ZeroDivisionError: float division by zero
FAILED mutants/tests/chiSquareTest.py::test_chiSquare_with_func[originalInput1_11-originalInput1_21] - ZeroDivisionError: float division by zero
FAILED mutants/tests/chiSquareTest.py::test_chiSquare_with_func[originalInput1_12-originalInput1_22] - ZeroDivisionError: float division by zero
FAILED mutants/tests/chiSquareTest.py::test_chiSquare_with_func[originalInput1_13-originalInput1_23] - ZeroDivisionError: float division by zero
FAILED mutants/tests/chiSquareTest.py::test_chiSquare_with_func[originalInput1_14-originalInput1_24] - ZeroDivisionError: float division by zero
FAILED mutants/tests/chiSquareTest.py::test_chiSquare_with_func[originalInput1_15-originalInput1_25] - ZeroDivisionError: float division by zero
FAILED mutants/tests/chiSquareTest.py::test_chiSquare_with_func[originalInput1_16-originalInput1_26] - ZeroDivisionError: float division by zero
FAILED mutants/tests/chiSquareTest.py::test_chiSquare_with_func[originalInput1_17-originalInput1_27] - ZeroDivisionError: float division by zero
FAILED mutants/tests/chiSquareTest.py::test_chiSquare_with_func[originalInput1_18-originalInput1_28] - ZeroDivisionError: float division by zero
FAILED mutants/tests/chiSquareTest.py::test_chiSquare_with_func[originalInput1_19-originalInput1_29] - ZeroDivisionError: float division by zero
10 failed, 1 warning in 0.14s
❌ x_chiSquare__mutmut_20 存在失败 (退出码 1)

================================================================================
RUNNING chiSquare.py :: x_chiSquare__mutmut_21  -  2025-10-16T14:18:51.875485
================================================================================

>>> 当前使用的函数: x_chiSquare__mutmut_21
函数源码如下：
def x_chiSquare__mutmut_21(expected, observed):
    sumExpected = 0
    sumObserved = 0

    for i in range(0, len(observed)):
        sumExpected += expected[i]
        sumObserved += observed[i]

    ratio = 1
    rescale = False

    if abs(sumExpected - sumObserved) > 1.00001:
        ratio = sumObserved / sumExpected
        rescale = True

    sumSq = 0

    for i in range(0, len(observed)):
        if rescale:
            dev = observed[i] - (ratio * expected[i])
            sumSq += (dev * dev) / (ratio * expected[i])
        else:
            dev = observed[i] - expected[i]
            sumSq += dev * dev / expected[i]

    return sumSq

FFFFFFFFFF
================================================= FAILURES ==================================================
_______________________ test_chiSquare_with_func[originalInput1_10-originalInput1_20] _______________________
mutants/tests/chiSquareTest.py:147: in test_chiSquare_with_func
    applyMR_Assert(originalInput1_1, originalInput1_2, originalResult)
mutants/tests/chiSquareTest.py:25: in applyMR_Assert
    transformResult3_1 = func(transformInput3_1, transformInput3_2)
mutants/src/chiSquare.py:602: in x_chiSquare__mutmut_21
    sumSq += dev * dev / expected[i]
E   ZeroDivisionError: float division by zero
_______________________ test_chiSquare_with_func[originalInput1_11-originalInput1_21] _______________________
mutants/tests/chiSquareTest.py:147: in test_chiSquare_with_func
    applyMR_Assert(originalInput1_1, originalInput1_2, originalResult)
mutants/tests/chiSquareTest.py:25: in applyMR_Assert
    transformResult3_1 = func(transformInput3_1, transformInput3_2)
mutants/src/chiSquare.py:602: in x_chiSquare__mutmut_21
    sumSq += dev * dev / expected[i]
E   ZeroDivisionError: float division by zero
_______________________ test_chiSquare_with_func[originalInput1_12-originalInput1_22] _______________________
mutants/tests/chiSquareTest.py:147: in test_chiSquare_with_func
    applyMR_Assert(originalInput1_1, originalInput1_2, originalResult)
mutants/tests/chiSquareTest.py:25: in applyMR_Assert
    transformResult3_1 = func(transformInput3_1, transformInput3_2)
mutants/src/chiSquare.py:602: in x_chiSquare__mutmut_21
    sumSq += dev * dev / expected[i]
E   ZeroDivisionError: float division by zero
_______________________ test_chiSquare_with_func[originalInput1_13-originalInput1_23] _______________________
mutants/tests/chiSquareTest.py:147: in test_chiSquare_with_func
    applyMR_Assert(originalInput1_1, originalInput1_2, originalResult)
mutants/tests/chiSquareTest.py:25: in applyMR_Assert
    transformResult3_1 = func(transformInput3_1, transformInput3_2)
mutants/src/chiSquare.py:602: in x_chiSquare__mutmut_21
    sumSq += dev * dev / expected[i]
E   ZeroDivisionError: float division by zero
_______________________ test_chiSquare_with_func[originalInput1_14-originalInput1_24] _______________________
mutants/tests/chiSquareTest.py:147: in test_chiSquare_with_func
    applyMR_Assert(originalInput1_1, originalInput1_2, originalResult)
mutants/tests/chiSquareTest.py:25: in applyMR_Assert
    transformResult3_1 = func(transformInput3_1, transformInput3_2)
mutants/src/chiSquare.py:599: in x_chiSquare__mutmut_21
    sumSq += (dev * dev) / (ratio * expected[i])
E   ZeroDivisionError: float division by zero
_______________________ test_chiSquare_with_func[originalInput1_15-originalInput1_25] _______________________
mutants/tests/chiSquareTest.py:147: in test_chiSquare_with_func
    applyMR_Assert(originalInput1_1, originalInput1_2, originalResult)
mutants/tests/chiSquareTest.py:25: in applyMR_Assert
    transformResult3_1 = func(transformInput3_1, transformInput3_2)
mutants/src/chiSquare.py:602: in x_chiSquare__mutmut_21
    sumSq += dev * dev / expected[i]
E   ZeroDivisionError: float division by zero
_______________________ test_chiSquare_with_func[originalInput1_16-originalInput1_26] _______________________
mutants/tests/chiSquareTest.py:147: in test_chiSquare_with_func
    applyMR_Assert(originalInput1_1, originalInput1_2, originalResult)
mutants/tests/chiSquareTest.py:25: in applyMR_Assert
    transformResult3_1 = func(transformInput3_1, transformInput3_2)
mutants/src/chiSquare.py:602: in x_chiSquare__mutmut_21
    sumSq += dev * dev / expected[i]
E   ZeroDivisionError: float division by zero
_______________________ test_chiSquare_with_func[originalInput1_17-originalInput1_27] _______________________
mutants/tests/chiSquareTest.py:147: in test_chiSquare_with_func
    applyMR_Assert(originalInput1_1, originalInput1_2, originalResult)
mutants/tests/chiSquareTest.py:25: in applyMR_Assert
    transformResult3_1 = func(transformInput3_1, transformInput3_2)
mutants/src/chiSquare.py:602: in x_chiSquare__mutmut_21
    sumSq += dev * dev / expected[i]
E   ZeroDivisionError: float division by zero
_______________________ test_chiSquare_with_func[originalInput1_18-originalInput1_28] _______________________
mutants/tests/chiSquareTest.py:147: in test_chiSquare_with_func
    applyMR_Assert(originalInput1_1, originalInput1_2, originalResult)
mutants/tests/chiSquareTest.py:25: in applyMR_Assert
    transformResult3_1 = func(transformInput3_1, transformInput3_2)
mutants/src/chiSquare.py:602: in x_chiSquare__mutmut_21
    sumSq += dev * dev / expected[i]
E   ZeroDivisionError: float division by zero
_______________________ test_chiSquare_with_func[originalInput1_19-originalInput1_29] _______________________
mutants/tests/chiSquareTest.py:147: in test_chiSquare_with_func
    applyMR_Assert(originalInput1_1, originalInput1_2, originalResult)
mutants/tests/chiSquareTest.py:25: in applyMR_Assert
    transformResult3_1 = func(transformInput3_1, transformInput3_2)
mutants/src/chiSquare.py:602: in x_chiSquare__mutmut_21
    sumSq += dev * dev / expected[i]
E   ZeroDivisionError: float division by zero
============================================= warnings summary ==============================================
../../anaconda3/envs/mutmut39/lib/python3.9/site-packages/_pytest/config/__init__.py:1474
  /home/rts/anaconda3/envs/mutmut39/lib/python3.9/site-packages/_pytest/config/__init__.py:1474: PytestConfigWarning: Unknown config option: pytest -vv --tb
  
    self._warn_or_fail_if_strict(f"Unknown config option: {key}\n")

-- Docs: https://docs.pytest.org/en/stable/how-to/capture-warnings.html
========================================== short test summary info ==========================================
FAILED mutants/tests/chiSquareTest.py::test_chiSquare_with_func[originalInput1_10-originalInput1_20] - ZeroDivisionError: float division by zero
FAILED mutants/tests/chiSquareTest.py::test_chiSquare_with_func[originalInput1_11-originalInput1_21] - ZeroDivisionError: float division by zero
FAILED mutants/tests/chiSquareTest.py::test_chiSquare_with_func[originalInput1_12-originalInput1_22] - ZeroDivisionError: float division by zero
FAILED mutants/tests/chiSquareTest.py::test_chiSquare_with_func[originalInput1_13-originalInput1_23] - ZeroDivisionError: float division by zero
FAILED mutants/tests/chiSquareTest.py::test_chiSquare_with_func[originalInput1_14-originalInput1_24] - ZeroDivisionError: float division by zero
FAILED mutants/tests/chiSquareTest.py::test_chiSquare_with_func[originalInput1_15-originalInput1_25] - ZeroDivisionError: float division by zero
FAILED mutants/tests/chiSquareTest.py::test_chiSquare_with_func[originalInput1_16-originalInput1_26] - ZeroDivisionError: float division by zero
FAILED mutants/tests/chiSquareTest.py::test_chiSquare_with_func[originalInput1_17-originalInput1_27] - ZeroDivisionError: float division by zero
FAILED mutants/tests/chiSquareTest.py::test_chiSquare_with_func[originalInput1_18-originalInput1_28] - ZeroDivisionError: float division by zero
FAILED mutants/tests/chiSquareTest.py::test_chiSquare_with_func[originalInput1_19-originalInput1_29] - ZeroDivisionError: float division by zero
10 failed, 1 warning in 0.14s
❌ x_chiSquare__mutmut_21 存在失败 (退出码 1)

================================================================================
RUNNING chiSquare.py :: x_chiSquare__mutmut_22  -  2025-10-16T14:18:52.057388
================================================================================

>>> 当前使用的函数: x_chiSquare__mutmut_22
函数源码如下：
def x_chiSquare__mutmut_22(expected, observed):
    sumExpected = 0
    sumObserved = 0

    for i in range(0, len(observed)):
        sumExpected += expected[i]
        sumObserved += observed[i]

    ratio = 1
    rescale = False

    if abs(sumExpected - sumObserved) > 10E-6:
        ratio = None
        rescale = True

    sumSq = 0

    for i in range(0, len(observed)):
        if rescale:
            dev = observed[i] - (ratio * expected[i])
            sumSq += (dev * dev) / (ratio * expected[i])
        else:
            dev = observed[i] - expected[i]
            sumSq += dev * dev / expected[i]

    return sumSq

FFFFFFFFFF
================================================= FAILURES ==================================================
_______________________ test_chiSquare_with_func[originalInput1_10-originalInput1_20] _______________________
mutants/tests/chiSquareTest.py:147: in test_chiSquare_with_func
    applyMR_Assert(originalInput1_1, originalInput1_2, originalResult)
mutants/tests/chiSquareTest.py:25: in applyMR_Assert
    transformResult3_1 = func(transformInput3_1, transformInput3_2)
mutants/src/chiSquare.py:628: in x_chiSquare__mutmut_22
    sumSq += dev * dev / expected[i]
E   ZeroDivisionError: float division by zero
_______________________ test_chiSquare_with_func[originalInput1_11-originalInput1_21] _______________________
mutants/tests/chiSquareTest.py:147: in test_chiSquare_with_func
    applyMR_Assert(originalInput1_1, originalInput1_2, originalResult)
mutants/tests/chiSquareTest.py:25: in applyMR_Assert
    transformResult3_1 = func(transformInput3_1, transformInput3_2)
mutants/src/chiSquare.py:628: in x_chiSquare__mutmut_22
    sumSq += dev * dev / expected[i]
E   ZeroDivisionError: float division by zero
_______________________ test_chiSquare_with_func[originalInput1_12-originalInput1_22] _______________________
mutants/tests/chiSquareTest.py:146: in test_chiSquare_with_func
    originalResult = func(originalInput1_1, originalInput1_2)
mutants/src/chiSquare.py:624: in x_chiSquare__mutmut_22
    dev = observed[i] - (ratio * expected[i])
E   TypeError: unsupported operand type(s) for *: 'NoneType' and 'float'
_______________________ test_chiSquare_with_func[originalInput1_13-originalInput1_23] _______________________
mutants/tests/chiSquareTest.py:146: in test_chiSquare_with_func
    originalResult = func(originalInput1_1, originalInput1_2)
mutants/src/chiSquare.py:624: in x_chiSquare__mutmut_22
    dev = observed[i] - (ratio * expected[i])
E   TypeError: unsupported operand type(s) for *: 'NoneType' and 'float'
_______________________ test_chiSquare_with_func[originalInput1_14-originalInput1_24] _______________________
mutants/tests/chiSquareTest.py:146: in test_chiSquare_with_func
    originalResult = func(originalInput1_1, originalInput1_2)
mutants/src/chiSquare.py:624: in x_chiSquare__mutmut_22
    dev = observed[i] - (ratio * expected[i])
E   TypeError: unsupported operand type(s) for *: 'NoneType' and 'float'
_______________________ test_chiSquare_with_func[originalInput1_15-originalInput1_25] _______________________
mutants/tests/chiSquareTest.py:146: in test_chiSquare_with_func
    originalResult = func(originalInput1_1, originalInput1_2)
mutants/src/chiSquare.py:624: in x_chiSquare__mutmut_22
    dev = observed[i] - (ratio * expected[i])
E   TypeError: unsupported operand type(s) for *: 'NoneType' and 'float'
_______________________ test_chiSquare_with_func[originalInput1_16-originalInput1_26] _______________________
mutants/tests/chiSquareTest.py:146: in test_chiSquare_with_func
    originalResult = func(originalInput1_1, originalInput1_2)
mutants/src/chiSquare.py:624: in x_chiSquare__mutmut_22
    dev = observed[i] - (ratio * expected[i])
E   TypeError: unsupported operand type(s) for *: 'NoneType' and 'float'
_______________________ test_chiSquare_with_func[originalInput1_17-originalInput1_27] _______________________
mutants/tests/chiSquareTest.py:146: in test_chiSquare_with_func
    originalResult = func(originalInput1_1, originalInput1_2)
mutants/src/chiSquare.py:624: in x_chiSquare__mutmut_22
    dev = observed[i] - (ratio * expected[i])
E   TypeError: unsupported operand type(s) for *: 'NoneType' and 'float'
_______________________ test_chiSquare_with_func[originalInput1_18-originalInput1_28] _______________________
mutants/tests/chiSquareTest.py:146: in test_chiSquare_with_func
    originalResult = func(originalInput1_1, originalInput1_2)
mutants/src/chiSquare.py:624: in x_chiSquare__mutmut_22
    dev = observed[i] - (ratio * expected[i])
E   TypeError: unsupported operand type(s) for *: 'NoneType' and 'float'
_______________________ test_chiSquare_with_func[originalInput1_19-originalInput1_29] _______________________
mutants/tests/chiSquareTest.py:146: in test_chiSquare_with_func
    originalResult = func(originalInput1_1, originalInput1_2)
mutants/src/chiSquare.py:624: in x_chiSquare__mutmut_22
    dev = observed[i] - (ratio * expected[i])
E   TypeError: unsupported operand type(s) for *: 'NoneType' and 'float'
============================================= warnings summary ==============================================
../../anaconda3/envs/mutmut39/lib/python3.9/site-packages/_pytest/config/__init__.py:1474
  /home/rts/anaconda3/envs/mutmut39/lib/python3.9/site-packages/_pytest/config/__init__.py:1474: PytestConfigWarning: Unknown config option: pytest -vv --tb
  
    self._warn_or_fail_if_strict(f"Unknown config option: {key}\n")

-- Docs: https://docs.pytest.org/en/stable/how-to/capture-warnings.html
========================================== short test summary info ==========================================
FAILED mutants/tests/chiSquareTest.py::test_chiSquare_with_func[originalInput1_10-originalInput1_20] - ZeroDivisionError: float division by zero
FAILED mutants/tests/chiSquareTest.py::test_chiSquare_with_func[originalInput1_11-originalInput1_21] - ZeroDivisionError: float division by zero
FAILED mutants/tests/chiSquareTest.py::test_chiSquare_with_func[originalInput1_12-originalInput1_22] - TypeError: unsupported operand type(s) for *: 'NoneType' and 'float'
FAILED mutants/tests/chiSquareTest.py::test_chiSquare_with_func[originalInput1_13-originalInput1_23] - TypeError: unsupported operand type(s) for *: 'NoneType' and 'float'
FAILED mutants/tests/chiSquareTest.py::test_chiSquare_with_func[originalInput1_14-originalInput1_24] - TypeError: unsupported operand type(s) for *: 'NoneType' and 'float'
FAILED mutants/tests/chiSquareTest.py::test_chiSquare_with_func[originalInput1_15-originalInput1_25] - TypeError: unsupported operand type(s) for *: 'NoneType' and 'float'
FAILED mutants/tests/chiSquareTest.py::test_chiSquare_with_func[originalInput1_16-originalInput1_26] - TypeError: unsupported operand type(s) for *: 'NoneType' and 'float'
FAILED mutants/tests/chiSquareTest.py::test_chiSquare_with_func[originalInput1_17-originalInput1_27] - TypeError: unsupported operand type(s) for *: 'NoneType' and 'float'
FAILED mutants/tests/chiSquareTest.py::test_chiSquare_with_func[originalInput1_18-originalInput1_28] - TypeError: unsupported operand type(s) for *: 'NoneType' and 'float'
FAILED mutants/tests/chiSquareTest.py::test_chiSquare_with_func[originalInput1_19-originalInput1_29] - TypeError: unsupported operand type(s) for *: 'NoneType' and 'float'
10 failed, 1 warning in 0.13s
❌ x_chiSquare__mutmut_22 存在失败 (退出码 1)

================================================================================
RUNNING chiSquare.py :: x_chiSquare__mutmut_23  -  2025-10-16T14:18:52.229723
================================================================================

>>> 当前使用的函数: x_chiSquare__mutmut_23
函数源码如下：
def x_chiSquare__mutmut_23(expected, observed):
    sumExpected = 0
    sumObserved = 0

    for i in range(0, len(observed)):
        sumExpected += expected[i]
        sumObserved += observed[i]

    ratio = 1
    rescale = False

    if abs(sumExpected - sumObserved) > 10E-6:
        ratio = sumObserved * sumExpected
        rescale = True

    sumSq = 0

    for i in range(0, len(observed)):
        if rescale:
            dev = observed[i] - (ratio * expected[i])
            sumSq += (dev * dev) / (ratio * expected[i])
        else:
            dev = observed[i] - expected[i]
            sumSq += dev * dev / expected[i]

    return sumSq

FFFFFFFFFF
================================================= FAILURES ==================================================
_______________________ test_chiSquare_with_func[originalInput1_10-originalInput1_20] _______________________
mutants/tests/chiSquareTest.py:147: in test_chiSquare_with_func
    applyMR_Assert(originalInput1_1, originalInput1_2, originalResult)
mutants/tests/chiSquareTest.py:25: in applyMR_Assert
    transformResult3_1 = func(transformInput3_1, transformInput3_2)
mutants/src/chiSquare.py:654: in x_chiSquare__mutmut_23
    sumSq += dev * dev / expected[i]
E   ZeroDivisionError: float division by zero
_______________________ test_chiSquare_with_func[originalInput1_11-originalInput1_21] _______________________
mutants/tests/chiSquareTest.py:147: in test_chiSquare_with_func
    applyMR_Assert(originalInput1_1, originalInput1_2, originalResult)
mutants/tests/chiSquareTest.py:25: in applyMR_Assert
    transformResult3_1 = func(transformInput3_1, transformInput3_2)
mutants/src/chiSquare.py:654: in x_chiSquare__mutmut_23
    sumSq += dev * dev / expected[i]
E   ZeroDivisionError: float division by zero
_______________________ test_chiSquare_with_func[originalInput1_12-originalInput1_22] _______________________
mutants/tests/chiSquareTest.py:147: in test_chiSquare_with_func
    applyMR_Assert(originalInput1_1, originalInput1_2, originalResult)
mutants/tests/chiSquareTest.py:25: in applyMR_Assert
    transformResult3_1 = func(transformInput3_1, transformInput3_2)
mutants/src/chiSquare.py:651: in x_chiSquare__mutmut_23
    sumSq += (dev * dev) / (ratio * expected[i])
E   ZeroDivisionError: float division by zero
_______________________ test_chiSquare_with_func[originalInput1_13-originalInput1_23] _______________________
mutants/tests/chiSquareTest.py:147: in test_chiSquare_with_func
    applyMR_Assert(originalInput1_1, originalInput1_2, originalResult)
mutants/tests/chiSquareTest.py:25: in applyMR_Assert
    transformResult3_1 = func(transformInput3_1, transformInput3_2)
mutants/src/chiSquare.py:651: in x_chiSquare__mutmut_23
    sumSq += (dev * dev) / (ratio * expected[i])
E   ZeroDivisionError: float division by zero
_______________________ test_chiSquare_with_func[originalInput1_14-originalInput1_24] _______________________
mutants/tests/chiSquareTest.py:147: in test_chiSquare_with_func
    applyMR_Assert(originalInput1_1, originalInput1_2, originalResult)
mutants/tests/chiSquareTest.py:25: in applyMR_Assert
    transformResult3_1 = func(transformInput3_1, transformInput3_2)
mutants/src/chiSquare.py:651: in x_chiSquare__mutmut_23
    sumSq += (dev * dev) / (ratio * expected[i])
E   ZeroDivisionError: float division by zero
_______________________ test_chiSquare_with_func[originalInput1_15-originalInput1_25] _______________________
mutants/tests/chiSquareTest.py:147: in test_chiSquare_with_func
    applyMR_Assert(originalInput1_1, originalInput1_2, originalResult)
mutants/tests/chiSquareTest.py:25: in applyMR_Assert
    transformResult3_1 = func(transformInput3_1, transformInput3_2)
mutants/src/chiSquare.py:651: in x_chiSquare__mutmut_23
    sumSq += (dev * dev) / (ratio * expected[i])
E   ZeroDivisionError: float division by zero
_______________________ test_chiSquare_with_func[originalInput1_16-originalInput1_26] _______________________
mutants/tests/chiSquareTest.py:147: in test_chiSquare_with_func
    applyMR_Assert(originalInput1_1, originalInput1_2, originalResult)
mutants/tests/chiSquareTest.py:25: in applyMR_Assert
    transformResult3_1 = func(transformInput3_1, transformInput3_2)
mutants/src/chiSquare.py:651: in x_chiSquare__mutmut_23
    sumSq += (dev * dev) / (ratio * expected[i])
E   ZeroDivisionError: float division by zero
_______________________ test_chiSquare_with_func[originalInput1_17-originalInput1_27] _______________________
mutants/tests/chiSquareTest.py:147: in test_chiSquare_with_func
    applyMR_Assert(originalInput1_1, originalInput1_2, originalResult)
mutants/tests/chiSquareTest.py:25: in applyMR_Assert
    transformResult3_1 = func(transformInput3_1, transformInput3_2)
mutants/src/chiSquare.py:651: in x_chiSquare__mutmut_23
    sumSq += (dev * dev) / (ratio * expected[i])
E   ZeroDivisionError: float division by zero
_______________________ test_chiSquare_with_func[originalInput1_18-originalInput1_28] _______________________
mutants/tests/chiSquareTest.py:147: in test_chiSquare_with_func
    applyMR_Assert(originalInput1_1, originalInput1_2, originalResult)
mutants/tests/chiSquareTest.py:25: in applyMR_Assert
    transformResult3_1 = func(transformInput3_1, transformInput3_2)
mutants/src/chiSquare.py:651: in x_chiSquare__mutmut_23
    sumSq += (dev * dev) / (ratio * expected[i])
E   ZeroDivisionError: float division by zero
_______________________ test_chiSquare_with_func[originalInput1_19-originalInput1_29] _______________________
mutants/tests/chiSquareTest.py:147: in test_chiSquare_with_func
    applyMR_Assert(originalInput1_1, originalInput1_2, originalResult)
mutants/tests/chiSquareTest.py:25: in applyMR_Assert
    transformResult3_1 = func(transformInput3_1, transformInput3_2)
mutants/src/chiSquare.py:651: in x_chiSquare__mutmut_23
    sumSq += (dev * dev) / (ratio * expected[i])
E   ZeroDivisionError: float division by zero
============================================= warnings summary ==============================================
../../anaconda3/envs/mutmut39/lib/python3.9/site-packages/_pytest/config/__init__.py:1474
  /home/rts/anaconda3/envs/mutmut39/lib/python3.9/site-packages/_pytest/config/__init__.py:1474: PytestConfigWarning: Unknown config option: pytest -vv --tb
  
    self._warn_or_fail_if_strict(f"Unknown config option: {key}\n")

-- Docs: https://docs.pytest.org/en/stable/how-to/capture-warnings.html
========================================== short test summary info ==========================================
FAILED mutants/tests/chiSquareTest.py::test_chiSquare_with_func[originalInput1_10-originalInput1_20] - ZeroDivisionError: float division by zero
FAILED mutants/tests/chiSquareTest.py::test_chiSquare_with_func[originalInput1_11-originalInput1_21] - ZeroDivisionError: float division by zero
FAILED mutants/tests/chiSquareTest.py::test_chiSquare_with_func[originalInput1_12-originalInput1_22] - ZeroDivisionError: float division by zero
FAILED mutants/tests/chiSquareTest.py::test_chiSquare_with_func[originalInput1_13-originalInput1_23] - ZeroDivisionError: float division by zero
FAILED mutants/tests/chiSquareTest.py::test_chiSquare_with_func[originalInput1_14-originalInput1_24] - ZeroDivisionError: float division by zero
FAILED mutants/tests/chiSquareTest.py::test_chiSquare_with_func[originalInput1_15-originalInput1_25] - ZeroDivisionError: float division by zero
FAILED mutants/tests/chiSquareTest.py::test_chiSquare_with_func[originalInput1_16-originalInput1_26] - ZeroDivisionError: float division by zero
FAILED mutants/tests/chiSquareTest.py::test_chiSquare_with_func[originalInput1_17-originalInput1_27] - ZeroDivisionError: float division by zero
FAILED mutants/tests/chiSquareTest.py::test_chiSquare_with_func[originalInput1_18-originalInput1_28] - ZeroDivisionError: float division by zero
FAILED mutants/tests/chiSquareTest.py::test_chiSquare_with_func[originalInput1_19-originalInput1_29] - ZeroDivisionError: float division by zero
10 failed, 1 warning in 0.14s
❌ x_chiSquare__mutmut_23 存在失败 (退出码 1)

================================================================================
RUNNING chiSquare.py :: x_chiSquare__mutmut_24  -  2025-10-16T14:18:52.414311
================================================================================

>>> 当前使用的函数: x_chiSquare__mutmut_24
函数源码如下：
def x_chiSquare__mutmut_24(expected, observed):
    sumExpected = 0
    sumObserved = 0

    for i in range(0, len(observed)):
        sumExpected += expected[i]
        sumObserved += observed[i]

    ratio = 1
    rescale = False

    if abs(sumExpected - sumObserved) > 10E-6:
        ratio = sumObserved / sumExpected
        rescale = None

    sumSq = 0

    for i in range(0, len(observed)):
        if rescale:
            dev = observed[i] - (ratio * expected[i])
            sumSq += (dev * dev) / (ratio * expected[i])
        else:
            dev = observed[i] - expected[i]
            sumSq += dev * dev / expected[i]

    return sumSq

FFFFFFFFFF
================================================= FAILURES ==================================================
_______________________ test_chiSquare_with_func[originalInput1_10-originalInput1_20] _______________________
mutants/tests/chiSquareTest.py:147: in test_chiSquare_with_func
    applyMR_Assert(originalInput1_1, originalInput1_2, originalResult)
mutants/tests/chiSquareTest.py:25: in applyMR_Assert
    transformResult3_1 = func(transformInput3_1, transformInput3_2)
mutants/src/chiSquare.py:680: in x_chiSquare__mutmut_24
    sumSq += dev * dev / expected[i]
E   ZeroDivisionError: float division by zero
_______________________ test_chiSquare_with_func[originalInput1_11-originalInput1_21] _______________________
mutants/tests/chiSquareTest.py:147: in test_chiSquare_with_func
    applyMR_Assert(originalInput1_1, originalInput1_2, originalResult)
mutants/tests/chiSquareTest.py:25: in applyMR_Assert
    transformResult3_1 = func(transformInput3_1, transformInput3_2)
mutants/src/chiSquare.py:680: in x_chiSquare__mutmut_24
    sumSq += dev * dev / expected[i]
E   ZeroDivisionError: float division by zero
_______________________ test_chiSquare_with_func[originalInput1_12-originalInput1_22] _______________________
mutants/tests/chiSquareTest.py:147: in test_chiSquare_with_func
    applyMR_Assert(originalInput1_1, originalInput1_2, originalResult)
mutants/tests/chiSquareTest.py:25: in applyMR_Assert
    transformResult3_1 = func(transformInput3_1, transformInput3_2)
mutants/src/chiSquare.py:680: in x_chiSquare__mutmut_24
    sumSq += dev * dev / expected[i]
E   ZeroDivisionError: float division by zero
_______________________ test_chiSquare_with_func[originalInput1_13-originalInput1_23] _______________________
mutants/tests/chiSquareTest.py:147: in test_chiSquare_with_func
    applyMR_Assert(originalInput1_1, originalInput1_2, originalResult)
mutants/tests/chiSquareTest.py:25: in applyMR_Assert
    transformResult3_1 = func(transformInput3_1, transformInput3_2)
mutants/src/chiSquare.py:680: in x_chiSquare__mutmut_24
    sumSq += dev * dev / expected[i]
E   ZeroDivisionError: float division by zero
_______________________ test_chiSquare_with_func[originalInput1_14-originalInput1_24] _______________________
mutants/tests/chiSquareTest.py:147: in test_chiSquare_with_func
    applyMR_Assert(originalInput1_1, originalInput1_2, originalResult)
mutants/tests/chiSquareTest.py:25: in applyMR_Assert
    transformResult3_1 = func(transformInput3_1, transformInput3_2)
mutants/src/chiSquare.py:680: in x_chiSquare__mutmut_24
    sumSq += dev * dev / expected[i]
E   ZeroDivisionError: float division by zero
_______________________ test_chiSquare_with_func[originalInput1_15-originalInput1_25] _______________________
mutants/tests/chiSquareTest.py:147: in test_chiSquare_with_func
    applyMR_Assert(originalInput1_1, originalInput1_2, originalResult)
mutants/tests/chiSquareTest.py:25: in applyMR_Assert
    transformResult3_1 = func(transformInput3_1, transformInput3_2)
mutants/src/chiSquare.py:680: in x_chiSquare__mutmut_24
    sumSq += dev * dev / expected[i]
E   ZeroDivisionError: float division by zero
_______________________ test_chiSquare_with_func[originalInput1_16-originalInput1_26] _______________________
mutants/tests/chiSquareTest.py:147: in test_chiSquare_with_func
    applyMR_Assert(originalInput1_1, originalInput1_2, originalResult)
mutants/tests/chiSquareTest.py:25: in applyMR_Assert
    transformResult3_1 = func(transformInput3_1, transformInput3_2)
mutants/src/chiSquare.py:680: in x_chiSquare__mutmut_24
    sumSq += dev * dev / expected[i]
E   ZeroDivisionError: float division by zero
_______________________ test_chiSquare_with_func[originalInput1_17-originalInput1_27] _______________________
mutants/tests/chiSquareTest.py:147: in test_chiSquare_with_func
    applyMR_Assert(originalInput1_1, originalInput1_2, originalResult)
mutants/tests/chiSquareTest.py:25: in applyMR_Assert
    transformResult3_1 = func(transformInput3_1, transformInput3_2)
mutants/src/chiSquare.py:680: in x_chiSquare__mutmut_24
    sumSq += dev * dev / expected[i]
E   ZeroDivisionError: float division by zero
_______________________ test_chiSquare_with_func[originalInput1_18-originalInput1_28] _______________________
mutants/tests/chiSquareTest.py:147: in test_chiSquare_with_func
    applyMR_Assert(originalInput1_1, originalInput1_2, originalResult)
mutants/tests/chiSquareTest.py:25: in applyMR_Assert
    transformResult3_1 = func(transformInput3_1, transformInput3_2)
mutants/src/chiSquare.py:680: in x_chiSquare__mutmut_24
    sumSq += dev * dev / expected[i]
E   ZeroDivisionError: float division by zero
_______________________ test_chiSquare_with_func[originalInput1_19-originalInput1_29] _______________________
mutants/tests/chiSquareTest.py:147: in test_chiSquare_with_func
    applyMR_Assert(originalInput1_1, originalInput1_2, originalResult)
mutants/tests/chiSquareTest.py:25: in applyMR_Assert
    transformResult3_1 = func(transformInput3_1, transformInput3_2)
mutants/src/chiSquare.py:680: in x_chiSquare__mutmut_24
    sumSq += dev * dev / expected[i]
E   ZeroDivisionError: float division by zero
============================================= warnings summary ==============================================
../../anaconda3/envs/mutmut39/lib/python3.9/site-packages/_pytest/config/__init__.py:1474
  /home/rts/anaconda3/envs/mutmut39/lib/python3.9/site-packages/_pytest/config/__init__.py:1474: PytestConfigWarning: Unknown config option: pytest -vv --tb
  
    self._warn_or_fail_if_strict(f"Unknown config option: {key}\n")

-- Docs: https://docs.pytest.org/en/stable/how-to/capture-warnings.html
========================================== short test summary info ==========================================
FAILED mutants/tests/chiSquareTest.py::test_chiSquare_with_func[originalInput1_10-originalInput1_20] - ZeroDivisionError: float division by zero
FAILED mutants/tests/chiSquareTest.py::test_chiSquare_with_func[originalInput1_11-originalInput1_21] - ZeroDivisionError: float division by zero
FAILED mutants/tests/chiSquareTest.py::test_chiSquare_with_func[originalInput1_12-originalInput1_22] - ZeroDivisionError: float division by zero
FAILED mutants/tests/chiSquareTest.py::test_chiSquare_with_func[originalInput1_13-originalInput1_23] - ZeroDivisionError: float division by zero
FAILED mutants/tests/chiSquareTest.py::test_chiSquare_with_func[originalInput1_14-originalInput1_24] - ZeroDivisionError: float division by zero
FAILED mutants/tests/chiSquareTest.py::test_chiSquare_with_func[originalInput1_15-originalInput1_25] - ZeroDivisionError: float division by zero
FAILED mutants/tests/chiSquareTest.py::test_chiSquare_with_func[originalInput1_16-originalInput1_26] - ZeroDivisionError: float division by zero
FAILED mutants/tests/chiSquareTest.py::test_chiSquare_with_func[originalInput1_17-originalInput1_27] - ZeroDivisionError: float division by zero
FAILED mutants/tests/chiSquareTest.py::test_chiSquare_with_func[originalInput1_18-originalInput1_28] - ZeroDivisionError: float division by zero
FAILED mutants/tests/chiSquareTest.py::test_chiSquare_with_func[originalInput1_19-originalInput1_29] - ZeroDivisionError: float division by zero
10 failed, 1 warning in 0.14s
❌ x_chiSquare__mutmut_24 存在失败 (退出码 1)

================================================================================
RUNNING chiSquare.py :: x_chiSquare__mutmut_25  -  2025-10-16T14:18:52.597597
================================================================================

>>> 当前使用的函数: x_chiSquare__mutmut_25
函数源码如下：
def x_chiSquare__mutmut_25(expected, observed):
    sumExpected = 0
    sumObserved = 0

    for i in range(0, len(observed)):
        sumExpected += expected[i]
        sumObserved += observed[i]

    ratio = 1
    rescale = False

    if abs(sumExpected - sumObserved) > 10E-6:
        ratio = sumObserved / sumExpected
        rescale = False

    sumSq = 0

    for i in range(0, len(observed)):
        if rescale:
            dev = observed[i] - (ratio * expected[i])
            sumSq += (dev * dev) / (ratio * expected[i])
        else:
            dev = observed[i] - expected[i]
            sumSq += dev * dev / expected[i]

    return sumSq

FFFFFFFFFF
================================================= FAILURES ==================================================
_______________________ test_chiSquare_with_func[originalInput1_10-originalInput1_20] _______________________
mutants/tests/chiSquareTest.py:147: in test_chiSquare_with_func
    applyMR_Assert(originalInput1_1, originalInput1_2, originalResult)
mutants/tests/chiSquareTest.py:25: in applyMR_Assert
    transformResult3_1 = func(transformInput3_1, transformInput3_2)
mutants/src/chiSquare.py:706: in x_chiSquare__mutmut_25
    sumSq += dev * dev / expected[i]
E   ZeroDivisionError: float division by zero
_______________________ test_chiSquare_with_func[originalInput1_11-originalInput1_21] _______________________
mutants/tests/chiSquareTest.py:147: in test_chiSquare_with_func
    applyMR_Assert(originalInput1_1, originalInput1_2, originalResult)
mutants/tests/chiSquareTest.py:25: in applyMR_Assert
    transformResult3_1 = func(transformInput3_1, transformInput3_2)
mutants/src/chiSquare.py:706: in x_chiSquare__mutmut_25
    sumSq += dev * dev / expected[i]
E   ZeroDivisionError: float division by zero
_______________________ test_chiSquare_with_func[originalInput1_12-originalInput1_22] _______________________
mutants/tests/chiSquareTest.py:147: in test_chiSquare_with_func
    applyMR_Assert(originalInput1_1, originalInput1_2, originalResult)
mutants/tests/chiSquareTest.py:25: in applyMR_Assert
    transformResult3_1 = func(transformInput3_1, transformInput3_2)
mutants/src/chiSquare.py:706: in x_chiSquare__mutmut_25
    sumSq += dev * dev / expected[i]
E   ZeroDivisionError: float division by zero
_______________________ test_chiSquare_with_func[originalInput1_13-originalInput1_23] _______________________
mutants/tests/chiSquareTest.py:147: in test_chiSquare_with_func
    applyMR_Assert(originalInput1_1, originalInput1_2, originalResult)
mutants/tests/chiSquareTest.py:25: in applyMR_Assert
    transformResult3_1 = func(transformInput3_1, transformInput3_2)
mutants/src/chiSquare.py:706: in x_chiSquare__mutmut_25
    sumSq += dev * dev / expected[i]
E   ZeroDivisionError: float division by zero
_______________________ test_chiSquare_with_func[originalInput1_14-originalInput1_24] _______________________
mutants/tests/chiSquareTest.py:147: in test_chiSquare_with_func
    applyMR_Assert(originalInput1_1, originalInput1_2, originalResult)
mutants/tests/chiSquareTest.py:25: in applyMR_Assert
    transformResult3_1 = func(transformInput3_1, transformInput3_2)
mutants/src/chiSquare.py:706: in x_chiSquare__mutmut_25
    sumSq += dev * dev / expected[i]
E   ZeroDivisionError: float division by zero
_______________________ test_chiSquare_with_func[originalInput1_15-originalInput1_25] _______________________
mutants/tests/chiSquareTest.py:147: in test_chiSquare_with_func
    applyMR_Assert(originalInput1_1, originalInput1_2, originalResult)
mutants/tests/chiSquareTest.py:25: in applyMR_Assert
    transformResult3_1 = func(transformInput3_1, transformInput3_2)
mutants/src/chiSquare.py:706: in x_chiSquare__mutmut_25
    sumSq += dev * dev / expected[i]
E   ZeroDivisionError: float division by zero
_______________________ test_chiSquare_with_func[originalInput1_16-originalInput1_26] _______________________
mutants/tests/chiSquareTest.py:147: in test_chiSquare_with_func
    applyMR_Assert(originalInput1_1, originalInput1_2, originalResult)
mutants/tests/chiSquareTest.py:25: in applyMR_Assert
    transformResult3_1 = func(transformInput3_1, transformInput3_2)
mutants/src/chiSquare.py:706: in x_chiSquare__mutmut_25
    sumSq += dev * dev / expected[i]
E   ZeroDivisionError: float division by zero
_______________________ test_chiSquare_with_func[originalInput1_17-originalInput1_27] _______________________
mutants/tests/chiSquareTest.py:147: in test_chiSquare_with_func
    applyMR_Assert(originalInput1_1, originalInput1_2, originalResult)
mutants/tests/chiSquareTest.py:25: in applyMR_Assert
    transformResult3_1 = func(transformInput3_1, transformInput3_2)
mutants/src/chiSquare.py:706: in x_chiSquare__mutmut_25
    sumSq += dev * dev / expected[i]
E   ZeroDivisionError: float division by zero
_______________________ test_chiSquare_with_func[originalInput1_18-originalInput1_28] _______________________
mutants/tests/chiSquareTest.py:147: in test_chiSquare_with_func
    applyMR_Assert(originalInput1_1, originalInput1_2, originalResult)
mutants/tests/chiSquareTest.py:25: in applyMR_Assert
    transformResult3_1 = func(transformInput3_1, transformInput3_2)
mutants/src/chiSquare.py:706: in x_chiSquare__mutmut_25
    sumSq += dev * dev / expected[i]
E   ZeroDivisionError: float division by zero
_______________________ test_chiSquare_with_func[originalInput1_19-originalInput1_29] _______________________
mutants/tests/chiSquareTest.py:147: in test_chiSquare_with_func
    applyMR_Assert(originalInput1_1, originalInput1_2, originalResult)
mutants/tests/chiSquareTest.py:25: in applyMR_Assert
    transformResult3_1 = func(transformInput3_1, transformInput3_2)
mutants/src/chiSquare.py:706: in x_chiSquare__mutmut_25
    sumSq += dev * dev / expected[i]
E   ZeroDivisionError: float division by zero
============================================= warnings summary ==============================================
../../anaconda3/envs/mutmut39/lib/python3.9/site-packages/_pytest/config/__init__.py:1474
  /home/rts/anaconda3/envs/mutmut39/lib/python3.9/site-packages/_pytest/config/__init__.py:1474: PytestConfigWarning: Unknown config option: pytest -vv --tb
  
    self._warn_or_fail_if_strict(f"Unknown config option: {key}\n")

-- Docs: https://docs.pytest.org/en/stable/how-to/capture-warnings.html
========================================== short test summary info ==========================================
FAILED mutants/tests/chiSquareTest.py::test_chiSquare_with_func[originalInput1_10-originalInput1_20] - ZeroDivisionError: float division by zero
FAILED mutants/tests/chiSquareTest.py::test_chiSquare_with_func[originalInput1_11-originalInput1_21] - ZeroDivisionError: float division by zero
FAILED mutants/tests/chiSquareTest.py::test_chiSquare_with_func[originalInput1_12-originalInput1_22] - ZeroDivisionError: float division by zero
FAILED mutants/tests/chiSquareTest.py::test_chiSquare_with_func[originalInput1_13-originalInput1_23] - ZeroDivisionError: float division by zero
FAILED mutants/tests/chiSquareTest.py::test_chiSquare_with_func[originalInput1_14-originalInput1_24] - ZeroDivisionError: float division by zero
FAILED mutants/tests/chiSquareTest.py::test_chiSquare_with_func[originalInput1_15-originalInput1_25] - ZeroDivisionError: float division by zero
FAILED mutants/tests/chiSquareTest.py::test_chiSquare_with_func[originalInput1_16-originalInput1_26] - ZeroDivisionError: float division by zero
FAILED mutants/tests/chiSquareTest.py::test_chiSquare_with_func[originalInput1_17-originalInput1_27] - ZeroDivisionError: float division by zero
FAILED mutants/tests/chiSquareTest.py::test_chiSquare_with_func[originalInput1_18-originalInput1_28] - ZeroDivisionError: float division by zero
FAILED mutants/tests/chiSquareTest.py::test_chiSquare_with_func[originalInput1_19-originalInput1_29] - ZeroDivisionError: float division by zero
10 failed, 1 warning in 0.14s
❌ x_chiSquare__mutmut_25 存在失败 (退出码 1)

================================================================================
RUNNING chiSquare.py :: x_chiSquare__mutmut_26  -  2025-10-16T14:18:52.781010
================================================================================

>>> 当前使用的函数: x_chiSquare__mutmut_26
函数源码如下：
def x_chiSquare__mutmut_26(expected, observed):
    sumExpected = 0
    sumObserved = 0

    for i in range(0, len(observed)):
        sumExpected += expected[i]
        sumObserved += observed[i]

    ratio = 1
    rescale = False

    if abs(sumExpected - sumObserved) > 10E-6:
        ratio = sumObserved / sumExpected
        rescale = True

    sumSq = None

    for i in range(0, len(observed)):
        if rescale:
            dev = observed[i] - (ratio * expected[i])
            sumSq += (dev * dev) / (ratio * expected[i])
        else:
            dev = observed[i] - expected[i]
            sumSq += dev * dev / expected[i]

    return sumSq

FFFFFFFFFF
================================================= FAILURES ==================================================
_______________________ test_chiSquare_with_func[originalInput1_10-originalInput1_20] _______________________
mutants/tests/chiSquareTest.py:146: in test_chiSquare_with_func
    originalResult = func(originalInput1_1, originalInput1_2)
mutants/src/chiSquare.py:732: in x_chiSquare__mutmut_26
    sumSq += dev * dev / expected[i]
E   TypeError: unsupported operand type(s) for +=: 'NoneType' and 'float'
_______________________ test_chiSquare_with_func[originalInput1_11-originalInput1_21] _______________________
mutants/tests/chiSquareTest.py:146: in test_chiSquare_with_func
    originalResult = func(originalInput1_1, originalInput1_2)
mutants/src/chiSquare.py:732: in x_chiSquare__mutmut_26
    sumSq += dev * dev / expected[i]
E   TypeError: unsupported operand type(s) for +=: 'NoneType' and 'float'
_______________________ test_chiSquare_with_func[originalInput1_12-originalInput1_22] _______________________
mutants/tests/chiSquareTest.py:146: in test_chiSquare_with_func
    originalResult = func(originalInput1_1, originalInput1_2)
mutants/src/chiSquare.py:729: in x_chiSquare__mutmut_26
    sumSq += (dev * dev) / (ratio * expected[i])
E   TypeError: unsupported operand type(s) for +=: 'NoneType' and 'float'
_______________________ test_chiSquare_with_func[originalInput1_13-originalInput1_23] _______________________
mutants/tests/chiSquareTest.py:146: in test_chiSquare_with_func
    originalResult = func(originalInput1_1, originalInput1_2)
mutants/src/chiSquare.py:729: in x_chiSquare__mutmut_26
    sumSq += (dev * dev) / (ratio * expected[i])
E   TypeError: unsupported operand type(s) for +=: 'NoneType' and 'float'
_______________________ test_chiSquare_with_func[originalInput1_14-originalInput1_24] _______________________
mutants/tests/chiSquareTest.py:146: in test_chiSquare_with_func
    originalResult = func(originalInput1_1, originalInput1_2)
mutants/src/chiSquare.py:729: in x_chiSquare__mutmut_26
    sumSq += (dev * dev) / (ratio * expected[i])
E   TypeError: unsupported operand type(s) for +=: 'NoneType' and 'float'
_______________________ test_chiSquare_with_func[originalInput1_15-originalInput1_25] _______________________
mutants/tests/chiSquareTest.py:146: in test_chiSquare_with_func
    originalResult = func(originalInput1_1, originalInput1_2)
mutants/src/chiSquare.py:729: in x_chiSquare__mutmut_26
    sumSq += (dev * dev) / (ratio * expected[i])
E   TypeError: unsupported operand type(s) for +=: 'NoneType' and 'float'
_______________________ test_chiSquare_with_func[originalInput1_16-originalInput1_26] _______________________
mutants/tests/chiSquareTest.py:146: in test_chiSquare_with_func
    originalResult = func(originalInput1_1, originalInput1_2)
mutants/src/chiSquare.py:729: in x_chiSquare__mutmut_26
    sumSq += (dev * dev) / (ratio * expected[i])
E   TypeError: unsupported operand type(s) for +=: 'NoneType' and 'float'
_______________________ test_chiSquare_with_func[originalInput1_17-originalInput1_27] _______________________
mutants/tests/chiSquareTest.py:146: in test_chiSquare_with_func
    originalResult = func(originalInput1_1, originalInput1_2)
mutants/src/chiSquare.py:729: in x_chiSquare__mutmut_26
    sumSq += (dev * dev) / (ratio * expected[i])
E   TypeError: unsupported operand type(s) for +=: 'NoneType' and 'float'
_______________________ test_chiSquare_with_func[originalInput1_18-originalInput1_28] _______________________
mutants/tests/chiSquareTest.py:146: in test_chiSquare_with_func
    originalResult = func(originalInput1_1, originalInput1_2)
mutants/src/chiSquare.py:729: in x_chiSquare__mutmut_26
    sumSq += (dev * dev) / (ratio * expected[i])
E   TypeError: unsupported operand type(s) for +=: 'NoneType' and 'float'
_______________________ test_chiSquare_with_func[originalInput1_19-originalInput1_29] _______________________
mutants/tests/chiSquareTest.py:146: in test_chiSquare_with_func
    originalResult = func(originalInput1_1, originalInput1_2)
mutants/src/chiSquare.py:729: in x_chiSquare__mutmut_26
    sumSq += (dev * dev) / (ratio * expected[i])
E   TypeError: unsupported operand type(s) for +=: 'NoneType' and 'float'
============================================= warnings summary ==============================================
../../anaconda3/envs/mutmut39/lib/python3.9/site-packages/_pytest/config/__init__.py:1474
  /home/rts/anaconda3/envs/mutmut39/lib/python3.9/site-packages/_pytest/config/__init__.py:1474: PytestConfigWarning: Unknown config option: pytest -vv --tb
  
    self._warn_or_fail_if_strict(f"Unknown config option: {key}\n")

-- Docs: https://docs.pytest.org/en/stable/how-to/capture-warnings.html
========================================== short test summary info ==========================================
FAILED mutants/tests/chiSquareTest.py::test_chiSquare_with_func[originalInput1_10-originalInput1_20] - TypeError: unsupported operand type(s) for +=: 'NoneType' and 'float'
FAILED mutants/tests/chiSquareTest.py::test_chiSquare_with_func[originalInput1_11-originalInput1_21] - TypeError: unsupported operand type(s) for +=: 'NoneType' and 'float'
FAILED mutants/tests/chiSquareTest.py::test_chiSquare_with_func[originalInput1_12-originalInput1_22] - TypeError: unsupported operand type(s) for +=: 'NoneType' and 'float'
FAILED mutants/tests/chiSquareTest.py::test_chiSquare_with_func[originalInput1_13-originalInput1_23] - TypeError: unsupported operand type(s) for +=: 'NoneType' and 'float'
FAILED mutants/tests/chiSquareTest.py::test_chiSquare_with_func[originalInput1_14-originalInput1_24] - TypeError: unsupported operand type(s) for +=: 'NoneType' and 'float'
FAILED mutants/tests/chiSquareTest.py::test_chiSquare_with_func[originalInput1_15-originalInput1_25] - TypeError: unsupported operand type(s) for +=: 'NoneType' and 'float'
FAILED mutants/tests/chiSquareTest.py::test_chiSquare_with_func[originalInput1_16-originalInput1_26] - TypeError: unsupported operand type(s) for +=: 'NoneType' and 'float'
FAILED mutants/tests/chiSquareTest.py::test_chiSquare_with_func[originalInput1_17-originalInput1_27] - TypeError: unsupported operand type(s) for +=: 'NoneType' and 'float'
FAILED mutants/tests/chiSquareTest.py::test_chiSquare_with_func[originalInput1_18-originalInput1_28] - TypeError: unsupported operand type(s) for +=: 'NoneType' and 'float'
FAILED mutants/tests/chiSquareTest.py::test_chiSquare_with_func[originalInput1_19-originalInput1_29] - TypeError: unsupported operand type(s) for +=: 'NoneType' and 'float'
10 failed, 1 warning in 0.13s
❌ x_chiSquare__mutmut_26 存在失败 (退出码 1)

================================================================================
RUNNING chiSquare.py :: x_chiSquare__mutmut_27  -  2025-10-16T14:18:52.953688
================================================================================

>>> 当前使用的函数: x_chiSquare__mutmut_27
函数源码如下：
def x_chiSquare__mutmut_27(expected, observed):
    sumExpected = 0
    sumObserved = 0

    for i in range(0, len(observed)):
        sumExpected += expected[i]
        sumObserved += observed[i]

    ratio = 1
    rescale = False

    if abs(sumExpected - sumObserved) > 10E-6:
        ratio = sumObserved / sumExpected
        rescale = True

    sumSq = 1

    for i in range(0, len(observed)):
        if rescale:
            dev = observed[i] - (ratio * expected[i])
            sumSq += (dev * dev) / (ratio * expected[i])
        else:
            dev = observed[i] - expected[i]
            sumSq += dev * dev / expected[i]

    return sumSq

FFFFFFFFFF
================================================= FAILURES ==================================================
_______________________ test_chiSquare_with_func[originalInput1_10-originalInput1_20] _______________________
mutants/tests/chiSquareTest.py:147: in test_chiSquare_with_func
    applyMR_Assert(originalInput1_1, originalInput1_2, originalResult)
mutants/tests/chiSquareTest.py:25: in applyMR_Assert
    transformResult3_1 = func(transformInput3_1, transformInput3_2)
mutants/src/chiSquare.py:758: in x_chiSquare__mutmut_27
    sumSq += dev * dev / expected[i]
E   ZeroDivisionError: float division by zero
_______________________ test_chiSquare_with_func[originalInput1_11-originalInput1_21] _______________________
mutants/tests/chiSquareTest.py:147: in test_chiSquare_with_func
    applyMR_Assert(originalInput1_1, originalInput1_2, originalResult)
mutants/tests/chiSquareTest.py:25: in applyMR_Assert
    transformResult3_1 = func(transformInput3_1, transformInput3_2)
mutants/src/chiSquare.py:758: in x_chiSquare__mutmut_27
    sumSq += dev * dev / expected[i]
E   ZeroDivisionError: float division by zero
_______________________ test_chiSquare_with_func[originalInput1_12-originalInput1_22] _______________________
mutants/tests/chiSquareTest.py:147: in test_chiSquare_with_func
    applyMR_Assert(originalInput1_1, originalInput1_2, originalResult)
mutants/tests/chiSquareTest.py:25: in applyMR_Assert
    transformResult3_1 = func(transformInput3_1, transformInput3_2)
mutants/src/chiSquare.py:755: in x_chiSquare__mutmut_27
    sumSq += (dev * dev) / (ratio * expected[i])
E   ZeroDivisionError: float division by zero
_______________________ test_chiSquare_with_func[originalInput1_13-originalInput1_23] _______________________
mutants/tests/chiSquareTest.py:147: in test_chiSquare_with_func
    applyMR_Assert(originalInput1_1, originalInput1_2, originalResult)
mutants/tests/chiSquareTest.py:25: in applyMR_Assert
    transformResult3_1 = func(transformInput3_1, transformInput3_2)
mutants/src/chiSquare.py:755: in x_chiSquare__mutmut_27
    sumSq += (dev * dev) / (ratio * expected[i])
E   ZeroDivisionError: float division by zero
_______________________ test_chiSquare_with_func[originalInput1_14-originalInput1_24] _______________________
mutants/tests/chiSquareTest.py:147: in test_chiSquare_with_func
    applyMR_Assert(originalInput1_1, originalInput1_2, originalResult)
mutants/tests/chiSquareTest.py:25: in applyMR_Assert
    transformResult3_1 = func(transformInput3_1, transformInput3_2)
mutants/src/chiSquare.py:755: in x_chiSquare__mutmut_27
    sumSq += (dev * dev) / (ratio * expected[i])
E   ZeroDivisionError: float division by zero
_______________________ test_chiSquare_with_func[originalInput1_15-originalInput1_25] _______________________
mutants/tests/chiSquareTest.py:147: in test_chiSquare_with_func
    applyMR_Assert(originalInput1_1, originalInput1_2, originalResult)
mutants/tests/chiSquareTest.py:25: in applyMR_Assert
    transformResult3_1 = func(transformInput3_1, transformInput3_2)
mutants/src/chiSquare.py:755: in x_chiSquare__mutmut_27
    sumSq += (dev * dev) / (ratio * expected[i])
E   ZeroDivisionError: float division by zero
_______________________ test_chiSquare_with_func[originalInput1_16-originalInput1_26] _______________________
mutants/tests/chiSquareTest.py:147: in test_chiSquare_with_func
    applyMR_Assert(originalInput1_1, originalInput1_2, originalResult)
mutants/tests/chiSquareTest.py:25: in applyMR_Assert
    transformResult3_1 = func(transformInput3_1, transformInput3_2)
mutants/src/chiSquare.py:755: in x_chiSquare__mutmut_27
    sumSq += (dev * dev) / (ratio * expected[i])
E   ZeroDivisionError: float division by zero
_______________________ test_chiSquare_with_func[originalInput1_17-originalInput1_27] _______________________
mutants/tests/chiSquareTest.py:147: in test_chiSquare_with_func
    applyMR_Assert(originalInput1_1, originalInput1_2, originalResult)
mutants/tests/chiSquareTest.py:25: in applyMR_Assert
    transformResult3_1 = func(transformInput3_1, transformInput3_2)
mutants/src/chiSquare.py:755: in x_chiSquare__mutmut_27
    sumSq += (dev * dev) / (ratio * expected[i])
E   ZeroDivisionError: float division by zero
_______________________ test_chiSquare_with_func[originalInput1_18-originalInput1_28] _______________________
mutants/tests/chiSquareTest.py:147: in test_chiSquare_with_func
    applyMR_Assert(originalInput1_1, originalInput1_2, originalResult)
mutants/tests/chiSquareTest.py:25: in applyMR_Assert
    transformResult3_1 = func(transformInput3_1, transformInput3_2)
mutants/src/chiSquare.py:755: in x_chiSquare__mutmut_27
    sumSq += (dev * dev) / (ratio * expected[i])
E   ZeroDivisionError: float division by zero
_______________________ test_chiSquare_with_func[originalInput1_19-originalInput1_29] _______________________
mutants/tests/chiSquareTest.py:147: in test_chiSquare_with_func
    applyMR_Assert(originalInput1_1, originalInput1_2, originalResult)
mutants/tests/chiSquareTest.py:25: in applyMR_Assert
    transformResult3_1 = func(transformInput3_1, transformInput3_2)
mutants/src/chiSquare.py:755: in x_chiSquare__mutmut_27
    sumSq += (dev * dev) / (ratio * expected[i])
E   ZeroDivisionError: float division by zero
============================================= warnings summary ==============================================
../../anaconda3/envs/mutmut39/lib/python3.9/site-packages/_pytest/config/__init__.py:1474
  /home/rts/anaconda3/envs/mutmut39/lib/python3.9/site-packages/_pytest/config/__init__.py:1474: PytestConfigWarning: Unknown config option: pytest -vv --tb
  
    self._warn_or_fail_if_strict(f"Unknown config option: {key}\n")

-- Docs: https://docs.pytest.org/en/stable/how-to/capture-warnings.html
========================================== short test summary info ==========================================
FAILED mutants/tests/chiSquareTest.py::test_chiSquare_with_func[originalInput1_10-originalInput1_20] - ZeroDivisionError: float division by zero
FAILED mutants/tests/chiSquareTest.py::test_chiSquare_with_func[originalInput1_11-originalInput1_21] - ZeroDivisionError: float division by zero
FAILED mutants/tests/chiSquareTest.py::test_chiSquare_with_func[originalInput1_12-originalInput1_22] - ZeroDivisionError: float division by zero
FAILED mutants/tests/chiSquareTest.py::test_chiSquare_with_func[originalInput1_13-originalInput1_23] - ZeroDivisionError: float division by zero
FAILED mutants/tests/chiSquareTest.py::test_chiSquare_with_func[originalInput1_14-originalInput1_24] - ZeroDivisionError: float division by zero
FAILED mutants/tests/chiSquareTest.py::test_chiSquare_with_func[originalInput1_15-originalInput1_25] - ZeroDivisionError: float division by zero
FAILED mutants/tests/chiSquareTest.py::test_chiSquare_with_func[originalInput1_16-originalInput1_26] - ZeroDivisionError: float division by zero
FAILED mutants/tests/chiSquareTest.py::test_chiSquare_with_func[originalInput1_17-originalInput1_27] - ZeroDivisionError: float division by zero
FAILED mutants/tests/chiSquareTest.py::test_chiSquare_with_func[originalInput1_18-originalInput1_28] - ZeroDivisionError: float division by zero
FAILED mutants/tests/chiSquareTest.py::test_chiSquare_with_func[originalInput1_19-originalInput1_29] - ZeroDivisionError: float division by zero
10 failed, 1 warning in 0.14s
❌ x_chiSquare__mutmut_27 存在失败 (退出码 1)

================================================================================
RUNNING chiSquare.py :: x_chiSquare__mutmut_28  -  2025-10-16T14:18:53.137403
================================================================================

>>> 当前使用的函数: x_chiSquare__mutmut_28
函数源码如下：
def x_chiSquare__mutmut_28(expected, observed):
    sumExpected = 0
    sumObserved = 0

    for i in range(0, len(observed)):
        sumExpected += expected[i]
        sumObserved += observed[i]

    ratio = 1
    rescale = False

    if abs(sumExpected - sumObserved) > 10E-6:
        ratio = sumObserved / sumExpected
        rescale = True

    sumSq = 0

    for i in range(None, len(observed)):
        if rescale:
            dev = observed[i] - (ratio * expected[i])
            sumSq += (dev * dev) / (ratio * expected[i])
        else:
            dev = observed[i] - expected[i]
            sumSq += dev * dev / expected[i]

    return sumSq

FFFFFFFFFF
================================================= FAILURES ==================================================
_______________________ test_chiSquare_with_func[originalInput1_10-originalInput1_20] _______________________
mutants/tests/chiSquareTest.py:146: in test_chiSquare_with_func
    originalResult = func(originalInput1_1, originalInput1_2)
mutants/src/chiSquare.py:778: in x_chiSquare__mutmut_28
    for i in range(None, len(observed)):
E   TypeError: 'NoneType' object cannot be interpreted as an integer
_______________________ test_chiSquare_with_func[originalInput1_11-originalInput1_21] _______________________
mutants/tests/chiSquareTest.py:146: in test_chiSquare_with_func
    originalResult = func(originalInput1_1, originalInput1_2)
mutants/src/chiSquare.py:778: in x_chiSquare__mutmut_28
    for i in range(None, len(observed)):
E   TypeError: 'NoneType' object cannot be interpreted as an integer
_______________________ test_chiSquare_with_func[originalInput1_12-originalInput1_22] _______________________
mutants/tests/chiSquareTest.py:146: in test_chiSquare_with_func
    originalResult = func(originalInput1_1, originalInput1_2)
mutants/src/chiSquare.py:778: in x_chiSquare__mutmut_28
    for i in range(None, len(observed)):
E   TypeError: 'NoneType' object cannot be interpreted as an integer
_______________________ test_chiSquare_with_func[originalInput1_13-originalInput1_23] _______________________
mutants/tests/chiSquareTest.py:146: in test_chiSquare_with_func
    originalResult = func(originalInput1_1, originalInput1_2)
mutants/src/chiSquare.py:778: in x_chiSquare__mutmut_28
    for i in range(None, len(observed)):
E   TypeError: 'NoneType' object cannot be interpreted as an integer
_______________________ test_chiSquare_with_func[originalInput1_14-originalInput1_24] _______________________
mutants/tests/chiSquareTest.py:146: in test_chiSquare_with_func
    originalResult = func(originalInput1_1, originalInput1_2)
mutants/src/chiSquare.py:778: in x_chiSquare__mutmut_28
    for i in range(None, len(observed)):
E   TypeError: 'NoneType' object cannot be interpreted as an integer
_______________________ test_chiSquare_with_func[originalInput1_15-originalInput1_25] _______________________
mutants/tests/chiSquareTest.py:146: in test_chiSquare_with_func
    originalResult = func(originalInput1_1, originalInput1_2)
mutants/src/chiSquare.py:778: in x_chiSquare__mutmut_28
    for i in range(None, len(observed)):
E   TypeError: 'NoneType' object cannot be interpreted as an integer
_______________________ test_chiSquare_with_func[originalInput1_16-originalInput1_26] _______________________
mutants/tests/chiSquareTest.py:146: in test_chiSquare_with_func
    originalResult = func(originalInput1_1, originalInput1_2)
mutants/src/chiSquare.py:778: in x_chiSquare__mutmut_28
    for i in range(None, len(observed)):
E   TypeError: 'NoneType' object cannot be interpreted as an integer
_______________________ test_chiSquare_with_func[originalInput1_17-originalInput1_27] _______________________
mutants/tests/chiSquareTest.py:146: in test_chiSquare_with_func
    originalResult = func(originalInput1_1, originalInput1_2)
mutants/src/chiSquare.py:778: in x_chiSquare__mutmut_28
    for i in range(None, len(observed)):
E   TypeError: 'NoneType' object cannot be interpreted as an integer
_______________________ test_chiSquare_with_func[originalInput1_18-originalInput1_28] _______________________
mutants/tests/chiSquareTest.py:146: in test_chiSquare_with_func
    originalResult = func(originalInput1_1, originalInput1_2)
mutants/src/chiSquare.py:778: in x_chiSquare__mutmut_28
    for i in range(None, len(observed)):
E   TypeError: 'NoneType' object cannot be interpreted as an integer
_______________________ test_chiSquare_with_func[originalInput1_19-originalInput1_29] _______________________
mutants/tests/chiSquareTest.py:146: in test_chiSquare_with_func
    originalResult = func(originalInput1_1, originalInput1_2)
mutants/src/chiSquare.py:778: in x_chiSquare__mutmut_28
    for i in range(None, len(observed)):
E   TypeError: 'NoneType' object cannot be interpreted as an integer
============================================= warnings summary ==============================================
../../anaconda3/envs/mutmut39/lib/python3.9/site-packages/_pytest/config/__init__.py:1474
  /home/rts/anaconda3/envs/mutmut39/lib/python3.9/site-packages/_pytest/config/__init__.py:1474: PytestConfigWarning: Unknown config option: pytest -vv --tb
  
    self._warn_or_fail_if_strict(f"Unknown config option: {key}\n")

-- Docs: https://docs.pytest.org/en/stable/how-to/capture-warnings.html
========================================== short test summary info ==========================================
FAILED mutants/tests/chiSquareTest.py::test_chiSquare_with_func[originalInput1_10-originalInput1_20] - TypeError: 'NoneType' object cannot be interpreted as an integer
FAILED mutants/tests/chiSquareTest.py::test_chiSquare_with_func[originalInput1_11-originalInput1_21] - TypeError: 'NoneType' object cannot be interpreted as an integer
FAILED mutants/tests/chiSquareTest.py::test_chiSquare_with_func[originalInput1_12-originalInput1_22] - TypeError: 'NoneType' object cannot be interpreted as an integer
FAILED mutants/tests/chiSquareTest.py::test_chiSquare_with_func[originalInput1_13-originalInput1_23] - TypeError: 'NoneType' object cannot be interpreted as an integer
FAILED mutants/tests/chiSquareTest.py::test_chiSquare_with_func[originalInput1_14-originalInput1_24] - TypeError: 'NoneType' object cannot be interpreted as an integer
FAILED mutants/tests/chiSquareTest.py::test_chiSquare_with_func[originalInput1_15-originalInput1_25] - TypeError: 'NoneType' object cannot be interpreted as an integer
FAILED mutants/tests/chiSquareTest.py::test_chiSquare_with_func[originalInput1_16-originalInput1_26] - TypeError: 'NoneType' object cannot be interpreted as an integer
FAILED mutants/tests/chiSquareTest.py::test_chiSquare_with_func[originalInput1_17-originalInput1_27] - TypeError: 'NoneType' object cannot be interpreted as an integer
FAILED mutants/tests/chiSquareTest.py::test_chiSquare_with_func[originalInput1_18-originalInput1_28] - TypeError: 'NoneType' object cannot be interpreted as an integer
FAILED mutants/tests/chiSquareTest.py::test_chiSquare_with_func[originalInput1_19-originalInput1_29] - TypeError: 'NoneType' object cannot be interpreted as an integer
10 failed, 1 warning in 0.13s
❌ x_chiSquare__mutmut_28 存在失败 (退出码 1)

================================================================================
RUNNING chiSquare.py :: x_chiSquare__mutmut_29  -  2025-10-16T14:18:53.310278
================================================================================

>>> 当前使用的函数: x_chiSquare__mutmut_29
函数源码如下：
def x_chiSquare__mutmut_29(expected, observed):
    sumExpected = 0
    sumObserved = 0

    for i in range(0, len(observed)):
        sumExpected += expected[i]
        sumObserved += observed[i]

    ratio = 1
    rescale = False

    if abs(sumExpected - sumObserved) > 10E-6:
        ratio = sumObserved / sumExpected
        rescale = True

    sumSq = 0

    for i in range(0, None):
        if rescale:
            dev = observed[i] - (ratio * expected[i])
            sumSq += (dev * dev) / (ratio * expected[i])
        else:
            dev = observed[i] - expected[i]
            sumSq += dev * dev / expected[i]

    return sumSq

FFFFFFFFFF
================================================= FAILURES ==================================================
_______________________ test_chiSquare_with_func[originalInput1_10-originalInput1_20] _______________________
mutants/tests/chiSquareTest.py:146: in test_chiSquare_with_func
    originalResult = func(originalInput1_1, originalInput1_2)
mutants/src/chiSquare.py:804: in x_chiSquare__mutmut_29
    for i in range(0, None):
E   TypeError: 'NoneType' object cannot be interpreted as an integer
_______________________ test_chiSquare_with_func[originalInput1_11-originalInput1_21] _______________________
mutants/tests/chiSquareTest.py:146: in test_chiSquare_with_func
    originalResult = func(originalInput1_1, originalInput1_2)
mutants/src/chiSquare.py:804: in x_chiSquare__mutmut_29
    for i in range(0, None):
E   TypeError: 'NoneType' object cannot be interpreted as an integer
_______________________ test_chiSquare_with_func[originalInput1_12-originalInput1_22] _______________________
mutants/tests/chiSquareTest.py:146: in test_chiSquare_with_func
    originalResult = func(originalInput1_1, originalInput1_2)
mutants/src/chiSquare.py:804: in x_chiSquare__mutmut_29
    for i in range(0, None):
E   TypeError: 'NoneType' object cannot be interpreted as an integer
_______________________ test_chiSquare_with_func[originalInput1_13-originalInput1_23] _______________________
mutants/tests/chiSquareTest.py:146: in test_chiSquare_with_func
    originalResult = func(originalInput1_1, originalInput1_2)
mutants/src/chiSquare.py:804: in x_chiSquare__mutmut_29
    for i in range(0, None):
E   TypeError: 'NoneType' object cannot be interpreted as an integer
_______________________ test_chiSquare_with_func[originalInput1_14-originalInput1_24] _______________________
mutants/tests/chiSquareTest.py:146: in test_chiSquare_with_func
    originalResult = func(originalInput1_1, originalInput1_2)
mutants/src/chiSquare.py:804: in x_chiSquare__mutmut_29
    for i in range(0, None):
E   TypeError: 'NoneType' object cannot be interpreted as an integer
_______________________ test_chiSquare_with_func[originalInput1_15-originalInput1_25] _______________________
mutants/tests/chiSquareTest.py:146: in test_chiSquare_with_func
    originalResult = func(originalInput1_1, originalInput1_2)
mutants/src/chiSquare.py:804: in x_chiSquare__mutmut_29
    for i in range(0, None):
E   TypeError: 'NoneType' object cannot be interpreted as an integer
_______________________ test_chiSquare_with_func[originalInput1_16-originalInput1_26] _______________________
mutants/tests/chiSquareTest.py:146: in test_chiSquare_with_func
    originalResult = func(originalInput1_1, originalInput1_2)
mutants/src/chiSquare.py:804: in x_chiSquare__mutmut_29
    for i in range(0, None):
E   TypeError: 'NoneType' object cannot be interpreted as an integer
_______________________ test_chiSquare_with_func[originalInput1_17-originalInput1_27] _______________________
mutants/tests/chiSquareTest.py:146: in test_chiSquare_with_func
    originalResult = func(originalInput1_1, originalInput1_2)
mutants/src/chiSquare.py:804: in x_chiSquare__mutmut_29
    for i in range(0, None):
E   TypeError: 'NoneType' object cannot be interpreted as an integer
_______________________ test_chiSquare_with_func[originalInput1_18-originalInput1_28] _______________________
mutants/tests/chiSquareTest.py:146: in test_chiSquare_with_func
    originalResult = func(originalInput1_1, originalInput1_2)
mutants/src/chiSquare.py:804: in x_chiSquare__mutmut_29
    for i in range(0, None):
E   TypeError: 'NoneType' object cannot be interpreted as an integer
_______________________ test_chiSquare_with_func[originalInput1_19-originalInput1_29] _______________________
mutants/tests/chiSquareTest.py:146: in test_chiSquare_with_func
    originalResult = func(originalInput1_1, originalInput1_2)
mutants/src/chiSquare.py:804: in x_chiSquare__mutmut_29
    for i in range(0, None):
E   TypeError: 'NoneType' object cannot be interpreted as an integer
============================================= warnings summary ==============================================
../../anaconda3/envs/mutmut39/lib/python3.9/site-packages/_pytest/config/__init__.py:1474
  /home/rts/anaconda3/envs/mutmut39/lib/python3.9/site-packages/_pytest/config/__init__.py:1474: PytestConfigWarning: Unknown config option: pytest -vv --tb
  
    self._warn_or_fail_if_strict(f"Unknown config option: {key}\n")

-- Docs: https://docs.pytest.org/en/stable/how-to/capture-warnings.html
========================================== short test summary info ==========================================
FAILED mutants/tests/chiSquareTest.py::test_chiSquare_with_func[originalInput1_10-originalInput1_20] - TypeError: 'NoneType' object cannot be interpreted as an integer
FAILED mutants/tests/chiSquareTest.py::test_chiSquare_with_func[originalInput1_11-originalInput1_21] - TypeError: 'NoneType' object cannot be interpreted as an integer
FAILED mutants/tests/chiSquareTest.py::test_chiSquare_with_func[originalInput1_12-originalInput1_22] - TypeError: 'NoneType' object cannot be interpreted as an integer
FAILED mutants/tests/chiSquareTest.py::test_chiSquare_with_func[originalInput1_13-originalInput1_23] - TypeError: 'NoneType' object cannot be interpreted as an integer
FAILED mutants/tests/chiSquareTest.py::test_chiSquare_with_func[originalInput1_14-originalInput1_24] - TypeError: 'NoneType' object cannot be interpreted as an integer
FAILED mutants/tests/chiSquareTest.py::test_chiSquare_with_func[originalInput1_15-originalInput1_25] - TypeError: 'NoneType' object cannot be interpreted as an integer
FAILED mutants/tests/chiSquareTest.py::test_chiSquare_with_func[originalInput1_16-originalInput1_26] - TypeError: 'NoneType' object cannot be interpreted as an integer
FAILED mutants/tests/chiSquareTest.py::test_chiSquare_with_func[originalInput1_17-originalInput1_27] - TypeError: 'NoneType' object cannot be interpreted as an integer
FAILED mutants/tests/chiSquareTest.py::test_chiSquare_with_func[originalInput1_18-originalInput1_28] - TypeError: 'NoneType' object cannot be interpreted as an integer
FAILED mutants/tests/chiSquareTest.py::test_chiSquare_with_func[originalInput1_19-originalInput1_29] - TypeError: 'NoneType' object cannot be interpreted as an integer
10 failed, 1 warning in 0.14s
❌ x_chiSquare__mutmut_29 存在失败 (退出码 1)

================================================================================
RUNNING chiSquare.py :: x_chiSquare__mutmut_3  -  2025-10-16T14:18:53.486479
================================================================================

>>> 当前使用的函数: x_chiSquare__mutmut_3
函数源码如下：
def x_chiSquare__mutmut_3(expected, observed):
    sumExpected = 0
    sumObserved = None

    for i in range(0, len(observed)):
        sumExpected += expected[i]
        sumObserved += observed[i]

    ratio = 1
    rescale = False

    if abs(sumExpected - sumObserved) > 10E-6:
        ratio = sumObserved / sumExpected
        rescale = True

    sumSq = 0

    for i in range(0, len(observed)):
        if rescale:
            dev = observed[i] - (ratio * expected[i])
            sumSq += (dev * dev) / (ratio * expected[i])
        else:
            dev = observed[i] - expected[i]
            sumSq += dev * dev / expected[i]

    return sumSq

FFFFFFFFFF
================================================= FAILURES ==================================================
_______________________ test_chiSquare_with_func[originalInput1_10-originalInput1_20] _______________________
mutants/tests/chiSquareTest.py:146: in test_chiSquare_with_func
    originalResult = func(originalInput1_1, originalInput1_2)
mutants/src/chiSquare.py:117: in x_chiSquare__mutmut_3
    sumObserved += observed[i]
E   TypeError: unsupported operand type(s) for +=: 'NoneType' and 'float'
_______________________ test_chiSquare_with_func[originalInput1_11-originalInput1_21] _______________________
mutants/tests/chiSquareTest.py:146: in test_chiSquare_with_func
    originalResult = func(originalInput1_1, originalInput1_2)
mutants/src/chiSquare.py:117: in x_chiSquare__mutmut_3
    sumObserved += observed[i]
E   TypeError: unsupported operand type(s) for +=: 'NoneType' and 'float'
_______________________ test_chiSquare_with_func[originalInput1_12-originalInput1_22] _______________________
mutants/tests/chiSquareTest.py:146: in test_chiSquare_with_func
    originalResult = func(originalInput1_1, originalInput1_2)
mutants/src/chiSquare.py:117: in x_chiSquare__mutmut_3
    sumObserved += observed[i]
E   TypeError: unsupported operand type(s) for +=: 'NoneType' and 'float'
_______________________ test_chiSquare_with_func[originalInput1_13-originalInput1_23] _______________________
mutants/tests/chiSquareTest.py:146: in test_chiSquare_with_func
    originalResult = func(originalInput1_1, originalInput1_2)
mutants/src/chiSquare.py:117: in x_chiSquare__mutmut_3
    sumObserved += observed[i]
E   TypeError: unsupported operand type(s) for +=: 'NoneType' and 'float'
_______________________ test_chiSquare_with_func[originalInput1_14-originalInput1_24] _______________________
mutants/tests/chiSquareTest.py:146: in test_chiSquare_with_func
    originalResult = func(originalInput1_1, originalInput1_2)
mutants/src/chiSquare.py:117: in x_chiSquare__mutmut_3
    sumObserved += observed[i]
E   TypeError: unsupported operand type(s) for +=: 'NoneType' and 'float'
_______________________ test_chiSquare_with_func[originalInput1_15-originalInput1_25] _______________________
mutants/tests/chiSquareTest.py:146: in test_chiSquare_with_func
    originalResult = func(originalInput1_1, originalInput1_2)
mutants/src/chiSquare.py:117: in x_chiSquare__mutmut_3
    sumObserved += observed[i]
E   TypeError: unsupported operand type(s) for +=: 'NoneType' and 'float'
_______________________ test_chiSquare_with_func[originalInput1_16-originalInput1_26] _______________________
mutants/tests/chiSquareTest.py:146: in test_chiSquare_with_func
    originalResult = func(originalInput1_1, originalInput1_2)
mutants/src/chiSquare.py:117: in x_chiSquare__mutmut_3
    sumObserved += observed[i]
E   TypeError: unsupported operand type(s) for +=: 'NoneType' and 'float'
_______________________ test_chiSquare_with_func[originalInput1_17-originalInput1_27] _______________________
mutants/tests/chiSquareTest.py:146: in test_chiSquare_with_func
    originalResult = func(originalInput1_1, originalInput1_2)
mutants/src/chiSquare.py:117: in x_chiSquare__mutmut_3
    sumObserved += observed[i]
E   TypeError: unsupported operand type(s) for +=: 'NoneType' and 'float'
_______________________ test_chiSquare_with_func[originalInput1_18-originalInput1_28] _______________________
mutants/tests/chiSquareTest.py:146: in test_chiSquare_with_func
    originalResult = func(originalInput1_1, originalInput1_2)
mutants/src/chiSquare.py:117: in x_chiSquare__mutmut_3
    sumObserved += observed[i]
E   TypeError: unsupported operand type(s) for +=: 'NoneType' and 'float'
_______________________ test_chiSquare_with_func[originalInput1_19-originalInput1_29] _______________________
mutants/tests/chiSquareTest.py:146: in test_chiSquare_with_func
    originalResult = func(originalInput1_1, originalInput1_2)
mutants/src/chiSquare.py:117: in x_chiSquare__mutmut_3
    sumObserved += observed[i]
E   TypeError: unsupported operand type(s) for +=: 'NoneType' and 'float'
============================================= warnings summary ==============================================
../../anaconda3/envs/mutmut39/lib/python3.9/site-packages/_pytest/config/__init__.py:1474
  /home/rts/anaconda3/envs/mutmut39/lib/python3.9/site-packages/_pytest/config/__init__.py:1474: PytestConfigWarning: Unknown config option: pytest -vv --tb
  
    self._warn_or_fail_if_strict(f"Unknown config option: {key}\n")

-- Docs: https://docs.pytest.org/en/stable/how-to/capture-warnings.html
========================================== short test summary info ==========================================
FAILED mutants/tests/chiSquareTest.py::test_chiSquare_with_func[originalInput1_10-originalInput1_20] - TypeError: unsupported operand type(s) for +=: 'NoneType' and 'float'
FAILED mutants/tests/chiSquareTest.py::test_chiSquare_with_func[originalInput1_11-originalInput1_21] - TypeError: unsupported operand type(s) for +=: 'NoneType' and 'float'
FAILED mutants/tests/chiSquareTest.py::test_chiSquare_with_func[originalInput1_12-originalInput1_22] - TypeError: unsupported operand type(s) for +=: 'NoneType' and 'float'
FAILED mutants/tests/chiSquareTest.py::test_chiSquare_with_func[originalInput1_13-originalInput1_23] - TypeError: unsupported operand type(s) for +=: 'NoneType' and 'float'
FAILED mutants/tests/chiSquareTest.py::test_chiSquare_with_func[originalInput1_14-originalInput1_24] - TypeError: unsupported operand type(s) for +=: 'NoneType' and 'float'
FAILED mutants/tests/chiSquareTest.py::test_chiSquare_with_func[originalInput1_15-originalInput1_25] - TypeError: unsupported operand type(s) for +=: 'NoneType' and 'float'
FAILED mutants/tests/chiSquareTest.py::test_chiSquare_with_func[originalInput1_16-originalInput1_26] - TypeError: unsupported operand type(s) for +=: 'NoneType' and 'float'
FAILED mutants/tests/chiSquareTest.py::test_chiSquare_with_func[originalInput1_17-originalInput1_27] - TypeError: unsupported operand type(s) for +=: 'NoneType' and 'float'
FAILED mutants/tests/chiSquareTest.py::test_chiSquare_with_func[originalInput1_18-originalInput1_28] - TypeError: unsupported operand type(s) for +=: 'NoneType' and 'float'
FAILED mutants/tests/chiSquareTest.py::test_chiSquare_with_func[originalInput1_19-originalInput1_29] - TypeError: unsupported operand type(s) for +=: 'NoneType' and 'float'
10 failed, 1 warning in 0.13s
❌ x_chiSquare__mutmut_3 存在失败 (退出码 1)

================================================================================
RUNNING chiSquare.py :: x_chiSquare__mutmut_30  -  2025-10-16T14:18:53.661281
================================================================================

>>> 当前使用的函数: x_chiSquare__mutmut_30
函数源码如下：
def x_chiSquare__mutmut_30(expected, observed):
    sumExpected = 0
    sumObserved = 0

    for i in range(0, len(observed)):
        sumExpected += expected[i]
        sumObserved += observed[i]

    ratio = 1
    rescale = False

    if abs(sumExpected - sumObserved) > 10E-6:
        ratio = sumObserved / sumExpected
        rescale = True

    sumSq = 0

    for i in range(len(observed)):
        if rescale:
            dev = observed[i] - (ratio * expected[i])
            sumSq += (dev * dev) / (ratio * expected[i])
        else:
            dev = observed[i] - expected[i]
            sumSq += dev * dev / expected[i]

    return sumSq

FFFFFFFFFF
================================================= FAILURES ==================================================
_______________________ test_chiSquare_with_func[originalInput1_10-originalInput1_20] _______________________
mutants/tests/chiSquareTest.py:147: in test_chiSquare_with_func
    applyMR_Assert(originalInput1_1, originalInput1_2, originalResult)
mutants/tests/chiSquareTest.py:25: in applyMR_Assert
    transformResult3_1 = func(transformInput3_1, transformInput3_2)
mutants/src/chiSquare.py:836: in x_chiSquare__mutmut_30
    sumSq += dev * dev / expected[i]
E   ZeroDivisionError: float division by zero
_______________________ test_chiSquare_with_func[originalInput1_11-originalInput1_21] _______________________
mutants/tests/chiSquareTest.py:147: in test_chiSquare_with_func
    applyMR_Assert(originalInput1_1, originalInput1_2, originalResult)
mutants/tests/chiSquareTest.py:25: in applyMR_Assert
    transformResult3_1 = func(transformInput3_1, transformInput3_2)
mutants/src/chiSquare.py:836: in x_chiSquare__mutmut_30
    sumSq += dev * dev / expected[i]
E   ZeroDivisionError: float division by zero
_______________________ test_chiSquare_with_func[originalInput1_12-originalInput1_22] _______________________
mutants/tests/chiSquareTest.py:147: in test_chiSquare_with_func
    applyMR_Assert(originalInput1_1, originalInput1_2, originalResult)
mutants/tests/chiSquareTest.py:25: in applyMR_Assert
    transformResult3_1 = func(transformInput3_1, transformInput3_2)
mutants/src/chiSquare.py:833: in x_chiSquare__mutmut_30
    sumSq += (dev * dev) / (ratio * expected[i])
E   ZeroDivisionError: float division by zero
_______________________ test_chiSquare_with_func[originalInput1_13-originalInput1_23] _______________________
mutants/tests/chiSquareTest.py:147: in test_chiSquare_with_func
    applyMR_Assert(originalInput1_1, originalInput1_2, originalResult)
mutants/tests/chiSquareTest.py:25: in applyMR_Assert
    transformResult3_1 = func(transformInput3_1, transformInput3_2)
mutants/src/chiSquare.py:833: in x_chiSquare__mutmut_30
    sumSq += (dev * dev) / (ratio * expected[i])
E   ZeroDivisionError: float division by zero
_______________________ test_chiSquare_with_func[originalInput1_14-originalInput1_24] _______________________
mutants/tests/chiSquareTest.py:147: in test_chiSquare_with_func
    applyMR_Assert(originalInput1_1, originalInput1_2, originalResult)
mutants/tests/chiSquareTest.py:25: in applyMR_Assert
    transformResult3_1 = func(transformInput3_1, transformInput3_2)
mutants/src/chiSquare.py:833: in x_chiSquare__mutmut_30
    sumSq += (dev * dev) / (ratio * expected[i])
E   ZeroDivisionError: float division by zero
_______________________ test_chiSquare_with_func[originalInput1_15-originalInput1_25] _______________________
mutants/tests/chiSquareTest.py:147: in test_chiSquare_with_func
    applyMR_Assert(originalInput1_1, originalInput1_2, originalResult)
mutants/tests/chiSquareTest.py:25: in applyMR_Assert
    transformResult3_1 = func(transformInput3_1, transformInput3_2)
mutants/src/chiSquare.py:833: in x_chiSquare__mutmut_30
    sumSq += (dev * dev) / (ratio * expected[i])
E   ZeroDivisionError: float division by zero
_______________________ test_chiSquare_with_func[originalInput1_16-originalInput1_26] _______________________
mutants/tests/chiSquareTest.py:147: in test_chiSquare_with_func
    applyMR_Assert(originalInput1_1, originalInput1_2, originalResult)
mutants/tests/chiSquareTest.py:25: in applyMR_Assert
    transformResult3_1 = func(transformInput3_1, transformInput3_2)
mutants/src/chiSquare.py:833: in x_chiSquare__mutmut_30
    sumSq += (dev * dev) / (ratio * expected[i])
E   ZeroDivisionError: float division by zero
_______________________ test_chiSquare_with_func[originalInput1_17-originalInput1_27] _______________________
mutants/tests/chiSquareTest.py:147: in test_chiSquare_with_func
    applyMR_Assert(originalInput1_1, originalInput1_2, originalResult)
mutants/tests/chiSquareTest.py:25: in applyMR_Assert
    transformResult3_1 = func(transformInput3_1, transformInput3_2)
mutants/src/chiSquare.py:833: in x_chiSquare__mutmut_30
    sumSq += (dev * dev) / (ratio * expected[i])
E   ZeroDivisionError: float division by zero
_______________________ test_chiSquare_with_func[originalInput1_18-originalInput1_28] _______________________
mutants/tests/chiSquareTest.py:147: in test_chiSquare_with_func
    applyMR_Assert(originalInput1_1, originalInput1_2, originalResult)
mutants/tests/chiSquareTest.py:25: in applyMR_Assert
    transformResult3_1 = func(transformInput3_1, transformInput3_2)
mutants/src/chiSquare.py:833: in x_chiSquare__mutmut_30
    sumSq += (dev * dev) / (ratio * expected[i])
E   ZeroDivisionError: float division by zero
_______________________ test_chiSquare_with_func[originalInput1_19-originalInput1_29] _______________________
mutants/tests/chiSquareTest.py:147: in test_chiSquare_with_func
    applyMR_Assert(originalInput1_1, originalInput1_2, originalResult)
mutants/tests/chiSquareTest.py:25: in applyMR_Assert
    transformResult3_1 = func(transformInput3_1, transformInput3_2)
mutants/src/chiSquare.py:833: in x_chiSquare__mutmut_30
    sumSq += (dev * dev) / (ratio * expected[i])
E   ZeroDivisionError: float division by zero
============================================= warnings summary ==============================================
../../anaconda3/envs/mutmut39/lib/python3.9/site-packages/_pytest/config/__init__.py:1474
  /home/rts/anaconda3/envs/mutmut39/lib/python3.9/site-packages/_pytest/config/__init__.py:1474: PytestConfigWarning: Unknown config option: pytest -vv --tb
  
    self._warn_or_fail_if_strict(f"Unknown config option: {key}\n")

-- Docs: https://docs.pytest.org/en/stable/how-to/capture-warnings.html
========================================== short test summary info ==========================================
FAILED mutants/tests/chiSquareTest.py::test_chiSquare_with_func[originalInput1_10-originalInput1_20] - ZeroDivisionError: float division by zero
FAILED mutants/tests/chiSquareTest.py::test_chiSquare_with_func[originalInput1_11-originalInput1_21] - ZeroDivisionError: float division by zero
FAILED mutants/tests/chiSquareTest.py::test_chiSquare_with_func[originalInput1_12-originalInput1_22] - ZeroDivisionError: float division by zero
FAILED mutants/tests/chiSquareTest.py::test_chiSquare_with_func[originalInput1_13-originalInput1_23] - ZeroDivisionError: float division by zero
FAILED mutants/tests/chiSquareTest.py::test_chiSquare_with_func[originalInput1_14-originalInput1_24] - ZeroDivisionError: float division by zero
FAILED mutants/tests/chiSquareTest.py::test_chiSquare_with_func[originalInput1_15-originalInput1_25] - ZeroDivisionError: float division by zero
FAILED mutants/tests/chiSquareTest.py::test_chiSquare_with_func[originalInput1_16-originalInput1_26] - ZeroDivisionError: float division by zero
FAILED mutants/tests/chiSquareTest.py::test_chiSquare_with_func[originalInput1_17-originalInput1_27] - ZeroDivisionError: float division by zero
FAILED mutants/tests/chiSquareTest.py::test_chiSquare_with_func[originalInput1_18-originalInput1_28] - ZeroDivisionError: float division by zero
FAILED mutants/tests/chiSquareTest.py::test_chiSquare_with_func[originalInput1_19-originalInput1_29] - ZeroDivisionError: float division by zero
10 failed, 1 warning in 0.14s
❌ x_chiSquare__mutmut_30 存在失败 (退出码 1)

================================================================================
RUNNING chiSquare.py :: x_chiSquare__mutmut_31  -  2025-10-16T14:18:53.843853
================================================================================

>>> 当前使用的函数: x_chiSquare__mutmut_31
函数源码如下：
def x_chiSquare__mutmut_31(expected, observed):
    sumExpected = 0
    sumObserved = 0

    for i in range(0, len(observed)):
        sumExpected += expected[i]
        sumObserved += observed[i]

    ratio = 1
    rescale = False

    if abs(sumExpected - sumObserved) > 10E-6:
        ratio = sumObserved / sumExpected
        rescale = True

    sumSq = 0

    for i in range(0, ):
        if rescale:
            dev = observed[i] - (ratio * expected[i])
            sumSq += (dev * dev) / (ratio * expected[i])
        else:
            dev = observed[i] - expected[i]
            sumSq += dev * dev / expected[i]

    return sumSq

..........
============================================= warnings summary ==============================================
../../anaconda3/envs/mutmut39/lib/python3.9/site-packages/_pytest/config/__init__.py:1474
  /home/rts/anaconda3/envs/mutmut39/lib/python3.9/site-packages/_pytest/config/__init__.py:1474: PytestConfigWarning: Unknown config option: pytest -vv --tb
  
    self._warn_or_fail_if_strict(f"Unknown config option: {key}\n")

-- Docs: https://docs.pytest.org/en/stable/how-to/capture-warnings.html
10 passed, 1 warning in 0.01s
✅ x_chiSquare__mutmut_31 所有测试通过

================================================================================
RUNNING chiSquare.py :: x_chiSquare__mutmut_32  -  2025-10-16T14:18:53.893263
================================================================================

>>> 当前使用的函数: x_chiSquare__mutmut_32
函数源码如下：
def x_chiSquare__mutmut_32(expected, observed):
    sumExpected = 0
    sumObserved = 0

    for i in range(0, len(observed)):
        sumExpected += expected[i]
        sumObserved += observed[i]

    ratio = 1
    rescale = False

    if abs(sumExpected - sumObserved) > 10E-6:
        ratio = sumObserved / sumExpected
        rescale = True

    sumSq = 0

    for i in range(1, len(observed)):
        if rescale:
            dev = observed[i] - (ratio * expected[i])
            sumSq += (dev * dev) / (ratio * expected[i])
        else:
            dev = observed[i] - expected[i]
            sumSq += dev * dev / expected[i]

    return sumSq

FFFFFFFFFF
================================================= FAILURES ==================================================
_______________________ test_chiSquare_with_func[originalInput1_10-originalInput1_20] _______________________
mutants/tests/chiSquareTest.py:147: in test_chiSquare_with_func
    applyMR_Assert(originalInput1_1, originalInput1_2, originalResult)
mutants/tests/chiSquareTest.py:25: in applyMR_Assert
    transformResult3_1 = func(transformInput3_1, transformInput3_2)
mutants/src/chiSquare.py:888: in x_chiSquare__mutmut_32
    sumSq += dev * dev / expected[i]
E   ZeroDivisionError: float division by zero
_______________________ test_chiSquare_with_func[originalInput1_11-originalInput1_21] _______________________
mutants/tests/chiSquareTest.py:147: in test_chiSquare_with_func
    applyMR_Assert(originalInput1_1, originalInput1_2, originalResult)
mutants/tests/chiSquareTest.py:25: in applyMR_Assert
    transformResult3_1 = func(transformInput3_1, transformInput3_2)
mutants/src/chiSquare.py:888: in x_chiSquare__mutmut_32
    sumSq += dev * dev / expected[i]
E   ZeroDivisionError: float division by zero
_______________________ test_chiSquare_with_func[originalInput1_12-originalInput1_22] _______________________
mutants/tests/chiSquareTest.py:147: in test_chiSquare_with_func
    applyMR_Assert(originalInput1_1, originalInput1_2, originalResult)
mutants/tests/chiSquareTest.py:25: in applyMR_Assert
    transformResult3_1 = func(transformInput3_1, transformInput3_2)
mutants/src/chiSquare.py:885: in x_chiSquare__mutmut_32
    sumSq += (dev * dev) / (ratio * expected[i])
E   ZeroDivisionError: float division by zero
_______________________ test_chiSquare_with_func[originalInput1_13-originalInput1_23] _______________________
mutants/tests/chiSquareTest.py:147: in test_chiSquare_with_func
    applyMR_Assert(originalInput1_1, originalInput1_2, originalResult)
mutants/tests/chiSquareTest.py:25: in applyMR_Assert
    transformResult3_1 = func(transformInput3_1, transformInput3_2)
mutants/src/chiSquare.py:885: in x_chiSquare__mutmut_32
    sumSq += (dev * dev) / (ratio * expected[i])
E   ZeroDivisionError: float division by zero
_______________________ test_chiSquare_with_func[originalInput1_14-originalInput1_24] _______________________
mutants/tests/chiSquareTest.py:147: in test_chiSquare_with_func
    applyMR_Assert(originalInput1_1, originalInput1_2, originalResult)
mutants/tests/chiSquareTest.py:25: in applyMR_Assert
    transformResult3_1 = func(transformInput3_1, transformInput3_2)
mutants/src/chiSquare.py:885: in x_chiSquare__mutmut_32
    sumSq += (dev * dev) / (ratio * expected[i])
E   ZeroDivisionError: float division by zero
_______________________ test_chiSquare_with_func[originalInput1_15-originalInput1_25] _______________________
mutants/tests/chiSquareTest.py:147: in test_chiSquare_with_func
    applyMR_Assert(originalInput1_1, originalInput1_2, originalResult)
mutants/tests/chiSquareTest.py:25: in applyMR_Assert
    transformResult3_1 = func(transformInput3_1, transformInput3_2)
mutants/src/chiSquare.py:885: in x_chiSquare__mutmut_32
    sumSq += (dev * dev) / (ratio * expected[i])
E   ZeroDivisionError: float division by zero
_______________________ test_chiSquare_with_func[originalInput1_16-originalInput1_26] _______________________
mutants/tests/chiSquareTest.py:147: in test_chiSquare_with_func
    applyMR_Assert(originalInput1_1, originalInput1_2, originalResult)
mutants/tests/chiSquareTest.py:25: in applyMR_Assert
    transformResult3_1 = func(transformInput3_1, transformInput3_2)
mutants/src/chiSquare.py:885: in x_chiSquare__mutmut_32
    sumSq += (dev * dev) / (ratio * expected[i])
E   ZeroDivisionError: float division by zero
_______________________ test_chiSquare_with_func[originalInput1_17-originalInput1_27] _______________________
mutants/tests/chiSquareTest.py:147: in test_chiSquare_with_func
    applyMR_Assert(originalInput1_1, originalInput1_2, originalResult)
mutants/tests/chiSquareTest.py:25: in applyMR_Assert
    transformResult3_1 = func(transformInput3_1, transformInput3_2)
mutants/src/chiSquare.py:885: in x_chiSquare__mutmut_32
    sumSq += (dev * dev) / (ratio * expected[i])
E   ZeroDivisionError: float division by zero
_______________________ test_chiSquare_with_func[originalInput1_18-originalInput1_28] _______________________
mutants/tests/chiSquareTest.py:147: in test_chiSquare_with_func
    applyMR_Assert(originalInput1_1, originalInput1_2, originalResult)
mutants/tests/chiSquareTest.py:25: in applyMR_Assert
    transformResult3_1 = func(transformInput3_1, transformInput3_2)
mutants/src/chiSquare.py:885: in x_chiSquare__mutmut_32
    sumSq += (dev * dev) / (ratio * expected[i])
E   ZeroDivisionError: float division by zero
_______________________ test_chiSquare_with_func[originalInput1_19-originalInput1_29] _______________________
mutants/tests/chiSquareTest.py:147: in test_chiSquare_with_func
    applyMR_Assert(originalInput1_1, originalInput1_2, originalResult)
mutants/tests/chiSquareTest.py:25: in applyMR_Assert
    transformResult3_1 = func(transformInput3_1, transformInput3_2)
mutants/src/chiSquare.py:885: in x_chiSquare__mutmut_32
    sumSq += (dev * dev) / (ratio * expected[i])
E   ZeroDivisionError: float division by zero
============================================= warnings summary ==============================================
../../anaconda3/envs/mutmut39/lib/python3.9/site-packages/_pytest/config/__init__.py:1474
  /home/rts/anaconda3/envs/mutmut39/lib/python3.9/site-packages/_pytest/config/__init__.py:1474: PytestConfigWarning: Unknown config option: pytest -vv --tb
  
    self._warn_or_fail_if_strict(f"Unknown config option: {key}\n")

-- Docs: https://docs.pytest.org/en/stable/how-to/capture-warnings.html
========================================== short test summary info ==========================================
FAILED mutants/tests/chiSquareTest.py::test_chiSquare_with_func[originalInput1_10-originalInput1_20] - ZeroDivisionError: float division by zero
FAILED mutants/tests/chiSquareTest.py::test_chiSquare_with_func[originalInput1_11-originalInput1_21] - ZeroDivisionError: float division by zero
FAILED mutants/tests/chiSquareTest.py::test_chiSquare_with_func[originalInput1_12-originalInput1_22] - ZeroDivisionError: float division by zero
FAILED mutants/tests/chiSquareTest.py::test_chiSquare_with_func[originalInput1_13-originalInput1_23] - ZeroDivisionError: float division by zero
FAILED mutants/tests/chiSquareTest.py::test_chiSquare_with_func[originalInput1_14-originalInput1_24] - ZeroDivisionError: float division by zero
FAILED mutants/tests/chiSquareTest.py::test_chiSquare_with_func[originalInput1_15-originalInput1_25] - ZeroDivisionError: float division by zero
FAILED mutants/tests/chiSquareTest.py::test_chiSquare_with_func[originalInput1_16-originalInput1_26] - ZeroDivisionError: float division by zero
FAILED mutants/tests/chiSquareTest.py::test_chiSquare_with_func[originalInput1_17-originalInput1_27] - ZeroDivisionError: float division by zero
FAILED mutants/tests/chiSquareTest.py::test_chiSquare_with_func[originalInput1_18-originalInput1_28] - ZeroDivisionError: float division by zero
FAILED mutants/tests/chiSquareTest.py::test_chiSquare_with_func[originalInput1_19-originalInput1_29] - ZeroDivisionError: float division by zero
10 failed, 1 warning in 0.14s
❌ x_chiSquare__mutmut_32 存在失败 (退出码 1)

================================================================================
RUNNING chiSquare.py :: x_chiSquare__mutmut_33  -  2025-10-16T14:18:54.076256
================================================================================

>>> 当前使用的函数: x_chiSquare__mutmut_33
函数源码如下：
def x_chiSquare__mutmut_33(expected, observed):
    sumExpected = 0
    sumObserved = 0

    for i in range(0, len(observed)):
        sumExpected += expected[i]
        sumObserved += observed[i]

    ratio = 1
    rescale = False

    if abs(sumExpected - sumObserved) > 10E-6:
        ratio = sumObserved / sumExpected
        rescale = True

    sumSq = 0

    for i in range(0, len(observed)):
        if rescale:
            dev = None
            sumSq += (dev * dev) / (ratio * expected[i])
        else:
            dev = observed[i] - expected[i]
            sumSq += dev * dev / expected[i]

    return sumSq

FFFFFFFFFF
================================================= FAILURES ==================================================
_______________________ test_chiSquare_with_func[originalInput1_10-originalInput1_20] _______________________
mutants/tests/chiSquareTest.py:147: in test_chiSquare_with_func
    applyMR_Assert(originalInput1_1, originalInput1_2, originalResult)
mutants/tests/chiSquareTest.py:25: in applyMR_Assert
    transformResult3_1 = func(transformInput3_1, transformInput3_2)
mutants/src/chiSquare.py:914: in x_chiSquare__mutmut_33
    sumSq += dev * dev / expected[i]
E   ZeroDivisionError: float division by zero
_______________________ test_chiSquare_with_func[originalInput1_11-originalInput1_21] _______________________
mutants/tests/chiSquareTest.py:147: in test_chiSquare_with_func
    applyMR_Assert(originalInput1_1, originalInput1_2, originalResult)
mutants/tests/chiSquareTest.py:25: in applyMR_Assert
    transformResult3_1 = func(transformInput3_1, transformInput3_2)
mutants/src/chiSquare.py:914: in x_chiSquare__mutmut_33
    sumSq += dev * dev / expected[i]
E   ZeroDivisionError: float division by zero
_______________________ test_chiSquare_with_func[originalInput1_12-originalInput1_22] _______________________
mutants/tests/chiSquareTest.py:146: in test_chiSquare_with_func
    originalResult = func(originalInput1_1, originalInput1_2)
mutants/src/chiSquare.py:911: in x_chiSquare__mutmut_33
    sumSq += (dev * dev) / (ratio * expected[i])
E   TypeError: unsupported operand type(s) for *: 'NoneType' and 'NoneType'
_______________________ test_chiSquare_with_func[originalInput1_13-originalInput1_23] _______________________
mutants/tests/chiSquareTest.py:146: in test_chiSquare_with_func
    originalResult = func(originalInput1_1, originalInput1_2)
mutants/src/chiSquare.py:911: in x_chiSquare__mutmut_33
    sumSq += (dev * dev) / (ratio * expected[i])
E   TypeError: unsupported operand type(s) for *: 'NoneType' and 'NoneType'
_______________________ test_chiSquare_with_func[originalInput1_14-originalInput1_24] _______________________
mutants/tests/chiSquareTest.py:146: in test_chiSquare_with_func
    originalResult = func(originalInput1_1, originalInput1_2)
mutants/src/chiSquare.py:911: in x_chiSquare__mutmut_33
    sumSq += (dev * dev) / (ratio * expected[i])
E   TypeError: unsupported operand type(s) for *: 'NoneType' and 'NoneType'
_______________________ test_chiSquare_with_func[originalInput1_15-originalInput1_25] _______________________
mutants/tests/chiSquareTest.py:146: in test_chiSquare_with_func
    originalResult = func(originalInput1_1, originalInput1_2)
mutants/src/chiSquare.py:911: in x_chiSquare__mutmut_33
    sumSq += (dev * dev) / (ratio * expected[i])
E   TypeError: unsupported operand type(s) for *: 'NoneType' and 'NoneType'
_______________________ test_chiSquare_with_func[originalInput1_16-originalInput1_26] _______________________
mutants/tests/chiSquareTest.py:146: in test_chiSquare_with_func
    originalResult = func(originalInput1_1, originalInput1_2)
mutants/src/chiSquare.py:911: in x_chiSquare__mutmut_33
    sumSq += (dev * dev) / (ratio * expected[i])
E   TypeError: unsupported operand type(s) for *: 'NoneType' and 'NoneType'
_______________________ test_chiSquare_with_func[originalInput1_17-originalInput1_27] _______________________
mutants/tests/chiSquareTest.py:146: in test_chiSquare_with_func
    originalResult = func(originalInput1_1, originalInput1_2)
mutants/src/chiSquare.py:911: in x_chiSquare__mutmut_33
    sumSq += (dev * dev) / (ratio * expected[i])
E   TypeError: unsupported operand type(s) for *: 'NoneType' and 'NoneType'
_______________________ test_chiSquare_with_func[originalInput1_18-originalInput1_28] _______________________
mutants/tests/chiSquareTest.py:146: in test_chiSquare_with_func
    originalResult = func(originalInput1_1, originalInput1_2)
mutants/src/chiSquare.py:911: in x_chiSquare__mutmut_33
    sumSq += (dev * dev) / (ratio * expected[i])
E   TypeError: unsupported operand type(s) for *: 'NoneType' and 'NoneType'
_______________________ test_chiSquare_with_func[originalInput1_19-originalInput1_29] _______________________
mutants/tests/chiSquareTest.py:146: in test_chiSquare_with_func
    originalResult = func(originalInput1_1, originalInput1_2)
mutants/src/chiSquare.py:911: in x_chiSquare__mutmut_33
    sumSq += (dev * dev) / (ratio * expected[i])
E   TypeError: unsupported operand type(s) for *: 'NoneType' and 'NoneType'
============================================= warnings summary ==============================================
../../anaconda3/envs/mutmut39/lib/python3.9/site-packages/_pytest/config/__init__.py:1474
  /home/rts/anaconda3/envs/mutmut39/lib/python3.9/site-packages/_pytest/config/__init__.py:1474: PytestConfigWarning: Unknown config option: pytest -vv --tb
  
    self._warn_or_fail_if_strict(f"Unknown config option: {key}\n")

-- Docs: https://docs.pytest.org/en/stable/how-to/capture-warnings.html
========================================== short test summary info ==========================================
FAILED mutants/tests/chiSquareTest.py::test_chiSquare_with_func[originalInput1_10-originalInput1_20] - ZeroDivisionError: float division by zero
FAILED mutants/tests/chiSquareTest.py::test_chiSquare_with_func[originalInput1_11-originalInput1_21] - ZeroDivisionError: float division by zero
FAILED mutants/tests/chiSquareTest.py::test_chiSquare_with_func[originalInput1_12-originalInput1_22] - TypeError: unsupported operand type(s) for *: 'NoneType' and 'NoneType'
FAILED mutants/tests/chiSquareTest.py::test_chiSquare_with_func[originalInput1_13-originalInput1_23] - TypeError: unsupported operand type(s) for *: 'NoneType' and 'NoneType'
FAILED mutants/tests/chiSquareTest.py::test_chiSquare_with_func[originalInput1_14-originalInput1_24] - TypeError: unsupported operand type(s) for *: 'NoneType' and 'NoneType'
FAILED mutants/tests/chiSquareTest.py::test_chiSquare_with_func[originalInput1_15-originalInput1_25] - TypeError: unsupported operand type(s) for *: 'NoneType' and 'NoneType'
FAILED mutants/tests/chiSquareTest.py::test_chiSquare_with_func[originalInput1_16-originalInput1_26] - TypeError: unsupported operand type(s) for *: 'NoneType' and 'NoneType'
FAILED mutants/tests/chiSquareTest.py::test_chiSquare_with_func[originalInput1_17-originalInput1_27] - TypeError: unsupported operand type(s) for *: 'NoneType' and 'NoneType'
FAILED mutants/tests/chiSquareTest.py::test_chiSquare_with_func[originalInput1_18-originalInput1_28] - TypeError: unsupported operand type(s) for *: 'NoneType' and 'NoneType'
FAILED mutants/tests/chiSquareTest.py::test_chiSquare_with_func[originalInput1_19-originalInput1_29] - TypeError: unsupported operand type(s) for *: 'NoneType' and 'NoneType'
10 failed, 1 warning in 0.15s
❌ x_chiSquare__mutmut_33 存在失败 (退出码 1)

================================================================================
RUNNING chiSquare.py :: x_chiSquare__mutmut_34  -  2025-10-16T14:18:54.268278
================================================================================

>>> 当前使用的函数: x_chiSquare__mutmut_34
函数源码如下：
def x_chiSquare__mutmut_34(expected, observed):
    sumExpected = 0
    sumObserved = 0

    for i in range(0, len(observed)):
        sumExpected += expected[i]
        sumObserved += observed[i]

    ratio = 1
    rescale = False

    if abs(sumExpected - sumObserved) > 10E-6:
        ratio = sumObserved / sumExpected
        rescale = True

    sumSq = 0

    for i in range(0, len(observed)):
        if rescale:
            dev = observed[i] + (ratio * expected[i])
            sumSq += (dev * dev) / (ratio * expected[i])
        else:
            dev = observed[i] - expected[i]
            sumSq += dev * dev / expected[i]

    return sumSq

FFFFFFFFFF
================================================= FAILURES ==================================================
_______________________ test_chiSquare_with_func[originalInput1_10-originalInput1_20] _______________________
mutants/tests/chiSquareTest.py:147: in test_chiSquare_with_func
    applyMR_Assert(originalInput1_1, originalInput1_2, originalResult)
mutants/tests/chiSquareTest.py:25: in applyMR_Assert
    transformResult3_1 = func(transformInput3_1, transformInput3_2)
mutants/src/chiSquare.py:940: in x_chiSquare__mutmut_34
    sumSq += dev * dev / expected[i]
E   ZeroDivisionError: float division by zero
_______________________ test_chiSquare_with_func[originalInput1_11-originalInput1_21] _______________________
mutants/tests/chiSquareTest.py:147: in test_chiSquare_with_func
    applyMR_Assert(originalInput1_1, originalInput1_2, originalResult)
mutants/tests/chiSquareTest.py:25: in applyMR_Assert
    transformResult3_1 = func(transformInput3_1, transformInput3_2)
mutants/src/chiSquare.py:940: in x_chiSquare__mutmut_34
    sumSq += dev * dev / expected[i]
E   ZeroDivisionError: float division by zero
_______________________ test_chiSquare_with_func[originalInput1_12-originalInput1_22] _______________________
mutants/tests/chiSquareTest.py:147: in test_chiSquare_with_func
    applyMR_Assert(originalInput1_1, originalInput1_2, originalResult)
mutants/tests/chiSquareTest.py:25: in applyMR_Assert
    transformResult3_1 = func(transformInput3_1, transformInput3_2)
mutants/src/chiSquare.py:937: in x_chiSquare__mutmut_34
    sumSq += (dev * dev) / (ratio * expected[i])
E   ZeroDivisionError: float division by zero
_______________________ test_chiSquare_with_func[originalInput1_13-originalInput1_23] _______________________
mutants/tests/chiSquareTest.py:147: in test_chiSquare_with_func
    applyMR_Assert(originalInput1_1, originalInput1_2, originalResult)
mutants/tests/chiSquareTest.py:25: in applyMR_Assert
    transformResult3_1 = func(transformInput3_1, transformInput3_2)
mutants/src/chiSquare.py:937: in x_chiSquare__mutmut_34
    sumSq += (dev * dev) / (ratio * expected[i])
E   ZeroDivisionError: float division by zero
_______________________ test_chiSquare_with_func[originalInput1_14-originalInput1_24] _______________________
mutants/tests/chiSquareTest.py:147: in test_chiSquare_with_func
    applyMR_Assert(originalInput1_1, originalInput1_2, originalResult)
mutants/tests/chiSquareTest.py:25: in applyMR_Assert
    transformResult3_1 = func(transformInput3_1, transformInput3_2)
mutants/src/chiSquare.py:937: in x_chiSquare__mutmut_34
    sumSq += (dev * dev) / (ratio * expected[i])
E   ZeroDivisionError: float division by zero
_______________________ test_chiSquare_with_func[originalInput1_15-originalInput1_25] _______________________
mutants/tests/chiSquareTest.py:147: in test_chiSquare_with_func
    applyMR_Assert(originalInput1_1, originalInput1_2, originalResult)
mutants/tests/chiSquareTest.py:25: in applyMR_Assert
    transformResult3_1 = func(transformInput3_1, transformInput3_2)
mutants/src/chiSquare.py:937: in x_chiSquare__mutmut_34
    sumSq += (dev * dev) / (ratio * expected[i])
E   ZeroDivisionError: float division by zero
_______________________ test_chiSquare_with_func[originalInput1_16-originalInput1_26] _______________________
mutants/tests/chiSquareTest.py:147: in test_chiSquare_with_func
    applyMR_Assert(originalInput1_1, originalInput1_2, originalResult)
mutants/tests/chiSquareTest.py:25: in applyMR_Assert
    transformResult3_1 = func(transformInput3_1, transformInput3_2)
mutants/src/chiSquare.py:937: in x_chiSquare__mutmut_34
    sumSq += (dev * dev) / (ratio * expected[i])
E   ZeroDivisionError: float division by zero
_______________________ test_chiSquare_with_func[originalInput1_17-originalInput1_27] _______________________
mutants/tests/chiSquareTest.py:147: in test_chiSquare_with_func
    applyMR_Assert(originalInput1_1, originalInput1_2, originalResult)
mutants/tests/chiSquareTest.py:25: in applyMR_Assert
    transformResult3_1 = func(transformInput3_1, transformInput3_2)
mutants/src/chiSquare.py:937: in x_chiSquare__mutmut_34
    sumSq += (dev * dev) / (ratio * expected[i])
E   ZeroDivisionError: float division by zero
_______________________ test_chiSquare_with_func[originalInput1_18-originalInput1_28] _______________________
mutants/tests/chiSquareTest.py:147: in test_chiSquare_with_func
    applyMR_Assert(originalInput1_1, originalInput1_2, originalResult)
mutants/tests/chiSquareTest.py:25: in applyMR_Assert
    transformResult3_1 = func(transformInput3_1, transformInput3_2)
mutants/src/chiSquare.py:937: in x_chiSquare__mutmut_34
    sumSq += (dev * dev) / (ratio * expected[i])
E   ZeroDivisionError: float division by zero
_______________________ test_chiSquare_with_func[originalInput1_19-originalInput1_29] _______________________
mutants/tests/chiSquareTest.py:147: in test_chiSquare_with_func
    applyMR_Assert(originalInput1_1, originalInput1_2, originalResult)
mutants/tests/chiSquareTest.py:25: in applyMR_Assert
    transformResult3_1 = func(transformInput3_1, transformInput3_2)
mutants/src/chiSquare.py:937: in x_chiSquare__mutmut_34
    sumSq += (dev * dev) / (ratio * expected[i])
E   ZeroDivisionError: float division by zero
============================================= warnings summary ==============================================
../../anaconda3/envs/mutmut39/lib/python3.9/site-packages/_pytest/config/__init__.py:1474
  /home/rts/anaconda3/envs/mutmut39/lib/python3.9/site-packages/_pytest/config/__init__.py:1474: PytestConfigWarning: Unknown config option: pytest -vv --tb
  
    self._warn_or_fail_if_strict(f"Unknown config option: {key}\n")

-- Docs: https://docs.pytest.org/en/stable/how-to/capture-warnings.html
========================================== short test summary info ==========================================
FAILED mutants/tests/chiSquareTest.py::test_chiSquare_with_func[originalInput1_10-originalInput1_20] - ZeroDivisionError: float division by zero
FAILED mutants/tests/chiSquareTest.py::test_chiSquare_with_func[originalInput1_11-originalInput1_21] - ZeroDivisionError: float division by zero
FAILED mutants/tests/chiSquareTest.py::test_chiSquare_with_func[originalInput1_12-originalInput1_22] - ZeroDivisionError: float division by zero
FAILED mutants/tests/chiSquareTest.py::test_chiSquare_with_func[originalInput1_13-originalInput1_23] - ZeroDivisionError: float division by zero
FAILED mutants/tests/chiSquareTest.py::test_chiSquare_with_func[originalInput1_14-originalInput1_24] - ZeroDivisionError: float division by zero
FAILED mutants/tests/chiSquareTest.py::test_chiSquare_with_func[originalInput1_15-originalInput1_25] - ZeroDivisionError: float division by zero
FAILED mutants/tests/chiSquareTest.py::test_chiSquare_with_func[originalInput1_16-originalInput1_26] - ZeroDivisionError: float division by zero
FAILED mutants/tests/chiSquareTest.py::test_chiSquare_with_func[originalInput1_17-originalInput1_27] - ZeroDivisionError: float division by zero
FAILED mutants/tests/chiSquareTest.py::test_chiSquare_with_func[originalInput1_18-originalInput1_28] - ZeroDivisionError: float division by zero
FAILED mutants/tests/chiSquareTest.py::test_chiSquare_with_func[originalInput1_19-originalInput1_29] - ZeroDivisionError: float division by zero
10 failed, 1 warning in 0.14s
❌ x_chiSquare__mutmut_34 存在失败 (退出码 1)

================================================================================
RUNNING chiSquare.py :: x_chiSquare__mutmut_35  -  2025-10-16T14:18:54.452736
================================================================================

>>> 当前使用的函数: x_chiSquare__mutmut_35
函数源码如下：
def x_chiSquare__mutmut_35(expected, observed):
    sumExpected = 0
    sumObserved = 0

    for i in range(0, len(observed)):
        sumExpected += expected[i]
        sumObserved += observed[i]

    ratio = 1
    rescale = False

    if abs(sumExpected - sumObserved) > 10E-6:
        ratio = sumObserved / sumExpected
        rescale = True

    sumSq = 0

    for i in range(0, len(observed)):
        if rescale:
            dev = observed[i] - (ratio / expected[i])
            sumSq += (dev * dev) / (ratio * expected[i])
        else:
            dev = observed[i] - expected[i]
            sumSq += dev * dev / expected[i]

    return sumSq

FFFFFFFFFF
================================================= FAILURES ==================================================
_______________________ test_chiSquare_with_func[originalInput1_10-originalInput1_20] _______________________
mutants/tests/chiSquareTest.py:147: in test_chiSquare_with_func
    applyMR_Assert(originalInput1_1, originalInput1_2, originalResult)
mutants/tests/chiSquareTest.py:25: in applyMR_Assert
    transformResult3_1 = func(transformInput3_1, transformInput3_2)
mutants/src/chiSquare.py:966: in x_chiSquare__mutmut_35
    sumSq += dev * dev / expected[i]
E   ZeroDivisionError: float division by zero
_______________________ test_chiSquare_with_func[originalInput1_11-originalInput1_21] _______________________
mutants/tests/chiSquareTest.py:147: in test_chiSquare_with_func
    applyMR_Assert(originalInput1_1, originalInput1_2, originalResult)
mutants/tests/chiSquareTest.py:25: in applyMR_Assert
    transformResult3_1 = func(transformInput3_1, transformInput3_2)
mutants/src/chiSquare.py:966: in x_chiSquare__mutmut_35
    sumSq += dev * dev / expected[i]
E   ZeroDivisionError: float division by zero
_______________________ test_chiSquare_with_func[originalInput1_12-originalInput1_22] _______________________
mutants/tests/chiSquareTest.py:147: in test_chiSquare_with_func
    applyMR_Assert(originalInput1_1, originalInput1_2, originalResult)
mutants/tests/chiSquareTest.py:25: in applyMR_Assert
    transformResult3_1 = func(transformInput3_1, transformInput3_2)
mutants/src/chiSquare.py:962: in x_chiSquare__mutmut_35
    dev = observed[i] - (ratio / expected[i])
E   ZeroDivisionError: float division by zero
_______________________ test_chiSquare_with_func[originalInput1_13-originalInput1_23] _______________________
mutants/tests/chiSquareTest.py:147: in test_chiSquare_with_func
    applyMR_Assert(originalInput1_1, originalInput1_2, originalResult)
mutants/tests/chiSquareTest.py:25: in applyMR_Assert
    transformResult3_1 = func(transformInput3_1, transformInput3_2)
mutants/src/chiSquare.py:962: in x_chiSquare__mutmut_35
    dev = observed[i] - (ratio / expected[i])
E   ZeroDivisionError: float division by zero
_______________________ test_chiSquare_with_func[originalInput1_14-originalInput1_24] _______________________
mutants/tests/chiSquareTest.py:147: in test_chiSquare_with_func
    applyMR_Assert(originalInput1_1, originalInput1_2, originalResult)
mutants/tests/chiSquareTest.py:25: in applyMR_Assert
    transformResult3_1 = func(transformInput3_1, transformInput3_2)
mutants/src/chiSquare.py:962: in x_chiSquare__mutmut_35
    dev = observed[i] - (ratio / expected[i])
E   ZeroDivisionError: float division by zero
_______________________ test_chiSquare_with_func[originalInput1_15-originalInput1_25] _______________________
mutants/tests/chiSquareTest.py:147: in test_chiSquare_with_func
    applyMR_Assert(originalInput1_1, originalInput1_2, originalResult)
mutants/tests/chiSquareTest.py:25: in applyMR_Assert
    transformResult3_1 = func(transformInput3_1, transformInput3_2)
mutants/src/chiSquare.py:962: in x_chiSquare__mutmut_35
    dev = observed[i] - (ratio / expected[i])
E   ZeroDivisionError: float division by zero
_______________________ test_chiSquare_with_func[originalInput1_16-originalInput1_26] _______________________
mutants/tests/chiSquareTest.py:147: in test_chiSquare_with_func
    applyMR_Assert(originalInput1_1, originalInput1_2, originalResult)
mutants/tests/chiSquareTest.py:25: in applyMR_Assert
    transformResult3_1 = func(transformInput3_1, transformInput3_2)
mutants/src/chiSquare.py:962: in x_chiSquare__mutmut_35
    dev = observed[i] - (ratio / expected[i])
E   ZeroDivisionError: float division by zero
_______________________ test_chiSquare_with_func[originalInput1_17-originalInput1_27] _______________________
mutants/tests/chiSquareTest.py:147: in test_chiSquare_with_func
    applyMR_Assert(originalInput1_1, originalInput1_2, originalResult)
mutants/tests/chiSquareTest.py:25: in applyMR_Assert
    transformResult3_1 = func(transformInput3_1, transformInput3_2)
mutants/src/chiSquare.py:962: in x_chiSquare__mutmut_35
    dev = observed[i] - (ratio / expected[i])
E   ZeroDivisionError: float division by zero
_______________________ test_chiSquare_with_func[originalInput1_18-originalInput1_28] _______________________
mutants/tests/chiSquareTest.py:147: in test_chiSquare_with_func
    applyMR_Assert(originalInput1_1, originalInput1_2, originalResult)
mutants/tests/chiSquareTest.py:25: in applyMR_Assert
    transformResult3_1 = func(transformInput3_1, transformInput3_2)
mutants/src/chiSquare.py:962: in x_chiSquare__mutmut_35
    dev = observed[i] - (ratio / expected[i])
E   ZeroDivisionError: float division by zero
_______________________ test_chiSquare_with_func[originalInput1_19-originalInput1_29] _______________________
mutants/tests/chiSquareTest.py:147: in test_chiSquare_with_func
    applyMR_Assert(originalInput1_1, originalInput1_2, originalResult)
mutants/tests/chiSquareTest.py:25: in applyMR_Assert
    transformResult3_1 = func(transformInput3_1, transformInput3_2)
mutants/src/chiSquare.py:962: in x_chiSquare__mutmut_35
    dev = observed[i] - (ratio / expected[i])
E   ZeroDivisionError: float division by zero
============================================= warnings summary ==============================================
../../anaconda3/envs/mutmut39/lib/python3.9/site-packages/_pytest/config/__init__.py:1474
  /home/rts/anaconda3/envs/mutmut39/lib/python3.9/site-packages/_pytest/config/__init__.py:1474: PytestConfigWarning: Unknown config option: pytest -vv --tb
  
    self._warn_or_fail_if_strict(f"Unknown config option: {key}\n")

-- Docs: https://docs.pytest.org/en/stable/how-to/capture-warnings.html
========================================== short test summary info ==========================================
FAILED mutants/tests/chiSquareTest.py::test_chiSquare_with_func[originalInput1_10-originalInput1_20] - ZeroDivisionError: float division by zero
FAILED mutants/tests/chiSquareTest.py::test_chiSquare_with_func[originalInput1_11-originalInput1_21] - ZeroDivisionError: float division by zero
FAILED mutants/tests/chiSquareTest.py::test_chiSquare_with_func[originalInput1_12-originalInput1_22] - ZeroDivisionError: float division by zero
FAILED mutants/tests/chiSquareTest.py::test_chiSquare_with_func[originalInput1_13-originalInput1_23] - ZeroDivisionError: float division by zero
FAILED mutants/tests/chiSquareTest.py::test_chiSquare_with_func[originalInput1_14-originalInput1_24] - ZeroDivisionError: float division by zero
FAILED mutants/tests/chiSquareTest.py::test_chiSquare_with_func[originalInput1_15-originalInput1_25] - ZeroDivisionError: float division by zero
FAILED mutants/tests/chiSquareTest.py::test_chiSquare_with_func[originalInput1_16-originalInput1_26] - ZeroDivisionError: float division by zero
FAILED mutants/tests/chiSquareTest.py::test_chiSquare_with_func[originalInput1_17-originalInput1_27] - ZeroDivisionError: float division by zero
FAILED mutants/tests/chiSquareTest.py::test_chiSquare_with_func[originalInput1_18-originalInput1_28] - ZeroDivisionError: float division by zero
FAILED mutants/tests/chiSquareTest.py::test_chiSquare_with_func[originalInput1_19-originalInput1_29] - ZeroDivisionError: float division by zero
10 failed, 1 warning in 0.14s
❌ x_chiSquare__mutmut_35 存在失败 (退出码 1)

================================================================================
RUNNING chiSquare.py :: x_chiSquare__mutmut_36  -  2025-10-16T14:18:54.636010
================================================================================

>>> 当前使用的函数: x_chiSquare__mutmut_36
函数源码如下：
def x_chiSquare__mutmut_36(expected, observed):
    sumExpected = 0
    sumObserved = 0

    for i in range(0, len(observed)):
        sumExpected += expected[i]
        sumObserved += observed[i]

    ratio = 1
    rescale = False

    if abs(sumExpected - sumObserved) > 10E-6:
        ratio = sumObserved / sumExpected
        rescale = True

    sumSq = 0

    for i in range(0, len(observed)):
        if rescale:
            dev = observed[i] - (ratio * expected[i])
            sumSq = (dev * dev) / (ratio * expected[i])
        else:
            dev = observed[i] - expected[i]
            sumSq += dev * dev / expected[i]

    return sumSq

FFFFFFFFFF
================================================= FAILURES ==================================================
_______________________ test_chiSquare_with_func[originalInput1_10-originalInput1_20] _______________________
mutants/tests/chiSquareTest.py:147: in test_chiSquare_with_func
    applyMR_Assert(originalInput1_1, originalInput1_2, originalResult)
mutants/tests/chiSquareTest.py:25: in applyMR_Assert
    transformResult3_1 = func(transformInput3_1, transformInput3_2)
mutants/src/chiSquare.py:992: in x_chiSquare__mutmut_36
    sumSq += dev * dev / expected[i]
E   ZeroDivisionError: float division by zero
_______________________ test_chiSquare_with_func[originalInput1_11-originalInput1_21] _______________________
mutants/tests/chiSquareTest.py:147: in test_chiSquare_with_func
    applyMR_Assert(originalInput1_1, originalInput1_2, originalResult)
mutants/tests/chiSquareTest.py:25: in applyMR_Assert
    transformResult3_1 = func(transformInput3_1, transformInput3_2)
mutants/src/chiSquare.py:992: in x_chiSquare__mutmut_36
    sumSq += dev * dev / expected[i]
E   ZeroDivisionError: float division by zero
_______________________ test_chiSquare_with_func[originalInput1_12-originalInput1_22] _______________________
mutants/tests/chiSquareTest.py:147: in test_chiSquare_with_func
    applyMR_Assert(originalInput1_1, originalInput1_2, originalResult)
mutants/tests/chiSquareTest.py:25: in applyMR_Assert
    transformResult3_1 = func(transformInput3_1, transformInput3_2)
mutants/src/chiSquare.py:989: in x_chiSquare__mutmut_36
    sumSq = (dev * dev) / (ratio * expected[i])
E   ZeroDivisionError: float division by zero
_______________________ test_chiSquare_with_func[originalInput1_13-originalInput1_23] _______________________
mutants/tests/chiSquareTest.py:147: in test_chiSquare_with_func
    applyMR_Assert(originalInput1_1, originalInput1_2, originalResult)
mutants/tests/chiSquareTest.py:25: in applyMR_Assert
    transformResult3_1 = func(transformInput3_1, transformInput3_2)
mutants/src/chiSquare.py:989: in x_chiSquare__mutmut_36
    sumSq = (dev * dev) / (ratio * expected[i])
E   ZeroDivisionError: float division by zero
_______________________ test_chiSquare_with_func[originalInput1_14-originalInput1_24] _______________________
mutants/tests/chiSquareTest.py:147: in test_chiSquare_with_func
    applyMR_Assert(originalInput1_1, originalInput1_2, originalResult)
mutants/tests/chiSquareTest.py:25: in applyMR_Assert
    transformResult3_1 = func(transformInput3_1, transformInput3_2)
mutants/src/chiSquare.py:989: in x_chiSquare__mutmut_36
    sumSq = (dev * dev) / (ratio * expected[i])
E   ZeroDivisionError: float division by zero
_______________________ test_chiSquare_with_func[originalInput1_15-originalInput1_25] _______________________
mutants/tests/chiSquareTest.py:147: in test_chiSquare_with_func
    applyMR_Assert(originalInput1_1, originalInput1_2, originalResult)
mutants/tests/chiSquareTest.py:25: in applyMR_Assert
    transformResult3_1 = func(transformInput3_1, transformInput3_2)
mutants/src/chiSquare.py:989: in x_chiSquare__mutmut_36
    sumSq = (dev * dev) / (ratio * expected[i])
E   ZeroDivisionError: float division by zero
_______________________ test_chiSquare_with_func[originalInput1_16-originalInput1_26] _______________________
mutants/tests/chiSquareTest.py:147: in test_chiSquare_with_func
    applyMR_Assert(originalInput1_1, originalInput1_2, originalResult)
mutants/tests/chiSquareTest.py:25: in applyMR_Assert
    transformResult3_1 = func(transformInput3_1, transformInput3_2)
mutants/src/chiSquare.py:989: in x_chiSquare__mutmut_36
    sumSq = (dev * dev) / (ratio * expected[i])
E   ZeroDivisionError: float division by zero
_______________________ test_chiSquare_with_func[originalInput1_17-originalInput1_27] _______________________
mutants/tests/chiSquareTest.py:147: in test_chiSquare_with_func
    applyMR_Assert(originalInput1_1, originalInput1_2, originalResult)
mutants/tests/chiSquareTest.py:25: in applyMR_Assert
    transformResult3_1 = func(transformInput3_1, transformInput3_2)
mutants/src/chiSquare.py:989: in x_chiSquare__mutmut_36
    sumSq = (dev * dev) / (ratio * expected[i])
E   ZeroDivisionError: float division by zero
_______________________ test_chiSquare_with_func[originalInput1_18-originalInput1_28] _______________________
mutants/tests/chiSquareTest.py:147: in test_chiSquare_with_func
    applyMR_Assert(originalInput1_1, originalInput1_2, originalResult)
mutants/tests/chiSquareTest.py:25: in applyMR_Assert
    transformResult3_1 = func(transformInput3_1, transformInput3_2)
mutants/src/chiSquare.py:989: in x_chiSquare__mutmut_36
    sumSq = (dev * dev) / (ratio * expected[i])
E   ZeroDivisionError: float division by zero
_______________________ test_chiSquare_with_func[originalInput1_19-originalInput1_29] _______________________
mutants/tests/chiSquareTest.py:147: in test_chiSquare_with_func
    applyMR_Assert(originalInput1_1, originalInput1_2, originalResult)
mutants/tests/chiSquareTest.py:25: in applyMR_Assert
    transformResult3_1 = func(transformInput3_1, transformInput3_2)
mutants/src/chiSquare.py:989: in x_chiSquare__mutmut_36
    sumSq = (dev * dev) / (ratio * expected[i])
E   ZeroDivisionError: float division by zero
============================================= warnings summary ==============================================
../../anaconda3/envs/mutmut39/lib/python3.9/site-packages/_pytest/config/__init__.py:1474
  /home/rts/anaconda3/envs/mutmut39/lib/python3.9/site-packages/_pytest/config/__init__.py:1474: PytestConfigWarning: Unknown config option: pytest -vv --tb
  
    self._warn_or_fail_if_strict(f"Unknown config option: {key}\n")

-- Docs: https://docs.pytest.org/en/stable/how-to/capture-warnings.html
========================================== short test summary info ==========================================
FAILED mutants/tests/chiSquareTest.py::test_chiSquare_with_func[originalInput1_10-originalInput1_20] - ZeroDivisionError: float division by zero
FAILED mutants/tests/chiSquareTest.py::test_chiSquare_with_func[originalInput1_11-originalInput1_21] - ZeroDivisionError: float division by zero
FAILED mutants/tests/chiSquareTest.py::test_chiSquare_with_func[originalInput1_12-originalInput1_22] - ZeroDivisionError: float division by zero
FAILED mutants/tests/chiSquareTest.py::test_chiSquare_with_func[originalInput1_13-originalInput1_23] - ZeroDivisionError: float division by zero
FAILED mutants/tests/chiSquareTest.py::test_chiSquare_with_func[originalInput1_14-originalInput1_24] - ZeroDivisionError: float division by zero
FAILED mutants/tests/chiSquareTest.py::test_chiSquare_with_func[originalInput1_15-originalInput1_25] - ZeroDivisionError: float division by zero
FAILED mutants/tests/chiSquareTest.py::test_chiSquare_with_func[originalInput1_16-originalInput1_26] - ZeroDivisionError: float division by zero
FAILED mutants/tests/chiSquareTest.py::test_chiSquare_with_func[originalInput1_17-originalInput1_27] - ZeroDivisionError: float division by zero
FAILED mutants/tests/chiSquareTest.py::test_chiSquare_with_func[originalInput1_18-originalInput1_28] - ZeroDivisionError: float division by zero
FAILED mutants/tests/chiSquareTest.py::test_chiSquare_with_func[originalInput1_19-originalInput1_29] - ZeroDivisionError: float division by zero
10 failed, 1 warning in 0.14s
❌ x_chiSquare__mutmut_36 存在失败 (退出码 1)

================================================================================
RUNNING chiSquare.py :: x_chiSquare__mutmut_37  -  2025-10-16T14:18:54.819182
================================================================================

>>> 当前使用的函数: x_chiSquare__mutmut_37
函数源码如下：
def x_chiSquare__mutmut_37(expected, observed):
    sumExpected = 0
    sumObserved = 0

    for i in range(0, len(observed)):
        sumExpected += expected[i]
        sumObserved += observed[i]

    ratio = 1
    rescale = False

    if abs(sumExpected - sumObserved) > 10E-6:
        ratio = sumObserved / sumExpected
        rescale = True

    sumSq = 0

    for i in range(0, len(observed)):
        if rescale:
            dev = observed[i] - (ratio * expected[i])
            sumSq -= (dev * dev) / (ratio * expected[i])
        else:
            dev = observed[i] - expected[i]
            sumSq += dev * dev / expected[i]

    return sumSq

FFFFFFFFFF
================================================= FAILURES ==================================================
_______________________ test_chiSquare_with_func[originalInput1_10-originalInput1_20] _______________________
mutants/tests/chiSquareTest.py:147: in test_chiSquare_with_func
    applyMR_Assert(originalInput1_1, originalInput1_2, originalResult)
mutants/tests/chiSquareTest.py:25: in applyMR_Assert
    transformResult3_1 = func(transformInput3_1, transformInput3_2)
mutants/src/chiSquare.py:1018: in x_chiSquare__mutmut_37
    sumSq += dev * dev / expected[i]
E   ZeroDivisionError: float division by zero
_______________________ test_chiSquare_with_func[originalInput1_11-originalInput1_21] _______________________
mutants/tests/chiSquareTest.py:147: in test_chiSquare_with_func
    applyMR_Assert(originalInput1_1, originalInput1_2, originalResult)
mutants/tests/chiSquareTest.py:25: in applyMR_Assert
    transformResult3_1 = func(transformInput3_1, transformInput3_2)
mutants/src/chiSquare.py:1018: in x_chiSquare__mutmut_37
    sumSq += dev * dev / expected[i]
E   ZeroDivisionError: float division by zero
_______________________ test_chiSquare_with_func[originalInput1_12-originalInput1_22] _______________________
mutants/tests/chiSquareTest.py:147: in test_chiSquare_with_func
    applyMR_Assert(originalInput1_1, originalInput1_2, originalResult)
mutants/tests/chiSquareTest.py:25: in applyMR_Assert
    transformResult3_1 = func(transformInput3_1, transformInput3_2)
mutants/src/chiSquare.py:1015: in x_chiSquare__mutmut_37
    sumSq -= (dev * dev) / (ratio * expected[i])
E   ZeroDivisionError: float division by zero
_______________________ test_chiSquare_with_func[originalInput1_13-originalInput1_23] _______________________
mutants/tests/chiSquareTest.py:147: in test_chiSquare_with_func
    applyMR_Assert(originalInput1_1, originalInput1_2, originalResult)
mutants/tests/chiSquareTest.py:25: in applyMR_Assert
    transformResult3_1 = func(transformInput3_1, transformInput3_2)
mutants/src/chiSquare.py:1015: in x_chiSquare__mutmut_37
    sumSq -= (dev * dev) / (ratio * expected[i])
E   ZeroDivisionError: float division by zero
_______________________ test_chiSquare_with_func[originalInput1_14-originalInput1_24] _______________________
mutants/tests/chiSquareTest.py:147: in test_chiSquare_with_func
    applyMR_Assert(originalInput1_1, originalInput1_2, originalResult)
mutants/tests/chiSquareTest.py:25: in applyMR_Assert
    transformResult3_1 = func(transformInput3_1, transformInput3_2)
mutants/src/chiSquare.py:1015: in x_chiSquare__mutmut_37
    sumSq -= (dev * dev) / (ratio * expected[i])
E   ZeroDivisionError: float division by zero
_______________________ test_chiSquare_with_func[originalInput1_15-originalInput1_25] _______________________
mutants/tests/chiSquareTest.py:147: in test_chiSquare_with_func
    applyMR_Assert(originalInput1_1, originalInput1_2, originalResult)
mutants/tests/chiSquareTest.py:25: in applyMR_Assert
    transformResult3_1 = func(transformInput3_1, transformInput3_2)
mutants/src/chiSquare.py:1015: in x_chiSquare__mutmut_37
    sumSq -= (dev * dev) / (ratio * expected[i])
E   ZeroDivisionError: float division by zero
_______________________ test_chiSquare_with_func[originalInput1_16-originalInput1_26] _______________________
mutants/tests/chiSquareTest.py:147: in test_chiSquare_with_func
    applyMR_Assert(originalInput1_1, originalInput1_2, originalResult)
mutants/tests/chiSquareTest.py:25: in applyMR_Assert
    transformResult3_1 = func(transformInput3_1, transformInput3_2)
mutants/src/chiSquare.py:1015: in x_chiSquare__mutmut_37
    sumSq -= (dev * dev) / (ratio * expected[i])
E   ZeroDivisionError: float division by zero
_______________________ test_chiSquare_with_func[originalInput1_17-originalInput1_27] _______________________
mutants/tests/chiSquareTest.py:147: in test_chiSquare_with_func
    applyMR_Assert(originalInput1_1, originalInput1_2, originalResult)
mutants/tests/chiSquareTest.py:25: in applyMR_Assert
    transformResult3_1 = func(transformInput3_1, transformInput3_2)
mutants/src/chiSquare.py:1015: in x_chiSquare__mutmut_37
    sumSq -= (dev * dev) / (ratio * expected[i])
E   ZeroDivisionError: float division by zero
_______________________ test_chiSquare_with_func[originalInput1_18-originalInput1_28] _______________________
mutants/tests/chiSquareTest.py:147: in test_chiSquare_with_func
    applyMR_Assert(originalInput1_1, originalInput1_2, originalResult)
mutants/tests/chiSquareTest.py:25: in applyMR_Assert
    transformResult3_1 = func(transformInput3_1, transformInput3_2)
mutants/src/chiSquare.py:1015: in x_chiSquare__mutmut_37
    sumSq -= (dev * dev) / (ratio * expected[i])
E   ZeroDivisionError: float division by zero
_______________________ test_chiSquare_with_func[originalInput1_19-originalInput1_29] _______________________
mutants/tests/chiSquareTest.py:147: in test_chiSquare_with_func
    applyMR_Assert(originalInput1_1, originalInput1_2, originalResult)
mutants/tests/chiSquareTest.py:25: in applyMR_Assert
    transformResult3_1 = func(transformInput3_1, transformInput3_2)
mutants/src/chiSquare.py:1015: in x_chiSquare__mutmut_37
    sumSq -= (dev * dev) / (ratio * expected[i])
E   ZeroDivisionError: float division by zero
============================================= warnings summary ==============================================
../../anaconda3/envs/mutmut39/lib/python3.9/site-packages/_pytest/config/__init__.py:1474
  /home/rts/anaconda3/envs/mutmut39/lib/python3.9/site-packages/_pytest/config/__init__.py:1474: PytestConfigWarning: Unknown config option: pytest -vv --tb
  
    self._warn_or_fail_if_strict(f"Unknown config option: {key}\n")

-- Docs: https://docs.pytest.org/en/stable/how-to/capture-warnings.html
========================================== short test summary info ==========================================
FAILED mutants/tests/chiSquareTest.py::test_chiSquare_with_func[originalInput1_10-originalInput1_20] - ZeroDivisionError: float division by zero
FAILED mutants/tests/chiSquareTest.py::test_chiSquare_with_func[originalInput1_11-originalInput1_21] - ZeroDivisionError: float division by zero
FAILED mutants/tests/chiSquareTest.py::test_chiSquare_with_func[originalInput1_12-originalInput1_22] - ZeroDivisionError: float division by zero
FAILED mutants/tests/chiSquareTest.py::test_chiSquare_with_func[originalInput1_13-originalInput1_23] - ZeroDivisionError: float division by zero
FAILED mutants/tests/chiSquareTest.py::test_chiSquare_with_func[originalInput1_14-originalInput1_24] - ZeroDivisionError: float division by zero
FAILED mutants/tests/chiSquareTest.py::test_chiSquare_with_func[originalInput1_15-originalInput1_25] - ZeroDivisionError: float division by zero
FAILED mutants/tests/chiSquareTest.py::test_chiSquare_with_func[originalInput1_16-originalInput1_26] - ZeroDivisionError: float division by zero
FAILED mutants/tests/chiSquareTest.py::test_chiSquare_with_func[originalInput1_17-originalInput1_27] - ZeroDivisionError: float division by zero
FAILED mutants/tests/chiSquareTest.py::test_chiSquare_with_func[originalInput1_18-originalInput1_28] - ZeroDivisionError: float division by zero
FAILED mutants/tests/chiSquareTest.py::test_chiSquare_with_func[originalInput1_19-originalInput1_29] - ZeroDivisionError: float division by zero
10 failed, 1 warning in 0.14s
❌ x_chiSquare__mutmut_37 存在失败 (退出码 1)

================================================================================
RUNNING chiSquare.py :: x_chiSquare__mutmut_38  -  2025-10-16T14:18:55.001345
================================================================================

>>> 当前使用的函数: x_chiSquare__mutmut_38
函数源码如下：
def x_chiSquare__mutmut_38(expected, observed):
    sumExpected = 0
    sumObserved = 0

    for i in range(0, len(observed)):
        sumExpected += expected[i]
        sumObserved += observed[i]

    ratio = 1
    rescale = False

    if abs(sumExpected - sumObserved) > 10E-6:
        ratio = sumObserved / sumExpected
        rescale = True

    sumSq = 0

    for i in range(0, len(observed)):
        if rescale:
            dev = observed[i] - (ratio * expected[i])
            sumSq += (dev * dev) * (ratio * expected[i])
        else:
            dev = observed[i] - expected[i]
            sumSq += dev * dev / expected[i]

    return sumSq

FFFFFFFFFF
================================================= FAILURES ==================================================
_______________________ test_chiSquare_with_func[originalInput1_10-originalInput1_20] _______________________
mutants/tests/chiSquareTest.py:147: in test_chiSquare_with_func
    applyMR_Assert(originalInput1_1, originalInput1_2, originalResult)
mutants/tests/chiSquareTest.py:25: in applyMR_Assert
    transformResult3_1 = func(transformInput3_1, transformInput3_2)
mutants/src/chiSquare.py:1044: in x_chiSquare__mutmut_38
    sumSq += dev * dev / expected[i]
E   ZeroDivisionError: float division by zero
_______________________ test_chiSquare_with_func[originalInput1_11-originalInput1_21] _______________________
mutants/tests/chiSquareTest.py:147: in test_chiSquare_with_func
    applyMR_Assert(originalInput1_1, originalInput1_2, originalResult)
mutants/tests/chiSquareTest.py:25: in applyMR_Assert
    transformResult3_1 = func(transformInput3_1, transformInput3_2)
mutants/src/chiSquare.py:1044: in x_chiSquare__mutmut_38
    sumSq += dev * dev / expected[i]
E   ZeroDivisionError: float division by zero
_______________________ test_chiSquare_with_func[originalInput1_12-originalInput1_22] _______________________

FAILURE: check 102.12345679012336 >= 127.84705075445832: MR2 failed
mutants/tests/chiSquareTest.py:147 in test_chiSquare_with_func() -> applyMR_Assert(originalInput1_1, originalInput1_2, originalResult)
mutants/tests/chiSquareTest.py:118 in applyMR_Assert() -> check.greater_equal(originalResult, transformResult2, "MR2 failed")

FAILURE: check 102.12345679012336 >= 102.12345679097908: MR13 failed
------------------------------------------------------------
Failed Checks: 2
_______________________ test_chiSquare_with_func[originalInput1_13-originalInput1_23] _______________________

FAILURE: check 9.869125520523484 >= 12.092915628337494: MR2 failed
mutants/tests/chiSquareTest.py:147 in test_chiSquare_with_func() -> applyMR_Assert(originalInput1_1, originalInput1_2, originalResult)
mutants/tests/chiSquareTest.py:118 in applyMR_Assert() -> check.greater_equal(originalResult, transformResult2, "MR2 failed")

FAILURE: check 9.869125520523484 <= 9.815860868156777: MR3_2 failed
FAILURE: check 9.869125520523484 >= 9.869125520597386: MR13 failed
------------------------------------------------------------
Failed Checks: 3
_______________________ test_chiSquare_with_func[originalInput1_14-originalInput1_24] _______________________

FAILURE: check 0.140625 <= 0.1336481565771503: MR3_2 failed
mutants/tests/chiSquareTest.py:147 in test_chiSquare_with_func() -> applyMR_Assert(originalInput1_1, originalInput1_2, originalResult)
mutants/tests/chiSquareTest.py:119 in applyMR_Assert() -> check.less_equal(originalResult, transformResult3_2, "MR3_2 failed")

------------------------------------------------------------
Failed Checks: 1
_______________________ test_chiSquare_with_func[originalInput1_15-originalInput1_25] _______________________

FAILURE: check 6.062382716049379 >= 7.635850694444439: MR2 failed
mutants/tests/chiSquareTest.py:147 in test_chiSquare_with_func() -> applyMR_Assert(originalInput1_1, originalInput1_2, originalResult)
mutants/tests/chiSquareTest.py:118 in applyMR_Assert() -> check.greater_equal(originalResult, transformResult2, "MR2 failed")

FAILURE: check 6.062382716049379 <= 6.0530105620594945: MR3_2 failed
FAILURE: check 6.062382716049379 >= 6.062382716101652: MR13 failed
FAILURE: check 6.062382716049379 <= 6.019412374473597: MR16 failed
FAILURE: check 6.062382716049379 <= 5.989017361111124: MR19 failed
------------------------------------------------------------
Failed Checks: 5
_______________________ test_chiSquare_with_func[originalInput1_16-originalInput1_26] _______________________

FAILURE: check 1.1198920118343185 >= 1.9192058367768654: MR2 failed
mutants/tests/chiSquareTest.py:147 in test_chiSquare_with_func() -> applyMR_Assert(originalInput1_1, originalInput1_2, originalResult)
mutants/tests/chiSquareTest.py:118 in applyMR_Assert() -> check.greater_equal(originalResult, transformResult2, "MR2 failed")

FAILURE: check 1.1198920118343185 >= 1.11989201186138: MR13 failed
------------------------------------------------------------
Failed Checks: 2
_______________________ test_chiSquare_with_func[originalInput1_17-originalInput1_27] _______________________

FAILURE: check 6.492188570176148 >= 8.752729664812994: MR2 failed
mutants/tests/chiSquareTest.py:147 in test_chiSquare_with_func() -> applyMR_Assert(originalInput1_1, originalInput1_2, originalResult)
mutants/tests/chiSquareTest.py:118 in applyMR_Assert() -> check.greater_equal(originalResult, transformResult2, "MR2 failed")

FAILURE: check 6.492188570176148 <= 6.491400445920915: MR3_2 failed
FAILURE: check 6.492188570176148 >= 6.492188570251656: MR13 failed
------------------------------------------------------------
Failed Checks: 3
_______________________ test_chiSquare_with_func[originalInput1_18-originalInput1_28] _______________________
mutants/tests/chiSquareTest.py:147: in test_chiSquare_with_func
    applyMR_Assert(originalInput1_1, originalInput1_2, originalResult)
mutants/tests/chiSquareTest.py:75: in applyMR_Assert
    transformResult11 = func(transformInput11_1, transformInput11_2)
mutants/src/chiSquare.py:1044: in x_chiSquare__mutmut_38
    sumSq += dev * dev / expected[i]
E   ZeroDivisionError: float division by zero
_______________________ test_chiSquare_with_func[originalInput1_19-originalInput1_29] _______________________
mutants/tests/chiSquareTest.py:147: in test_chiSquare_with_func
    applyMR_Assert(originalInput1_1, originalInput1_2, originalResult)
mutants/tests/chiSquareTest.py:75: in applyMR_Assert
    transformResult11 = func(transformInput11_1, transformInput11_2)
mutants/src/chiSquare.py:1044: in x_chiSquare__mutmut_38
    sumSq += dev * dev / expected[i]
E   ZeroDivisionError: float division by zero
============================================= warnings summary ==============================================
../../anaconda3/envs/mutmut39/lib/python3.9/site-packages/_pytest/config/__init__.py:1474
  /home/rts/anaconda3/envs/mutmut39/lib/python3.9/site-packages/_pytest/config/__init__.py:1474: PytestConfigWarning: Unknown config option: pytest -vv --tb
  
    self._warn_or_fail_if_strict(f"Unknown config option: {key}\n")

-- Docs: https://docs.pytest.org/en/stable/how-to/capture-warnings.html
========================================== short test summary info ==========================================
FAILED mutants/tests/chiSquareTest.py::test_chiSquare_with_func[originalInput1_10-originalInput1_20] - ZeroDivisionError: float division by zero
FAILED mutants/tests/chiSquareTest.py::test_chiSquare_with_func[originalInput1_11-originalInput1_21] - ZeroDivisionError: float division by zero
FAILED mutants/tests/chiSquareTest.py::test_chiSquare_with_func[originalInput1_12-originalInput1_22] - check 102.12345679012336 >= 127.84705075445832: MR2 failed
FAILED mutants/tests/chiSquareTest.py::test_chiSquare_with_func[originalInput1_13-originalInput1_23] - check 9.869125520523484 >= 12.092915628337494: MR2 failed
FAILED mutants/tests/chiSquareTest.py::test_chiSquare_with_func[originalInput1_14-originalInput1_24] - check 0.140625 <= 0.1336481565771503: MR3_2 failed
FAILED mutants/tests/chiSquareTest.py::test_chiSquare_with_func[originalInput1_15-originalInput1_25] - check 6.062382716049379 >= 7.635850694444439: MR2 failed
FAILED mutants/tests/chiSquareTest.py::test_chiSquare_with_func[originalInput1_16-originalInput1_26] - check 1.1198920118343185 >= 1.9192058367768654: MR2 failed
FAILED mutants/tests/chiSquareTest.py::test_chiSquare_with_func[originalInput1_17-originalInput1_27] - check 6.492188570176148 >= 8.752729664812994: MR2 failed
FAILED mutants/tests/chiSquareTest.py::test_chiSquare_with_func[originalInput1_18-originalInput1_28] - ZeroDivisionError: float division by zero
FAILED mutants/tests/chiSquareTest.py::test_chiSquare_with_func[originalInput1_19-originalInput1_29] - ZeroDivisionError: float division by zero
10 failed, 1 warning in 0.07s
❌ x_chiSquare__mutmut_38 存在失败 (退出码 1)

================================================================================
RUNNING chiSquare.py :: x_chiSquare__mutmut_39  -  2025-10-16T14:18:55.108935
================================================================================

>>> 当前使用的函数: x_chiSquare__mutmut_39
函数源码如下：
def x_chiSquare__mutmut_39(expected, observed):
    sumExpected = 0
    sumObserved = 0

    for i in range(0, len(observed)):
        sumExpected += expected[i]
        sumObserved += observed[i]

    ratio = 1
    rescale = False

    if abs(sumExpected - sumObserved) > 10E-6:
        ratio = sumObserved / sumExpected
        rescale = True

    sumSq = 0

    for i in range(0, len(observed)):
        if rescale:
            dev = observed[i] - (ratio * expected[i])
            sumSq += (dev / dev) / (ratio * expected[i])
        else:
            dev = observed[i] - expected[i]
            sumSq += dev * dev / expected[i]

    return sumSq

FFFFFFFFFF
================================================= FAILURES ==================================================
_______________________ test_chiSquare_with_func[originalInput1_10-originalInput1_20] _______________________
mutants/tests/chiSquareTest.py:147: in test_chiSquare_with_func
    applyMR_Assert(originalInput1_1, originalInput1_2, originalResult)
mutants/tests/chiSquareTest.py:25: in applyMR_Assert
    transformResult3_1 = func(transformInput3_1, transformInput3_2)
mutants/src/chiSquare.py:1070: in x_chiSquare__mutmut_39
    sumSq += dev * dev / expected[i]
E   ZeroDivisionError: float division by zero
_______________________ test_chiSquare_with_func[originalInput1_11-originalInput1_21] _______________________
mutants/tests/chiSquareTest.py:147: in test_chiSquare_with_func
    applyMR_Assert(originalInput1_1, originalInput1_2, originalResult)
mutants/tests/chiSquareTest.py:25: in applyMR_Assert
    transformResult3_1 = func(transformInput3_1, transformInput3_2)
mutants/src/chiSquare.py:1070: in x_chiSquare__mutmut_39
    sumSq += dev * dev / expected[i]
E   ZeroDivisionError: float division by zero
_______________________ test_chiSquare_with_func[originalInput1_12-originalInput1_22] _______________________
mutants/tests/chiSquareTest.py:147: in test_chiSquare_with_func
    applyMR_Assert(originalInput1_1, originalInput1_2, originalResult)
mutants/tests/chiSquareTest.py:25: in applyMR_Assert
    transformResult3_1 = func(transformInput3_1, transformInput3_2)
mutants/src/chiSquare.py:1067: in x_chiSquare__mutmut_39
    sumSq += (dev / dev) / (ratio * expected[i])
E   ZeroDivisionError: float division by zero
_______________________ test_chiSquare_with_func[originalInput1_13-originalInput1_23] _______________________
mutants/tests/chiSquareTest.py:147: in test_chiSquare_with_func
    applyMR_Assert(originalInput1_1, originalInput1_2, originalResult)
mutants/tests/chiSquareTest.py:25: in applyMR_Assert
    transformResult3_1 = func(transformInput3_1, transformInput3_2)
mutants/src/chiSquare.py:1067: in x_chiSquare__mutmut_39
    sumSq += (dev / dev) / (ratio * expected[i])
E   ZeroDivisionError: float division by zero
_______________________ test_chiSquare_with_func[originalInput1_14-originalInput1_24] _______________________
mutants/tests/chiSquareTest.py:146: in test_chiSquare_with_func
    originalResult = func(originalInput1_1, originalInput1_2)
mutants/src/chiSquare.py:1067: in x_chiSquare__mutmut_39
    sumSq += (dev / dev) / (ratio * expected[i])
E   ZeroDivisionError: float division by zero
_______________________ test_chiSquare_with_func[originalInput1_15-originalInput1_25] _______________________
mutants/tests/chiSquareTest.py:147: in test_chiSquare_with_func
    applyMR_Assert(originalInput1_1, originalInput1_2, originalResult)
mutants/tests/chiSquareTest.py:25: in applyMR_Assert
    transformResult3_1 = func(transformInput3_1, transformInput3_2)
mutants/src/chiSquare.py:1067: in x_chiSquare__mutmut_39
    sumSq += (dev / dev) / (ratio * expected[i])
E   ZeroDivisionError: float division by zero
_______________________ test_chiSquare_with_func[originalInput1_16-originalInput1_26] _______________________
mutants/tests/chiSquareTest.py:147: in test_chiSquare_with_func
    applyMR_Assert(originalInput1_1, originalInput1_2, originalResult)
mutants/tests/chiSquareTest.py:25: in applyMR_Assert
    transformResult3_1 = func(transformInput3_1, transformInput3_2)
mutants/src/chiSquare.py:1067: in x_chiSquare__mutmut_39
    sumSq += (dev / dev) / (ratio * expected[i])
E   ZeroDivisionError: float division by zero
_______________________ test_chiSquare_with_func[originalInput1_17-originalInput1_27] _______________________
mutants/tests/chiSquareTest.py:147: in test_chiSquare_with_func
    applyMR_Assert(originalInput1_1, originalInput1_2, originalResult)
mutants/tests/chiSquareTest.py:25: in applyMR_Assert
    transformResult3_1 = func(transformInput3_1, transformInput3_2)
mutants/src/chiSquare.py:1067: in x_chiSquare__mutmut_39
    sumSq += (dev / dev) / (ratio * expected[i])
E   ZeroDivisionError: float division by zero
_______________________ test_chiSquare_with_func[originalInput1_18-originalInput1_28] _______________________
mutants/tests/chiSquareTest.py:147: in test_chiSquare_with_func
    applyMR_Assert(originalInput1_1, originalInput1_2, originalResult)
mutants/tests/chiSquareTest.py:25: in applyMR_Assert
    transformResult3_1 = func(transformInput3_1, transformInput3_2)
mutants/src/chiSquare.py:1067: in x_chiSquare__mutmut_39
    sumSq += (dev / dev) / (ratio * expected[i])
E   ZeroDivisionError: float division by zero
_______________________ test_chiSquare_with_func[originalInput1_19-originalInput1_29] _______________________
mutants/tests/chiSquareTest.py:147: in test_chiSquare_with_func
    applyMR_Assert(originalInput1_1, originalInput1_2, originalResult)
mutants/tests/chiSquareTest.py:25: in applyMR_Assert
    transformResult3_1 = func(transformInput3_1, transformInput3_2)
mutants/src/chiSquare.py:1067: in x_chiSquare__mutmut_39
    sumSq += (dev / dev) / (ratio * expected[i])
E   ZeroDivisionError: float division by zero
============================================= warnings summary ==============================================
../../anaconda3/envs/mutmut39/lib/python3.9/site-packages/_pytest/config/__init__.py:1474
  /home/rts/anaconda3/envs/mutmut39/lib/python3.9/site-packages/_pytest/config/__init__.py:1474: PytestConfigWarning: Unknown config option: pytest -vv --tb
  
    self._warn_or_fail_if_strict(f"Unknown config option: {key}\n")

-- Docs: https://docs.pytest.org/en/stable/how-to/capture-warnings.html
========================================== short test summary info ==========================================
FAILED mutants/tests/chiSquareTest.py::test_chiSquare_with_func[originalInput1_10-originalInput1_20] - ZeroDivisionError: float division by zero
FAILED mutants/tests/chiSquareTest.py::test_chiSquare_with_func[originalInput1_11-originalInput1_21] - ZeroDivisionError: float division by zero
FAILED mutants/tests/chiSquareTest.py::test_chiSquare_with_func[originalInput1_12-originalInput1_22] - ZeroDivisionError: float division by zero
FAILED mutants/tests/chiSquareTest.py::test_chiSquare_with_func[originalInput1_13-originalInput1_23] - ZeroDivisionError: float division by zero
FAILED mutants/tests/chiSquareTest.py::test_chiSquare_with_func[originalInput1_14-originalInput1_24] - ZeroDivisionError: float division by zero
FAILED mutants/tests/chiSquareTest.py::test_chiSquare_with_func[originalInput1_15-originalInput1_25] - ZeroDivisionError: float division by zero
FAILED mutants/tests/chiSquareTest.py::test_chiSquare_with_func[originalInput1_16-originalInput1_26] - ZeroDivisionError: float division by zero
FAILED mutants/tests/chiSquareTest.py::test_chiSquare_with_func[originalInput1_17-originalInput1_27] - ZeroDivisionError: float division by zero
FAILED mutants/tests/chiSquareTest.py::test_chiSquare_with_func[originalInput1_18-originalInput1_28] - ZeroDivisionError: float division by zero
FAILED mutants/tests/chiSquareTest.py::test_chiSquare_with_func[originalInput1_19-originalInput1_29] - ZeroDivisionError: float division by zero
10 failed, 1 warning in 0.14s
❌ x_chiSquare__mutmut_39 存在失败 (退出码 1)

================================================================================
RUNNING chiSquare.py :: x_chiSquare__mutmut_4  -  2025-10-16T14:18:55.291996
================================================================================

>>> 当前使用的函数: x_chiSquare__mutmut_4
函数源码如下：
def x_chiSquare__mutmut_4(expected, observed):
    sumExpected = 0
    sumObserved = 1

    for i in range(0, len(observed)):
        sumExpected += expected[i]
        sumObserved += observed[i]

    ratio = 1
    rescale = False

    if abs(sumExpected - sumObserved) > 10E-6:
        ratio = sumObserved / sumExpected
        rescale = True

    sumSq = 0

    for i in range(0, len(observed)):
        if rescale:
            dev = observed[i] - (ratio * expected[i])
            sumSq += (dev * dev) / (ratio * expected[i])
        else:
            dev = observed[i] - expected[i]
            sumSq += dev * dev / expected[i]

    return sumSq

FFFFFFFFFF
================================================= FAILURES ==================================================
_______________________ test_chiSquare_with_func[originalInput1_10-originalInput1_20] _______________________
mutants/tests/chiSquareTest.py:147: in test_chiSquare_with_func
    applyMR_Assert(originalInput1_1, originalInput1_2, originalResult)
mutants/tests/chiSquareTest.py:25: in applyMR_Assert
    transformResult3_1 = func(transformInput3_1, transformInput3_2)
mutants/src/chiSquare.py:157: in x_chiSquare__mutmut_4
    sumSq += (dev * dev) / (ratio * expected[i])
E   ZeroDivisionError: float division by zero
_______________________ test_chiSquare_with_func[originalInput1_11-originalInput1_21] _______________________
mutants/tests/chiSquareTest.py:147: in test_chiSquare_with_func
    applyMR_Assert(originalInput1_1, originalInput1_2, originalResult)
mutants/tests/chiSquareTest.py:25: in applyMR_Assert
    transformResult3_1 = func(transformInput3_1, transformInput3_2)
mutants/src/chiSquare.py:157: in x_chiSquare__mutmut_4
    sumSq += (dev * dev) / (ratio * expected[i])
E   ZeroDivisionError: float division by zero
_______________________ test_chiSquare_with_func[originalInput1_12-originalInput1_22] _______________________
mutants/tests/chiSquareTest.py:147: in test_chiSquare_with_func
    applyMR_Assert(originalInput1_1, originalInput1_2, originalResult)
mutants/tests/chiSquareTest.py:25: in applyMR_Assert
    transformResult3_1 = func(transformInput3_1, transformInput3_2)
mutants/src/chiSquare.py:160: in x_chiSquare__mutmut_4
    sumSq += dev * dev / expected[i]
E   ZeroDivisionError: float division by zero
_______________________ test_chiSquare_with_func[originalInput1_13-originalInput1_23] _______________________
mutants/tests/chiSquareTest.py:147: in test_chiSquare_with_func
    applyMR_Assert(originalInput1_1, originalInput1_2, originalResult)
mutants/tests/chiSquareTest.py:25: in applyMR_Assert
    transformResult3_1 = func(transformInput3_1, transformInput3_2)
mutants/src/chiSquare.py:160: in x_chiSquare__mutmut_4
    sumSq += dev * dev / expected[i]
E   ZeroDivisionError: float division by zero
_______________________ test_chiSquare_with_func[originalInput1_14-originalInput1_24] _______________________
mutants/tests/chiSquareTest.py:147: in test_chiSquare_with_func
    applyMR_Assert(originalInput1_1, originalInput1_2, originalResult)
mutants/tests/chiSquareTest.py:25: in applyMR_Assert
    transformResult3_1 = func(transformInput3_1, transformInput3_2)
mutants/src/chiSquare.py:157: in x_chiSquare__mutmut_4
    sumSq += (dev * dev) / (ratio * expected[i])
E   ZeroDivisionError: float division by zero
_______________________ test_chiSquare_with_func[originalInput1_15-originalInput1_25] _______________________
mutants/tests/chiSquareTest.py:147: in test_chiSquare_with_func
    applyMR_Assert(originalInput1_1, originalInput1_2, originalResult)
mutants/tests/chiSquareTest.py:25: in applyMR_Assert
    transformResult3_1 = func(transformInput3_1, transformInput3_2)
mutants/src/chiSquare.py:157: in x_chiSquare__mutmut_4
    sumSq += (dev * dev) / (ratio * expected[i])
E   ZeroDivisionError: float division by zero
_______________________ test_chiSquare_with_func[originalInput1_16-originalInput1_26] _______________________
mutants/tests/chiSquareTest.py:147: in test_chiSquare_with_func
    applyMR_Assert(originalInput1_1, originalInput1_2, originalResult)
mutants/tests/chiSquareTest.py:25: in applyMR_Assert
    transformResult3_1 = func(transformInput3_1, transformInput3_2)
mutants/src/chiSquare.py:157: in x_chiSquare__mutmut_4
    sumSq += (dev * dev) / (ratio * expected[i])
E   ZeroDivisionError: float division by zero
_______________________ test_chiSquare_with_func[originalInput1_17-originalInput1_27] _______________________
mutants/tests/chiSquareTest.py:147: in test_chiSquare_with_func
    applyMR_Assert(originalInput1_1, originalInput1_2, originalResult)
mutants/tests/chiSquareTest.py:25: in applyMR_Assert
    transformResult3_1 = func(transformInput3_1, transformInput3_2)
mutants/src/chiSquare.py:157: in x_chiSquare__mutmut_4
    sumSq += (dev * dev) / (ratio * expected[i])
E   ZeroDivisionError: float division by zero
_______________________ test_chiSquare_with_func[originalInput1_18-originalInput1_28] _______________________
mutants/tests/chiSquareTest.py:147: in test_chiSquare_with_func
    applyMR_Assert(originalInput1_1, originalInput1_2, originalResult)
mutants/tests/chiSquareTest.py:25: in applyMR_Assert
    transformResult3_1 = func(transformInput3_1, transformInput3_2)
mutants/src/chiSquare.py:157: in x_chiSquare__mutmut_4
    sumSq += (dev * dev) / (ratio * expected[i])
E   ZeroDivisionError: float division by zero
_______________________ test_chiSquare_with_func[originalInput1_19-originalInput1_29] _______________________
mutants/tests/chiSquareTest.py:147: in test_chiSquare_with_func
    applyMR_Assert(originalInput1_1, originalInput1_2, originalResult)
mutants/tests/chiSquareTest.py:25: in applyMR_Assert
    transformResult3_1 = func(transformInput3_1, transformInput3_2)
mutants/src/chiSquare.py:157: in x_chiSquare__mutmut_4
    sumSq += (dev * dev) / (ratio * expected[i])
E   ZeroDivisionError: float division by zero
============================================= warnings summary ==============================================
../../anaconda3/envs/mutmut39/lib/python3.9/site-packages/_pytest/config/__init__.py:1474
  /home/rts/anaconda3/envs/mutmut39/lib/python3.9/site-packages/_pytest/config/__init__.py:1474: PytestConfigWarning: Unknown config option: pytest -vv --tb
  
    self._warn_or_fail_if_strict(f"Unknown config option: {key}\n")

-- Docs: https://docs.pytest.org/en/stable/how-to/capture-warnings.html
========================================== short test summary info ==========================================
FAILED mutants/tests/chiSquareTest.py::test_chiSquare_with_func[originalInput1_10-originalInput1_20] - ZeroDivisionError: float division by zero
FAILED mutants/tests/chiSquareTest.py::test_chiSquare_with_func[originalInput1_11-originalInput1_21] - ZeroDivisionError: float division by zero
FAILED mutants/tests/chiSquareTest.py::test_chiSquare_with_func[originalInput1_12-originalInput1_22] - ZeroDivisionError: float division by zero
FAILED mutants/tests/chiSquareTest.py::test_chiSquare_with_func[originalInput1_13-originalInput1_23] - ZeroDivisionError: float division by zero
FAILED mutants/tests/chiSquareTest.py::test_chiSquare_with_func[originalInput1_14-originalInput1_24] - ZeroDivisionError: float division by zero
FAILED mutants/tests/chiSquareTest.py::test_chiSquare_with_func[originalInput1_15-originalInput1_25] - ZeroDivisionError: float division by zero
FAILED mutants/tests/chiSquareTest.py::test_chiSquare_with_func[originalInput1_16-originalInput1_26] - ZeroDivisionError: float division by zero
FAILED mutants/tests/chiSquareTest.py::test_chiSquare_with_func[originalInput1_17-originalInput1_27] - ZeroDivisionError: float division by zero
FAILED mutants/tests/chiSquareTest.py::test_chiSquare_with_func[originalInput1_18-originalInput1_28] - ZeroDivisionError: float division by zero
FAILED mutants/tests/chiSquareTest.py::test_chiSquare_with_func[originalInput1_19-originalInput1_29] - ZeroDivisionError: float division by zero
10 failed, 1 warning in 0.14s
❌ x_chiSquare__mutmut_4 存在失败 (退出码 1)

================================================================================
RUNNING chiSquare.py :: x_chiSquare__mutmut_40  -  2025-10-16T14:18:55.477174
================================================================================

>>> 当前使用的函数: x_chiSquare__mutmut_40
函数源码如下：
def x_chiSquare__mutmut_40(expected, observed):
    sumExpected = 0
    sumObserved = 0

    for i in range(0, len(observed)):
        sumExpected += expected[i]
        sumObserved += observed[i]

    ratio = 1
    rescale = False

    if abs(sumExpected - sumObserved) > 10E-6:
        ratio = sumObserved / sumExpected
        rescale = True

    sumSq = 0

    for i in range(0, len(observed)):
        if rescale:
            dev = observed[i] - (ratio * expected[i])
            sumSq += (dev * dev) / (ratio / expected[i])
        else:
            dev = observed[i] - expected[i]
            sumSq += dev * dev / expected[i]

    return sumSq

FFFFFFFFFF
================================================= FAILURES ==================================================
_______________________ test_chiSquare_with_func[originalInput1_10-originalInput1_20] _______________________
mutants/tests/chiSquareTest.py:147: in test_chiSquare_with_func
    applyMR_Assert(originalInput1_1, originalInput1_2, originalResult)
mutants/tests/chiSquareTest.py:25: in applyMR_Assert
    transformResult3_1 = func(transformInput3_1, transformInput3_2)
mutants/src/chiSquare.py:1096: in x_chiSquare__mutmut_40
    sumSq += dev * dev / expected[i]
E   ZeroDivisionError: float division by zero
_______________________ test_chiSquare_with_func[originalInput1_11-originalInput1_21] _______________________
mutants/tests/chiSquareTest.py:147: in test_chiSquare_with_func
    applyMR_Assert(originalInput1_1, originalInput1_2, originalResult)
mutants/tests/chiSquareTest.py:25: in applyMR_Assert
    transformResult3_1 = func(transformInput3_1, transformInput3_2)
mutants/src/chiSquare.py:1096: in x_chiSquare__mutmut_40
    sumSq += dev * dev / expected[i]
E   ZeroDivisionError: float division by zero
_______________________ test_chiSquare_with_func[originalInput1_12-originalInput1_22] _______________________
mutants/tests/chiSquareTest.py:147: in test_chiSquare_with_func
    applyMR_Assert(originalInput1_1, originalInput1_2, originalResult)
mutants/tests/chiSquareTest.py:25: in applyMR_Assert
    transformResult3_1 = func(transformInput3_1, transformInput3_2)
mutants/src/chiSquare.py:1093: in x_chiSquare__mutmut_40
    sumSq += (dev * dev) / (ratio / expected[i])
E   ZeroDivisionError: float division by zero
_______________________ test_chiSquare_with_func[originalInput1_13-originalInput1_23] _______________________
mutants/tests/chiSquareTest.py:147: in test_chiSquare_with_func
    applyMR_Assert(originalInput1_1, originalInput1_2, originalResult)
mutants/tests/chiSquareTest.py:25: in applyMR_Assert
    transformResult3_1 = func(transformInput3_1, transformInput3_2)
mutants/src/chiSquare.py:1093: in x_chiSquare__mutmut_40
    sumSq += (dev * dev) / (ratio / expected[i])
E   ZeroDivisionError: float division by zero
_______________________ test_chiSquare_with_func[originalInput1_14-originalInput1_24] _______________________
mutants/tests/chiSquareTest.py:147: in test_chiSquare_with_func
    applyMR_Assert(originalInput1_1, originalInput1_2, originalResult)
mutants/tests/chiSquareTest.py:25: in applyMR_Assert
    transformResult3_1 = func(transformInput3_1, transformInput3_2)
mutants/src/chiSquare.py:1093: in x_chiSquare__mutmut_40
    sumSq += (dev * dev) / (ratio / expected[i])
E   ZeroDivisionError: float division by zero
_______________________ test_chiSquare_with_func[originalInput1_15-originalInput1_25] _______________________
mutants/tests/chiSquareTest.py:147: in test_chiSquare_with_func
    applyMR_Assert(originalInput1_1, originalInput1_2, originalResult)
mutants/tests/chiSquareTest.py:25: in applyMR_Assert
    transformResult3_1 = func(transformInput3_1, transformInput3_2)
mutants/src/chiSquare.py:1093: in x_chiSquare__mutmut_40
    sumSq += (dev * dev) / (ratio / expected[i])
E   ZeroDivisionError: float division by zero
_______________________ test_chiSquare_with_func[originalInput1_16-originalInput1_26] _______________________
mutants/tests/chiSquareTest.py:147: in test_chiSquare_with_func
    applyMR_Assert(originalInput1_1, originalInput1_2, originalResult)
mutants/tests/chiSquareTest.py:25: in applyMR_Assert
    transformResult3_1 = func(transformInput3_1, transformInput3_2)
mutants/src/chiSquare.py:1093: in x_chiSquare__mutmut_40
    sumSq += (dev * dev) / (ratio / expected[i])
E   ZeroDivisionError: float division by zero
_______________________ test_chiSquare_with_func[originalInput1_17-originalInput1_27] _______________________
mutants/tests/chiSquareTest.py:147: in test_chiSquare_with_func
    applyMR_Assert(originalInput1_1, originalInput1_2, originalResult)
mutants/tests/chiSquareTest.py:25: in applyMR_Assert
    transformResult3_1 = func(transformInput3_1, transformInput3_2)
mutants/src/chiSquare.py:1093: in x_chiSquare__mutmut_40
    sumSq += (dev * dev) / (ratio / expected[i])
E   ZeroDivisionError: float division by zero
_______________________ test_chiSquare_with_func[originalInput1_18-originalInput1_28] _______________________
mutants/tests/chiSquareTest.py:147: in test_chiSquare_with_func
    applyMR_Assert(originalInput1_1, originalInput1_2, originalResult)
mutants/tests/chiSquareTest.py:25: in applyMR_Assert
    transformResult3_1 = func(transformInput3_1, transformInput3_2)
mutants/src/chiSquare.py:1093: in x_chiSquare__mutmut_40
    sumSq += (dev * dev) / (ratio / expected[i])
E   ZeroDivisionError: float division by zero
_______________________ test_chiSquare_with_func[originalInput1_19-originalInput1_29] _______________________
mutants/tests/chiSquareTest.py:147: in test_chiSquare_with_func
    applyMR_Assert(originalInput1_1, originalInput1_2, originalResult)
mutants/tests/chiSquareTest.py:25: in applyMR_Assert
    transformResult3_1 = func(transformInput3_1, transformInput3_2)
mutants/src/chiSquare.py:1093: in x_chiSquare__mutmut_40
    sumSq += (dev * dev) / (ratio / expected[i])
E   ZeroDivisionError: float division by zero
============================================= warnings summary ==============================================
../../anaconda3/envs/mutmut39/lib/python3.9/site-packages/_pytest/config/__init__.py:1474
  /home/rts/anaconda3/envs/mutmut39/lib/python3.9/site-packages/_pytest/config/__init__.py:1474: PytestConfigWarning: Unknown config option: pytest -vv --tb
  
    self._warn_or_fail_if_strict(f"Unknown config option: {key}\n")

-- Docs: https://docs.pytest.org/en/stable/how-to/capture-warnings.html
========================================== short test summary info ==========================================
FAILED mutants/tests/chiSquareTest.py::test_chiSquare_with_func[originalInput1_10-originalInput1_20] - ZeroDivisionError: float division by zero
FAILED mutants/tests/chiSquareTest.py::test_chiSquare_with_func[originalInput1_11-originalInput1_21] - ZeroDivisionError: float division by zero
FAILED mutants/tests/chiSquareTest.py::test_chiSquare_with_func[originalInput1_12-originalInput1_22] - ZeroDivisionError: float division by zero
FAILED mutants/tests/chiSquareTest.py::test_chiSquare_with_func[originalInput1_13-originalInput1_23] - ZeroDivisionError: float division by zero
FAILED mutants/tests/chiSquareTest.py::test_chiSquare_with_func[originalInput1_14-originalInput1_24] - ZeroDivisionError: float division by zero
FAILED mutants/tests/chiSquareTest.py::test_chiSquare_with_func[originalInput1_15-originalInput1_25] - ZeroDivisionError: float division by zero
FAILED mutants/tests/chiSquareTest.py::test_chiSquare_with_func[originalInput1_16-originalInput1_26] - ZeroDivisionError: float division by zero
FAILED mutants/tests/chiSquareTest.py::test_chiSquare_with_func[originalInput1_17-originalInput1_27] - ZeroDivisionError: float division by zero
FAILED mutants/tests/chiSquareTest.py::test_chiSquare_with_func[originalInput1_18-originalInput1_28] - ZeroDivisionError: float division by zero
FAILED mutants/tests/chiSquareTest.py::test_chiSquare_with_func[originalInput1_19-originalInput1_29] - ZeroDivisionError: float division by zero
10 failed, 1 warning in 0.14s
❌ x_chiSquare__mutmut_40 存在失败 (退出码 1)

================================================================================
RUNNING chiSquare.py :: x_chiSquare__mutmut_41  -  2025-10-16T14:18:55.662250
================================================================================

>>> 当前使用的函数: x_chiSquare__mutmut_41
函数源码如下：
def x_chiSquare__mutmut_41(expected, observed):
    sumExpected = 0
    sumObserved = 0

    for i in range(0, len(observed)):
        sumExpected += expected[i]
        sumObserved += observed[i]

    ratio = 1
    rescale = False

    if abs(sumExpected - sumObserved) > 10E-6:
        ratio = sumObserved / sumExpected
        rescale = True

    sumSq = 0

    for i in range(0, len(observed)):
        if rescale:
            dev = observed[i] - (ratio * expected[i])
            sumSq += (dev * dev) / (ratio * expected[i])
        else:
            dev = None
            sumSq += dev * dev / expected[i]

    return sumSq

FFFFFFFFFF
================================================= FAILURES ==================================================
_______________________ test_chiSquare_with_func[originalInput1_10-originalInput1_20] _______________________
mutants/tests/chiSquareTest.py:146: in test_chiSquare_with_func
    originalResult = func(originalInput1_1, originalInput1_2)
mutants/src/chiSquare.py:1122: in x_chiSquare__mutmut_41
    sumSq += dev * dev / expected[i]
E   TypeError: unsupported operand type(s) for *: 'NoneType' and 'NoneType'
_______________________ test_chiSquare_with_func[originalInput1_11-originalInput1_21] _______________________
mutants/tests/chiSquareTest.py:146: in test_chiSquare_with_func
    originalResult = func(originalInput1_1, originalInput1_2)
mutants/src/chiSquare.py:1122: in x_chiSquare__mutmut_41
    sumSq += dev * dev / expected[i]
E   TypeError: unsupported operand type(s) for *: 'NoneType' and 'NoneType'
_______________________ test_chiSquare_with_func[originalInput1_12-originalInput1_22] _______________________
mutants/tests/chiSquareTest.py:147: in test_chiSquare_with_func
    applyMR_Assert(originalInput1_1, originalInput1_2, originalResult)
mutants/tests/chiSquareTest.py:25: in applyMR_Assert
    transformResult3_1 = func(transformInput3_1, transformInput3_2)
mutants/src/chiSquare.py:1119: in x_chiSquare__mutmut_41
    sumSq += (dev * dev) / (ratio * expected[i])
E   ZeroDivisionError: float division by zero
_______________________ test_chiSquare_with_func[originalInput1_13-originalInput1_23] _______________________
mutants/tests/chiSquareTest.py:147: in test_chiSquare_with_func
    applyMR_Assert(originalInput1_1, originalInput1_2, originalResult)
mutants/tests/chiSquareTest.py:25: in applyMR_Assert
    transformResult3_1 = func(transformInput3_1, transformInput3_2)
mutants/src/chiSquare.py:1119: in x_chiSquare__mutmut_41
    sumSq += (dev * dev) / (ratio * expected[i])
E   ZeroDivisionError: float division by zero
_______________________ test_chiSquare_with_func[originalInput1_14-originalInput1_24] _______________________
mutants/tests/chiSquareTest.py:147: in test_chiSquare_with_func
    applyMR_Assert(originalInput1_1, originalInput1_2, originalResult)
mutants/tests/chiSquareTest.py:25: in applyMR_Assert
    transformResult3_1 = func(transformInput3_1, transformInput3_2)
mutants/src/chiSquare.py:1119: in x_chiSquare__mutmut_41
    sumSq += (dev * dev) / (ratio * expected[i])
E   ZeroDivisionError: float division by zero
_______________________ test_chiSquare_with_func[originalInput1_15-originalInput1_25] _______________________
mutants/tests/chiSquareTest.py:147: in test_chiSquare_with_func
    applyMR_Assert(originalInput1_1, originalInput1_2, originalResult)
mutants/tests/chiSquareTest.py:25: in applyMR_Assert
    transformResult3_1 = func(transformInput3_1, transformInput3_2)
mutants/src/chiSquare.py:1119: in x_chiSquare__mutmut_41
    sumSq += (dev * dev) / (ratio * expected[i])
E   ZeroDivisionError: float division by zero
_______________________ test_chiSquare_with_func[originalInput1_16-originalInput1_26] _______________________
mutants/tests/chiSquareTest.py:147: in test_chiSquare_with_func
    applyMR_Assert(originalInput1_1, originalInput1_2, originalResult)
mutants/tests/chiSquareTest.py:25: in applyMR_Assert
    transformResult3_1 = func(transformInput3_1, transformInput3_2)
mutants/src/chiSquare.py:1119: in x_chiSquare__mutmut_41
    sumSq += (dev * dev) / (ratio * expected[i])
E   ZeroDivisionError: float division by zero
_______________________ test_chiSquare_with_func[originalInput1_17-originalInput1_27] _______________________
mutants/tests/chiSquareTest.py:147: in test_chiSquare_with_func
    applyMR_Assert(originalInput1_1, originalInput1_2, originalResult)
mutants/tests/chiSquareTest.py:25: in applyMR_Assert
    transformResult3_1 = func(transformInput3_1, transformInput3_2)
mutants/src/chiSquare.py:1119: in x_chiSquare__mutmut_41
    sumSq += (dev * dev) / (ratio * expected[i])
E   ZeroDivisionError: float division by zero
_______________________ test_chiSquare_with_func[originalInput1_18-originalInput1_28] _______________________
mutants/tests/chiSquareTest.py:147: in test_chiSquare_with_func
    applyMR_Assert(originalInput1_1, originalInput1_2, originalResult)
mutants/tests/chiSquareTest.py:25: in applyMR_Assert
    transformResult3_1 = func(transformInput3_1, transformInput3_2)
mutants/src/chiSquare.py:1119: in x_chiSquare__mutmut_41
    sumSq += (dev * dev) / (ratio * expected[i])
E   ZeroDivisionError: float division by zero
_______________________ test_chiSquare_with_func[originalInput1_19-originalInput1_29] _______________________
mutants/tests/chiSquareTest.py:147: in test_chiSquare_with_func
    applyMR_Assert(originalInput1_1, originalInput1_2, originalResult)
mutants/tests/chiSquareTest.py:25: in applyMR_Assert
    transformResult3_1 = func(transformInput3_1, transformInput3_2)
mutants/src/chiSquare.py:1119: in x_chiSquare__mutmut_41
    sumSq += (dev * dev) / (ratio * expected[i])
E   ZeroDivisionError: float division by zero
============================================= warnings summary ==============================================
../../anaconda3/envs/mutmut39/lib/python3.9/site-packages/_pytest/config/__init__.py:1474
  /home/rts/anaconda3/envs/mutmut39/lib/python3.9/site-packages/_pytest/config/__init__.py:1474: PytestConfigWarning: Unknown config option: pytest -vv --tb
  
    self._warn_or_fail_if_strict(f"Unknown config option: {key}\n")

-- Docs: https://docs.pytest.org/en/stable/how-to/capture-warnings.html
========================================== short test summary info ==========================================
FAILED mutants/tests/chiSquareTest.py::test_chiSquare_with_func[originalInput1_10-originalInput1_20] - TypeError: unsupported operand type(s) for *: 'NoneType' and 'NoneType'
FAILED mutants/tests/chiSquareTest.py::test_chiSquare_with_func[originalInput1_11-originalInput1_21] - TypeError: unsupported operand type(s) for *: 'NoneType' and 'NoneType'
FAILED mutants/tests/chiSquareTest.py::test_chiSquare_with_func[originalInput1_12-originalInput1_22] - ZeroDivisionError: float division by zero
FAILED mutants/tests/chiSquareTest.py::test_chiSquare_with_func[originalInput1_13-originalInput1_23] - ZeroDivisionError: float division by zero
FAILED mutants/tests/chiSquareTest.py::test_chiSquare_with_func[originalInput1_14-originalInput1_24] - ZeroDivisionError: float division by zero
FAILED mutants/tests/chiSquareTest.py::test_chiSquare_with_func[originalInput1_15-originalInput1_25] - ZeroDivisionError: float division by zero
FAILED mutants/tests/chiSquareTest.py::test_chiSquare_with_func[originalInput1_16-originalInput1_26] - ZeroDivisionError: float division by zero
FAILED mutants/tests/chiSquareTest.py::test_chiSquare_with_func[originalInput1_17-originalInput1_27] - ZeroDivisionError: float division by zero
FAILED mutants/tests/chiSquareTest.py::test_chiSquare_with_func[originalInput1_18-originalInput1_28] - ZeroDivisionError: float division by zero
FAILED mutants/tests/chiSquareTest.py::test_chiSquare_with_func[originalInput1_19-originalInput1_29] - ZeroDivisionError: float division by zero
10 failed, 1 warning in 0.14s
❌ x_chiSquare__mutmut_41 存在失败 (退出码 1)

================================================================================
RUNNING chiSquare.py :: x_chiSquare__mutmut_42  -  2025-10-16T14:18:55.843604
================================================================================

>>> 当前使用的函数: x_chiSquare__mutmut_42
函数源码如下：
def x_chiSquare__mutmut_42(expected, observed):
    sumExpected = 0
    sumObserved = 0

    for i in range(0, len(observed)):
        sumExpected += expected[i]
        sumObserved += observed[i]

    ratio = 1
    rescale = False

    if abs(sumExpected - sumObserved) > 10E-6:
        ratio = sumObserved / sumExpected
        rescale = True

    sumSq = 0

    for i in range(0, len(observed)):
        if rescale:
            dev = observed[i] - (ratio * expected[i])
            sumSq += (dev * dev) / (ratio * expected[i])
        else:
            dev = observed[i] + expected[i]
            sumSq += dev * dev / expected[i]

    return sumSq

FFFFFFFFFF
================================================= FAILURES ==================================================
_______________________ test_chiSquare_with_func[originalInput1_10-originalInput1_20] _______________________
mutants/tests/chiSquareTest.py:147: in test_chiSquare_with_func
    applyMR_Assert(originalInput1_1, originalInput1_2, originalResult)
mutants/tests/chiSquareTest.py:25: in applyMR_Assert
    transformResult3_1 = func(transformInput3_1, transformInput3_2)
mutants/src/chiSquare.py:1148: in x_chiSquare__mutmut_42
    sumSq += dev * dev / expected[i]
E   ZeroDivisionError: float division by zero
_______________________ test_chiSquare_with_func[originalInput1_11-originalInput1_21] _______________________
mutants/tests/chiSquareTest.py:147: in test_chiSquare_with_func
    applyMR_Assert(originalInput1_1, originalInput1_2, originalResult)
mutants/tests/chiSquareTest.py:25: in applyMR_Assert
    transformResult3_1 = func(transformInput3_1, transformInput3_2)
mutants/src/chiSquare.py:1148: in x_chiSquare__mutmut_42
    sumSq += dev * dev / expected[i]
E   ZeroDivisionError: float division by zero
_______________________ test_chiSquare_with_func[originalInput1_12-originalInput1_22] _______________________
mutants/tests/chiSquareTest.py:147: in test_chiSquare_with_func
    applyMR_Assert(originalInput1_1, originalInput1_2, originalResult)
mutants/tests/chiSquareTest.py:25: in applyMR_Assert
    transformResult3_1 = func(transformInput3_1, transformInput3_2)
mutants/src/chiSquare.py:1145: in x_chiSquare__mutmut_42
    sumSq += (dev * dev) / (ratio * expected[i])
E   ZeroDivisionError: float division by zero
_______________________ test_chiSquare_with_func[originalInput1_13-originalInput1_23] _______________________
mutants/tests/chiSquareTest.py:147: in test_chiSquare_with_func
    applyMR_Assert(originalInput1_1, originalInput1_2, originalResult)
mutants/tests/chiSquareTest.py:25: in applyMR_Assert
    transformResult3_1 = func(transformInput3_1, transformInput3_2)
mutants/src/chiSquare.py:1145: in x_chiSquare__mutmut_42
    sumSq += (dev * dev) / (ratio * expected[i])
E   ZeroDivisionError: float division by zero
_______________________ test_chiSquare_with_func[originalInput1_14-originalInput1_24] _______________________
mutants/tests/chiSquareTest.py:147: in test_chiSquare_with_func
    applyMR_Assert(originalInput1_1, originalInput1_2, originalResult)
mutants/tests/chiSquareTest.py:25: in applyMR_Assert
    transformResult3_1 = func(transformInput3_1, transformInput3_2)
mutants/src/chiSquare.py:1145: in x_chiSquare__mutmut_42
    sumSq += (dev * dev) / (ratio * expected[i])
E   ZeroDivisionError: float division by zero
_______________________ test_chiSquare_with_func[originalInput1_15-originalInput1_25] _______________________
mutants/tests/chiSquareTest.py:147: in test_chiSquare_with_func
    applyMR_Assert(originalInput1_1, originalInput1_2, originalResult)
mutants/tests/chiSquareTest.py:25: in applyMR_Assert
    transformResult3_1 = func(transformInput3_1, transformInput3_2)
mutants/src/chiSquare.py:1145: in x_chiSquare__mutmut_42
    sumSq += (dev * dev) / (ratio * expected[i])
E   ZeroDivisionError: float division by zero
_______________________ test_chiSquare_with_func[originalInput1_16-originalInput1_26] _______________________
mutants/tests/chiSquareTest.py:147: in test_chiSquare_with_func
    applyMR_Assert(originalInput1_1, originalInput1_2, originalResult)
mutants/tests/chiSquareTest.py:25: in applyMR_Assert
    transformResult3_1 = func(transformInput3_1, transformInput3_2)
mutants/src/chiSquare.py:1145: in x_chiSquare__mutmut_42
    sumSq += (dev * dev) / (ratio * expected[i])
E   ZeroDivisionError: float division by zero
_______________________ test_chiSquare_with_func[originalInput1_17-originalInput1_27] _______________________
mutants/tests/chiSquareTest.py:147: in test_chiSquare_with_func
    applyMR_Assert(originalInput1_1, originalInput1_2, originalResult)
mutants/tests/chiSquareTest.py:25: in applyMR_Assert
    transformResult3_1 = func(transformInput3_1, transformInput3_2)
mutants/src/chiSquare.py:1145: in x_chiSquare__mutmut_42
    sumSq += (dev * dev) / (ratio * expected[i])
E   ZeroDivisionError: float division by zero
_______________________ test_chiSquare_with_func[originalInput1_18-originalInput1_28] _______________________
mutants/tests/chiSquareTest.py:147: in test_chiSquare_with_func
    applyMR_Assert(originalInput1_1, originalInput1_2, originalResult)
mutants/tests/chiSquareTest.py:25: in applyMR_Assert
    transformResult3_1 = func(transformInput3_1, transformInput3_2)
mutants/src/chiSquare.py:1145: in x_chiSquare__mutmut_42
    sumSq += (dev * dev) / (ratio * expected[i])
E   ZeroDivisionError: float division by zero
_______________________ test_chiSquare_with_func[originalInput1_19-originalInput1_29] _______________________
mutants/tests/chiSquareTest.py:147: in test_chiSquare_with_func
    applyMR_Assert(originalInput1_1, originalInput1_2, originalResult)
mutants/tests/chiSquareTest.py:25: in applyMR_Assert
    transformResult3_1 = func(transformInput3_1, transformInput3_2)
mutants/src/chiSquare.py:1145: in x_chiSquare__mutmut_42
    sumSq += (dev * dev) / (ratio * expected[i])
E   ZeroDivisionError: float division by zero
============================================= warnings summary ==============================================
../../anaconda3/envs/mutmut39/lib/python3.9/site-packages/_pytest/config/__init__.py:1474
  /home/rts/anaconda3/envs/mutmut39/lib/python3.9/site-packages/_pytest/config/__init__.py:1474: PytestConfigWarning: Unknown config option: pytest -vv --tb
  
    self._warn_or_fail_if_strict(f"Unknown config option: {key}\n")

-- Docs: https://docs.pytest.org/en/stable/how-to/capture-warnings.html
========================================== short test summary info ==========================================
FAILED mutants/tests/chiSquareTest.py::test_chiSquare_with_func[originalInput1_10-originalInput1_20] - ZeroDivisionError: float division by zero
FAILED mutants/tests/chiSquareTest.py::test_chiSquare_with_func[originalInput1_11-originalInput1_21] - ZeroDivisionError: float division by zero
FAILED mutants/tests/chiSquareTest.py::test_chiSquare_with_func[originalInput1_12-originalInput1_22] - ZeroDivisionError: float division by zero
FAILED mutants/tests/chiSquareTest.py::test_chiSquare_with_func[originalInput1_13-originalInput1_23] - ZeroDivisionError: float division by zero
FAILED mutants/tests/chiSquareTest.py::test_chiSquare_with_func[originalInput1_14-originalInput1_24] - ZeroDivisionError: float division by zero
FAILED mutants/tests/chiSquareTest.py::test_chiSquare_with_func[originalInput1_15-originalInput1_25] - ZeroDivisionError: float division by zero
FAILED mutants/tests/chiSquareTest.py::test_chiSquare_with_func[originalInput1_16-originalInput1_26] - ZeroDivisionError: float division by zero
FAILED mutants/tests/chiSquareTest.py::test_chiSquare_with_func[originalInput1_17-originalInput1_27] - ZeroDivisionError: float division by zero
FAILED mutants/tests/chiSquareTest.py::test_chiSquare_with_func[originalInput1_18-originalInput1_28] - ZeroDivisionError: float division by zero
FAILED mutants/tests/chiSquareTest.py::test_chiSquare_with_func[originalInput1_19-originalInput1_29] - ZeroDivisionError: float division by zero
10 failed, 1 warning in 0.14s
❌ x_chiSquare__mutmut_42 存在失败 (退出码 1)

================================================================================
RUNNING chiSquare.py :: x_chiSquare__mutmut_43  -  2025-10-16T14:18:56.026919
================================================================================

>>> 当前使用的函数: x_chiSquare__mutmut_43
函数源码如下：
def x_chiSquare__mutmut_43(expected, observed):
    sumExpected = 0
    sumObserved = 0

    for i in range(0, len(observed)):
        sumExpected += expected[i]
        sumObserved += observed[i]

    ratio = 1
    rescale = False

    if abs(sumExpected - sumObserved) > 10E-6:
        ratio = sumObserved / sumExpected
        rescale = True

    sumSq = 0

    for i in range(0, len(observed)):
        if rescale:
            dev = observed[i] - (ratio * expected[i])
            sumSq += (dev * dev) / (ratio * expected[i])
        else:
            dev = observed[i] - expected[i]
            sumSq = dev * dev / expected[i]

    return sumSq

FFFFFFFFFF
================================================= FAILURES ==================================================
_______________________ test_chiSquare_with_func[originalInput1_10-originalInput1_20] _______________________
mutants/tests/chiSquareTest.py:147: in test_chiSquare_with_func
    applyMR_Assert(originalInput1_1, originalInput1_2, originalResult)
mutants/tests/chiSquareTest.py:25: in applyMR_Assert
    transformResult3_1 = func(transformInput3_1, transformInput3_2)
mutants/src/chiSquare.py:1174: in x_chiSquare__mutmut_43
    sumSq = dev * dev / expected[i]
E   ZeroDivisionError: float division by zero
_______________________ test_chiSquare_with_func[originalInput1_11-originalInput1_21] _______________________
mutants/tests/chiSquareTest.py:147: in test_chiSquare_with_func
    applyMR_Assert(originalInput1_1, originalInput1_2, originalResult)
mutants/tests/chiSquareTest.py:25: in applyMR_Assert
    transformResult3_1 = func(transformInput3_1, transformInput3_2)
mutants/src/chiSquare.py:1174: in x_chiSquare__mutmut_43
    sumSq = dev * dev / expected[i]
E   ZeroDivisionError: float division by zero
_______________________ test_chiSquare_with_func[originalInput1_12-originalInput1_22] _______________________
mutants/tests/chiSquareTest.py:147: in test_chiSquare_with_func
    applyMR_Assert(originalInput1_1, originalInput1_2, originalResult)
mutants/tests/chiSquareTest.py:25: in applyMR_Assert
    transformResult3_1 = func(transformInput3_1, transformInput3_2)
mutants/src/chiSquare.py:1171: in x_chiSquare__mutmut_43
    sumSq += (dev * dev) / (ratio * expected[i])
E   ZeroDivisionError: float division by zero
_______________________ test_chiSquare_with_func[originalInput1_13-originalInput1_23] _______________________
mutants/tests/chiSquareTest.py:147: in test_chiSquare_with_func
    applyMR_Assert(originalInput1_1, originalInput1_2, originalResult)
mutants/tests/chiSquareTest.py:25: in applyMR_Assert
    transformResult3_1 = func(transformInput3_1, transformInput3_2)
mutants/src/chiSquare.py:1171: in x_chiSquare__mutmut_43
    sumSq += (dev * dev) / (ratio * expected[i])
E   ZeroDivisionError: float division by zero
_______________________ test_chiSquare_with_func[originalInput1_14-originalInput1_24] _______________________
mutants/tests/chiSquareTest.py:147: in test_chiSquare_with_func
    applyMR_Assert(originalInput1_1, originalInput1_2, originalResult)
mutants/tests/chiSquareTest.py:25: in applyMR_Assert
    transformResult3_1 = func(transformInput3_1, transformInput3_2)
mutants/src/chiSquare.py:1171: in x_chiSquare__mutmut_43
    sumSq += (dev * dev) / (ratio * expected[i])
E   ZeroDivisionError: float division by zero
_______________________ test_chiSquare_with_func[originalInput1_15-originalInput1_25] _______________________
mutants/tests/chiSquareTest.py:147: in test_chiSquare_with_func
    applyMR_Assert(originalInput1_1, originalInput1_2, originalResult)
mutants/tests/chiSquareTest.py:25: in applyMR_Assert
    transformResult3_1 = func(transformInput3_1, transformInput3_2)
mutants/src/chiSquare.py:1171: in x_chiSquare__mutmut_43
    sumSq += (dev * dev) / (ratio * expected[i])
E   ZeroDivisionError: float division by zero
_______________________ test_chiSquare_with_func[originalInput1_16-originalInput1_26] _______________________
mutants/tests/chiSquareTest.py:147: in test_chiSquare_with_func
    applyMR_Assert(originalInput1_1, originalInput1_2, originalResult)
mutants/tests/chiSquareTest.py:25: in applyMR_Assert
    transformResult3_1 = func(transformInput3_1, transformInput3_2)
mutants/src/chiSquare.py:1171: in x_chiSquare__mutmut_43
    sumSq += (dev * dev) / (ratio * expected[i])
E   ZeroDivisionError: float division by zero
_______________________ test_chiSquare_with_func[originalInput1_17-originalInput1_27] _______________________
mutants/tests/chiSquareTest.py:147: in test_chiSquare_with_func
    applyMR_Assert(originalInput1_1, originalInput1_2, originalResult)
mutants/tests/chiSquareTest.py:25: in applyMR_Assert
    transformResult3_1 = func(transformInput3_1, transformInput3_2)
mutants/src/chiSquare.py:1171: in x_chiSquare__mutmut_43
    sumSq += (dev * dev) / (ratio * expected[i])
E   ZeroDivisionError: float division by zero
_______________________ test_chiSquare_with_func[originalInput1_18-originalInput1_28] _______________________
mutants/tests/chiSquareTest.py:147: in test_chiSquare_with_func
    applyMR_Assert(originalInput1_1, originalInput1_2, originalResult)
mutants/tests/chiSquareTest.py:25: in applyMR_Assert
    transformResult3_1 = func(transformInput3_1, transformInput3_2)
mutants/src/chiSquare.py:1171: in x_chiSquare__mutmut_43
    sumSq += (dev * dev) / (ratio * expected[i])
E   ZeroDivisionError: float division by zero
_______________________ test_chiSquare_with_func[originalInput1_19-originalInput1_29] _______________________
mutants/tests/chiSquareTest.py:147: in test_chiSquare_with_func
    applyMR_Assert(originalInput1_1, originalInput1_2, originalResult)
mutants/tests/chiSquareTest.py:25: in applyMR_Assert
    transformResult3_1 = func(transformInput3_1, transformInput3_2)
mutants/src/chiSquare.py:1171: in x_chiSquare__mutmut_43
    sumSq += (dev * dev) / (ratio * expected[i])
E   ZeroDivisionError: float division by zero
============================================= warnings summary ==============================================
../../anaconda3/envs/mutmut39/lib/python3.9/site-packages/_pytest/config/__init__.py:1474
  /home/rts/anaconda3/envs/mutmut39/lib/python3.9/site-packages/_pytest/config/__init__.py:1474: PytestConfigWarning: Unknown config option: pytest -vv --tb
  
    self._warn_or_fail_if_strict(f"Unknown config option: {key}\n")

-- Docs: https://docs.pytest.org/en/stable/how-to/capture-warnings.html
========================================== short test summary info ==========================================
FAILED mutants/tests/chiSquareTest.py::test_chiSquare_with_func[originalInput1_10-originalInput1_20] - ZeroDivisionError: float division by zero
FAILED mutants/tests/chiSquareTest.py::test_chiSquare_with_func[originalInput1_11-originalInput1_21] - ZeroDivisionError: float division by zero
FAILED mutants/tests/chiSquareTest.py::test_chiSquare_with_func[originalInput1_12-originalInput1_22] - ZeroDivisionError: float division by zero
FAILED mutants/tests/chiSquareTest.py::test_chiSquare_with_func[originalInput1_13-originalInput1_23] - ZeroDivisionError: float division by zero
FAILED mutants/tests/chiSquareTest.py::test_chiSquare_with_func[originalInput1_14-originalInput1_24] - ZeroDivisionError: float division by zero
FAILED mutants/tests/chiSquareTest.py::test_chiSquare_with_func[originalInput1_15-originalInput1_25] - ZeroDivisionError: float division by zero
FAILED mutants/tests/chiSquareTest.py::test_chiSquare_with_func[originalInput1_16-originalInput1_26] - ZeroDivisionError: float division by zero
FAILED mutants/tests/chiSquareTest.py::test_chiSquare_with_func[originalInput1_17-originalInput1_27] - ZeroDivisionError: float division by zero
FAILED mutants/tests/chiSquareTest.py::test_chiSquare_with_func[originalInput1_18-originalInput1_28] - ZeroDivisionError: float division by zero
FAILED mutants/tests/chiSquareTest.py::test_chiSquare_with_func[originalInput1_19-originalInput1_29] - ZeroDivisionError: float division by zero
10 failed, 1 warning in 0.14s
❌ x_chiSquare__mutmut_43 存在失败 (退出码 1)

================================================================================
RUNNING chiSquare.py :: x_chiSquare__mutmut_44  -  2025-10-16T14:18:56.212515
================================================================================

>>> 当前使用的函数: x_chiSquare__mutmut_44
函数源码如下：
def x_chiSquare__mutmut_44(expected, observed):
    sumExpected = 0
    sumObserved = 0

    for i in range(0, len(observed)):
        sumExpected += expected[i]
        sumObserved += observed[i]

    ratio = 1
    rescale = False

    if abs(sumExpected - sumObserved) > 10E-6:
        ratio = sumObserved / sumExpected
        rescale = True

    sumSq = 0

    for i in range(0, len(observed)):
        if rescale:
            dev = observed[i] - (ratio * expected[i])
            sumSq += (dev * dev) / (ratio * expected[i])
        else:
            dev = observed[i] - expected[i]
            sumSq -= dev * dev / expected[i]

    return sumSq

FFFFFFFFFF
================================================= FAILURES ==================================================
_______________________ test_chiSquare_with_func[originalInput1_10-originalInput1_20] _______________________
mutants/tests/chiSquareTest.py:147: in test_chiSquare_with_func
    applyMR_Assert(originalInput1_1, originalInput1_2, originalResult)
mutants/tests/chiSquareTest.py:25: in applyMR_Assert
    transformResult3_1 = func(transformInput3_1, transformInput3_2)
mutants/src/chiSquare.py:1200: in x_chiSquare__mutmut_44
    sumSq -= dev * dev / expected[i]
E   ZeroDivisionError: float division by zero
_______________________ test_chiSquare_with_func[originalInput1_11-originalInput1_21] _______________________
mutants/tests/chiSquareTest.py:147: in test_chiSquare_with_func
    applyMR_Assert(originalInput1_1, originalInput1_2, originalResult)
mutants/tests/chiSquareTest.py:25: in applyMR_Assert
    transformResult3_1 = func(transformInput3_1, transformInput3_2)
mutants/src/chiSquare.py:1200: in x_chiSquare__mutmut_44
    sumSq -= dev * dev / expected[i]
E   ZeroDivisionError: float division by zero
_______________________ test_chiSquare_with_func[originalInput1_12-originalInput1_22] _______________________
mutants/tests/chiSquareTest.py:147: in test_chiSquare_with_func
    applyMR_Assert(originalInput1_1, originalInput1_2, originalResult)
mutants/tests/chiSquareTest.py:25: in applyMR_Assert
    transformResult3_1 = func(transformInput3_1, transformInput3_2)
mutants/src/chiSquare.py:1197: in x_chiSquare__mutmut_44
    sumSq += (dev * dev) / (ratio * expected[i])
E   ZeroDivisionError: float division by zero
_______________________ test_chiSquare_with_func[originalInput1_13-originalInput1_23] _______________________
mutants/tests/chiSquareTest.py:147: in test_chiSquare_with_func
    applyMR_Assert(originalInput1_1, originalInput1_2, originalResult)
mutants/tests/chiSquareTest.py:25: in applyMR_Assert
    transformResult3_1 = func(transformInput3_1, transformInput3_2)
mutants/src/chiSquare.py:1197: in x_chiSquare__mutmut_44
    sumSq += (dev * dev) / (ratio * expected[i])
E   ZeroDivisionError: float division by zero
_______________________ test_chiSquare_with_func[originalInput1_14-originalInput1_24] _______________________
mutants/tests/chiSquareTest.py:147: in test_chiSquare_with_func
    applyMR_Assert(originalInput1_1, originalInput1_2, originalResult)
mutants/tests/chiSquareTest.py:25: in applyMR_Assert
    transformResult3_1 = func(transformInput3_1, transformInput3_2)
mutants/src/chiSquare.py:1197: in x_chiSquare__mutmut_44
    sumSq += (dev * dev) / (ratio * expected[i])
E   ZeroDivisionError: float division by zero
_______________________ test_chiSquare_with_func[originalInput1_15-originalInput1_25] _______________________
mutants/tests/chiSquareTest.py:147: in test_chiSquare_with_func
    applyMR_Assert(originalInput1_1, originalInput1_2, originalResult)
mutants/tests/chiSquareTest.py:25: in applyMR_Assert
    transformResult3_1 = func(transformInput3_1, transformInput3_2)
mutants/src/chiSquare.py:1197: in x_chiSquare__mutmut_44
    sumSq += (dev * dev) / (ratio * expected[i])
E   ZeroDivisionError: float division by zero
_______________________ test_chiSquare_with_func[originalInput1_16-originalInput1_26] _______________________
mutants/tests/chiSquareTest.py:147: in test_chiSquare_with_func
    applyMR_Assert(originalInput1_1, originalInput1_2, originalResult)
mutants/tests/chiSquareTest.py:25: in applyMR_Assert
    transformResult3_1 = func(transformInput3_1, transformInput3_2)
mutants/src/chiSquare.py:1197: in x_chiSquare__mutmut_44
    sumSq += (dev * dev) / (ratio * expected[i])
E   ZeroDivisionError: float division by zero
_______________________ test_chiSquare_with_func[originalInput1_17-originalInput1_27] _______________________
mutants/tests/chiSquareTest.py:147: in test_chiSquare_with_func
    applyMR_Assert(originalInput1_1, originalInput1_2, originalResult)
mutants/tests/chiSquareTest.py:25: in applyMR_Assert
    transformResult3_1 = func(transformInput3_1, transformInput3_2)
mutants/src/chiSquare.py:1197: in x_chiSquare__mutmut_44
    sumSq += (dev * dev) / (ratio * expected[i])
E   ZeroDivisionError: float division by zero
_______________________ test_chiSquare_with_func[originalInput1_18-originalInput1_28] _______________________
mutants/tests/chiSquareTest.py:147: in test_chiSquare_with_func
    applyMR_Assert(originalInput1_1, originalInput1_2, originalResult)
mutants/tests/chiSquareTest.py:25: in applyMR_Assert
    transformResult3_1 = func(transformInput3_1, transformInput3_2)
mutants/src/chiSquare.py:1197: in x_chiSquare__mutmut_44
    sumSq += (dev * dev) / (ratio * expected[i])
E   ZeroDivisionError: float division by zero
_______________________ test_chiSquare_with_func[originalInput1_19-originalInput1_29] _______________________
mutants/tests/chiSquareTest.py:147: in test_chiSquare_with_func
    applyMR_Assert(originalInput1_1, originalInput1_2, originalResult)
mutants/tests/chiSquareTest.py:25: in applyMR_Assert
    transformResult3_1 = func(transformInput3_1, transformInput3_2)
mutants/src/chiSquare.py:1197: in x_chiSquare__mutmut_44
    sumSq += (dev * dev) / (ratio * expected[i])
E   ZeroDivisionError: float division by zero
============================================= warnings summary ==============================================
../../anaconda3/envs/mutmut39/lib/python3.9/site-packages/_pytest/config/__init__.py:1474
  /home/rts/anaconda3/envs/mutmut39/lib/python3.9/site-packages/_pytest/config/__init__.py:1474: PytestConfigWarning: Unknown config option: pytest -vv --tb
  
    self._warn_or_fail_if_strict(f"Unknown config option: {key}\n")

-- Docs: https://docs.pytest.org/en/stable/how-to/capture-warnings.html
========================================== short test summary info ==========================================
FAILED mutants/tests/chiSquareTest.py::test_chiSquare_with_func[originalInput1_10-originalInput1_20] - ZeroDivisionError: float division by zero
FAILED mutants/tests/chiSquareTest.py::test_chiSquare_with_func[originalInput1_11-originalInput1_21] - ZeroDivisionError: float division by zero
FAILED mutants/tests/chiSquareTest.py::test_chiSquare_with_func[originalInput1_12-originalInput1_22] - ZeroDivisionError: float division by zero
FAILED mutants/tests/chiSquareTest.py::test_chiSquare_with_func[originalInput1_13-originalInput1_23] - ZeroDivisionError: float division by zero
FAILED mutants/tests/chiSquareTest.py::test_chiSquare_with_func[originalInput1_14-originalInput1_24] - ZeroDivisionError: float division by zero
FAILED mutants/tests/chiSquareTest.py::test_chiSquare_with_func[originalInput1_15-originalInput1_25] - ZeroDivisionError: float division by zero
FAILED mutants/tests/chiSquareTest.py::test_chiSquare_with_func[originalInput1_16-originalInput1_26] - ZeroDivisionError: float division by zero
FAILED mutants/tests/chiSquareTest.py::test_chiSquare_with_func[originalInput1_17-originalInput1_27] - ZeroDivisionError: float division by zero
FAILED mutants/tests/chiSquareTest.py::test_chiSquare_with_func[originalInput1_18-originalInput1_28] - ZeroDivisionError: float division by zero
FAILED mutants/tests/chiSquareTest.py::test_chiSquare_with_func[originalInput1_19-originalInput1_29] - ZeroDivisionError: float division by zero
10 failed, 1 warning in 0.14s
❌ x_chiSquare__mutmut_44 存在失败 (退出码 1)

================================================================================
RUNNING chiSquare.py :: x_chiSquare__mutmut_45  -  2025-10-16T14:18:56.395459
================================================================================

>>> 当前使用的函数: x_chiSquare__mutmut_45
函数源码如下：
def x_chiSquare__mutmut_45(expected, observed):
    sumExpected = 0
    sumObserved = 0

    for i in range(0, len(observed)):
        sumExpected += expected[i]
        sumObserved += observed[i]

    ratio = 1
    rescale = False

    if abs(sumExpected - sumObserved) > 10E-6:
        ratio = sumObserved / sumExpected
        rescale = True

    sumSq = 0

    for i in range(0, len(observed)):
        if rescale:
            dev = observed[i] - (ratio * expected[i])
            sumSq += (dev * dev) / (ratio * expected[i])
        else:
            dev = observed[i] - expected[i]
            sumSq += dev * dev * expected[i]

    return sumSq

FFFFFFFFFF
================================================= FAILURES ==================================================
_______________________ test_chiSquare_with_func[originalInput1_10-originalInput1_20] _______________________
mutants/tests/chiSquareTest.py:147: in test_chiSquare_with_func
    applyMR_Assert(originalInput1_1, originalInput1_2, originalResult)
mutants/tests/chiSquareTest.py:75: in applyMR_Assert
    transformResult11 = func(transformInput11_1, transformInput11_2)
mutants/src/chiSquare.py:1223: in x_chiSquare__mutmut_45
    sumSq += (dev * dev) / (ratio * expected[i])
E   ZeroDivisionError: float division by zero
_______________________ test_chiSquare_with_func[originalInput1_11-originalInput1_21] _______________________
mutants/tests/chiSquareTest.py:147: in test_chiSquare_with_func
    applyMR_Assert(originalInput1_1, originalInput1_2, originalResult)
mutants/tests/chiSquareTest.py:75: in applyMR_Assert
    transformResult11 = func(transformInput11_1, transformInput11_2)
mutants/src/chiSquare.py:1223: in x_chiSquare__mutmut_45
    sumSq += (dev * dev) / (ratio * expected[i])
E   ZeroDivisionError: float division by zero
_______________________ test_chiSquare_with_func[originalInput1_12-originalInput1_22] _______________________
mutants/tests/chiSquareTest.py:147: in test_chiSquare_with_func
    applyMR_Assert(originalInput1_1, originalInput1_2, originalResult)
mutants/tests/chiSquareTest.py:25: in applyMR_Assert
    transformResult3_1 = func(transformInput3_1, transformInput3_2)
mutants/src/chiSquare.py:1223: in x_chiSquare__mutmut_45
    sumSq += (dev * dev) / (ratio * expected[i])
E   ZeroDivisionError: float division by zero
_______________________ test_chiSquare_with_func[originalInput1_13-originalInput1_23] _______________________
mutants/tests/chiSquareTest.py:147: in test_chiSquare_with_func
    applyMR_Assert(originalInput1_1, originalInput1_2, originalResult)
mutants/tests/chiSquareTest.py:25: in applyMR_Assert
    transformResult3_1 = func(transformInput3_1, transformInput3_2)
mutants/src/chiSquare.py:1223: in x_chiSquare__mutmut_45
    sumSq += (dev * dev) / (ratio * expected[i])
E   ZeroDivisionError: float division by zero
_______________________ test_chiSquare_with_func[originalInput1_14-originalInput1_24] _______________________
mutants/tests/chiSquareTest.py:147: in test_chiSquare_with_func
    applyMR_Assert(originalInput1_1, originalInput1_2, originalResult)
mutants/tests/chiSquareTest.py:25: in applyMR_Assert
    transformResult3_1 = func(transformInput3_1, transformInput3_2)
mutants/src/chiSquare.py:1223: in x_chiSquare__mutmut_45
    sumSq += (dev * dev) / (ratio * expected[i])
E   ZeroDivisionError: float division by zero
_______________________ test_chiSquare_with_func[originalInput1_15-originalInput1_25] _______________________
mutants/tests/chiSquareTest.py:147: in test_chiSquare_with_func
    applyMR_Assert(originalInput1_1, originalInput1_2, originalResult)
mutants/tests/chiSquareTest.py:25: in applyMR_Assert
    transformResult3_1 = func(transformInput3_1, transformInput3_2)
mutants/src/chiSquare.py:1223: in x_chiSquare__mutmut_45
    sumSq += (dev * dev) / (ratio * expected[i])
E   ZeroDivisionError: float division by zero
_______________________ test_chiSquare_with_func[originalInput1_16-originalInput1_26] _______________________
mutants/tests/chiSquareTest.py:147: in test_chiSquare_with_func
    applyMR_Assert(originalInput1_1, originalInput1_2, originalResult)
mutants/tests/chiSquareTest.py:25: in applyMR_Assert
    transformResult3_1 = func(transformInput3_1, transformInput3_2)
mutants/src/chiSquare.py:1223: in x_chiSquare__mutmut_45
    sumSq += (dev * dev) / (ratio * expected[i])
E   ZeroDivisionError: float division by zero
_______________________ test_chiSquare_with_func[originalInput1_17-originalInput1_27] _______________________
mutants/tests/chiSquareTest.py:147: in test_chiSquare_with_func
    applyMR_Assert(originalInput1_1, originalInput1_2, originalResult)
mutants/tests/chiSquareTest.py:25: in applyMR_Assert
    transformResult3_1 = func(transformInput3_1, transformInput3_2)
mutants/src/chiSquare.py:1223: in x_chiSquare__mutmut_45
    sumSq += (dev * dev) / (ratio * expected[i])
E   ZeroDivisionError: float division by zero
_______________________ test_chiSquare_with_func[originalInput1_18-originalInput1_28] _______________________
mutants/tests/chiSquareTest.py:147: in test_chiSquare_with_func
    applyMR_Assert(originalInput1_1, originalInput1_2, originalResult)
mutants/tests/chiSquareTest.py:25: in applyMR_Assert
    transformResult3_1 = func(transformInput3_1, transformInput3_2)
mutants/src/chiSquare.py:1223: in x_chiSquare__mutmut_45
    sumSq += (dev * dev) / (ratio * expected[i])
E   ZeroDivisionError: float division by zero
_______________________ test_chiSquare_with_func[originalInput1_19-originalInput1_29] _______________________
mutants/tests/chiSquareTest.py:147: in test_chiSquare_with_func
    applyMR_Assert(originalInput1_1, originalInput1_2, originalResult)
mutants/tests/chiSquareTest.py:25: in applyMR_Assert
    transformResult3_1 = func(transformInput3_1, transformInput3_2)
mutants/src/chiSquare.py:1223: in x_chiSquare__mutmut_45
    sumSq += (dev * dev) / (ratio * expected[i])
E   ZeroDivisionError: float division by zero
============================================= warnings summary ==============================================
../../anaconda3/envs/mutmut39/lib/python3.9/site-packages/_pytest/config/__init__.py:1474
  /home/rts/anaconda3/envs/mutmut39/lib/python3.9/site-packages/_pytest/config/__init__.py:1474: PytestConfigWarning: Unknown config option: pytest -vv --tb
  
    self._warn_or_fail_if_strict(f"Unknown config option: {key}\n")

-- Docs: https://docs.pytest.org/en/stable/how-to/capture-warnings.html
========================================== short test summary info ==========================================
FAILED mutants/tests/chiSquareTest.py::test_chiSquare_with_func[originalInput1_10-originalInput1_20] - ZeroDivisionError: float division by zero
FAILED mutants/tests/chiSquareTest.py::test_chiSquare_with_func[originalInput1_11-originalInput1_21] - ZeroDivisionError: float division by zero
FAILED mutants/tests/chiSquareTest.py::test_chiSquare_with_func[originalInput1_12-originalInput1_22] - ZeroDivisionError: float division by zero
FAILED mutants/tests/chiSquareTest.py::test_chiSquare_with_func[originalInput1_13-originalInput1_23] - ZeroDivisionError: float division by zero
FAILED mutants/tests/chiSquareTest.py::test_chiSquare_with_func[originalInput1_14-originalInput1_24] - ZeroDivisionError: float division by zero
FAILED mutants/tests/chiSquareTest.py::test_chiSquare_with_func[originalInput1_15-originalInput1_25] - ZeroDivisionError: float division by zero
FAILED mutants/tests/chiSquareTest.py::test_chiSquare_with_func[originalInput1_16-originalInput1_26] - ZeroDivisionError: float division by zero
FAILED mutants/tests/chiSquareTest.py::test_chiSquare_with_func[originalInput1_17-originalInput1_27] - ZeroDivisionError: float division by zero
FAILED mutants/tests/chiSquareTest.py::test_chiSquare_with_func[originalInput1_18-originalInput1_28] - ZeroDivisionError: float division by zero
FAILED mutants/tests/chiSquareTest.py::test_chiSquare_with_func[originalInput1_19-originalInput1_29] - ZeroDivisionError: float division by zero
10 failed, 1 warning in 0.14s
❌ x_chiSquare__mutmut_45 存在失败 (退出码 1)

================================================================================
RUNNING chiSquare.py :: x_chiSquare__mutmut_46  -  2025-10-16T14:18:56.577804
================================================================================

>>> 当前使用的函数: x_chiSquare__mutmut_46
函数源码如下：
def x_chiSquare__mutmut_46(expected, observed):
    sumExpected = 0
    sumObserved = 0

    for i in range(0, len(observed)):
        sumExpected += expected[i]
        sumObserved += observed[i]

    ratio = 1
    rescale = False

    if abs(sumExpected - sumObserved) > 10E-6:
        ratio = sumObserved / sumExpected
        rescale = True

    sumSq = 0

    for i in range(0, len(observed)):
        if rescale:
            dev = observed[i] - (ratio * expected[i])
            sumSq += (dev * dev) / (ratio * expected[i])
        else:
            dev = observed[i] - expected[i]
            sumSq += dev / dev / expected[i]

    return sumSq

FFFFFFFFFF
================================================= FAILURES ==================================================
_______________________ test_chiSquare_with_func[originalInput1_10-originalInput1_20] _______________________
mutants/tests/chiSquareTest.py:146: in test_chiSquare_with_func
    originalResult = func(originalInput1_1, originalInput1_2)
mutants/src/chiSquare.py:1252: in x_chiSquare__mutmut_46
    sumSq += dev / dev / expected[i]
E   ZeroDivisionError: float division by zero
_______________________ test_chiSquare_with_func[originalInput1_11-originalInput1_21] _______________________
mutants/tests/chiSquareTest.py:147: in test_chiSquare_with_func
    applyMR_Assert(originalInput1_1, originalInput1_2, originalResult)
mutants/tests/chiSquareTest.py:25: in applyMR_Assert
    transformResult3_1 = func(transformInput3_1, transformInput3_2)
mutants/src/chiSquare.py:1252: in x_chiSquare__mutmut_46
    sumSq += dev / dev / expected[i]
E   ZeroDivisionError: float division by zero
_______________________ test_chiSquare_with_func[originalInput1_12-originalInput1_22] _______________________
mutants/tests/chiSquareTest.py:147: in test_chiSquare_with_func
    applyMR_Assert(originalInput1_1, originalInput1_2, originalResult)
mutants/tests/chiSquareTest.py:25: in applyMR_Assert
    transformResult3_1 = func(transformInput3_1, transformInput3_2)
mutants/src/chiSquare.py:1249: in x_chiSquare__mutmut_46
    sumSq += (dev * dev) / (ratio * expected[i])
E   ZeroDivisionError: float division by zero
_______________________ test_chiSquare_with_func[originalInput1_13-originalInput1_23] _______________________
mutants/tests/chiSquareTest.py:147: in test_chiSquare_with_func
    applyMR_Assert(originalInput1_1, originalInput1_2, originalResult)
mutants/tests/chiSquareTest.py:25: in applyMR_Assert
    transformResult3_1 = func(transformInput3_1, transformInput3_2)
mutants/src/chiSquare.py:1249: in x_chiSquare__mutmut_46
    sumSq += (dev * dev) / (ratio * expected[i])
E   ZeroDivisionError: float division by zero
_______________________ test_chiSquare_with_func[originalInput1_14-originalInput1_24] _______________________
mutants/tests/chiSquareTest.py:147: in test_chiSquare_with_func
    applyMR_Assert(originalInput1_1, originalInput1_2, originalResult)
mutants/tests/chiSquareTest.py:25: in applyMR_Assert
    transformResult3_1 = func(transformInput3_1, transformInput3_2)
mutants/src/chiSquare.py:1249: in x_chiSquare__mutmut_46
    sumSq += (dev * dev) / (ratio * expected[i])
E   ZeroDivisionError: float division by zero
_______________________ test_chiSquare_with_func[originalInput1_15-originalInput1_25] _______________________
mutants/tests/chiSquareTest.py:147: in test_chiSquare_with_func
    applyMR_Assert(originalInput1_1, originalInput1_2, originalResult)
mutants/tests/chiSquareTest.py:25: in applyMR_Assert
    transformResult3_1 = func(transformInput3_1, transformInput3_2)
mutants/src/chiSquare.py:1249: in x_chiSquare__mutmut_46
    sumSq += (dev * dev) / (ratio * expected[i])
E   ZeroDivisionError: float division by zero
_______________________ test_chiSquare_with_func[originalInput1_16-originalInput1_26] _______________________
mutants/tests/chiSquareTest.py:147: in test_chiSquare_with_func
    applyMR_Assert(originalInput1_1, originalInput1_2, originalResult)
mutants/tests/chiSquareTest.py:25: in applyMR_Assert
    transformResult3_1 = func(transformInput3_1, transformInput3_2)
mutants/src/chiSquare.py:1249: in x_chiSquare__mutmut_46
    sumSq += (dev * dev) / (ratio * expected[i])
E   ZeroDivisionError: float division by zero
_______________________ test_chiSquare_with_func[originalInput1_17-originalInput1_27] _______________________
mutants/tests/chiSquareTest.py:147: in test_chiSquare_with_func
    applyMR_Assert(originalInput1_1, originalInput1_2, originalResult)
mutants/tests/chiSquareTest.py:25: in applyMR_Assert
    transformResult3_1 = func(transformInput3_1, transformInput3_2)
mutants/src/chiSquare.py:1249: in x_chiSquare__mutmut_46
    sumSq += (dev * dev) / (ratio * expected[i])
E   ZeroDivisionError: float division by zero
_______________________ test_chiSquare_with_func[originalInput1_18-originalInput1_28] _______________________
mutants/tests/chiSquareTest.py:147: in test_chiSquare_with_func
    applyMR_Assert(originalInput1_1, originalInput1_2, originalResult)
mutants/tests/chiSquareTest.py:25: in applyMR_Assert
    transformResult3_1 = func(transformInput3_1, transformInput3_2)
mutants/src/chiSquare.py:1249: in x_chiSquare__mutmut_46
    sumSq += (dev * dev) / (ratio * expected[i])
E   ZeroDivisionError: float division by zero
_______________________ test_chiSquare_with_func[originalInput1_19-originalInput1_29] _______________________
mutants/tests/chiSquareTest.py:147: in test_chiSquare_with_func
    applyMR_Assert(originalInput1_1, originalInput1_2, originalResult)
mutants/tests/chiSquareTest.py:25: in applyMR_Assert
    transformResult3_1 = func(transformInput3_1, transformInput3_2)
mutants/src/chiSquare.py:1249: in x_chiSquare__mutmut_46
    sumSq += (dev * dev) / (ratio * expected[i])
E   ZeroDivisionError: float division by zero
============================================= warnings summary ==============================================
../../anaconda3/envs/mutmut39/lib/python3.9/site-packages/_pytest/config/__init__.py:1474
  /home/rts/anaconda3/envs/mutmut39/lib/python3.9/site-packages/_pytest/config/__init__.py:1474: PytestConfigWarning: Unknown config option: pytest -vv --tb
  
    self._warn_or_fail_if_strict(f"Unknown config option: {key}\n")

-- Docs: https://docs.pytest.org/en/stable/how-to/capture-warnings.html
========================================== short test summary info ==========================================
FAILED mutants/tests/chiSquareTest.py::test_chiSquare_with_func[originalInput1_10-originalInput1_20] - ZeroDivisionError: float division by zero
FAILED mutants/tests/chiSquareTest.py::test_chiSquare_with_func[originalInput1_11-originalInput1_21] - ZeroDivisionError: float division by zero
FAILED mutants/tests/chiSquareTest.py::test_chiSquare_with_func[originalInput1_12-originalInput1_22] - ZeroDivisionError: float division by zero
FAILED mutants/tests/chiSquareTest.py::test_chiSquare_with_func[originalInput1_13-originalInput1_23] - ZeroDivisionError: float division by zero
FAILED mutants/tests/chiSquareTest.py::test_chiSquare_with_func[originalInput1_14-originalInput1_24] - ZeroDivisionError: float division by zero
FAILED mutants/tests/chiSquareTest.py::test_chiSquare_with_func[originalInput1_15-originalInput1_25] - ZeroDivisionError: float division by zero
FAILED mutants/tests/chiSquareTest.py::test_chiSquare_with_func[originalInput1_16-originalInput1_26] - ZeroDivisionError: float division by zero
FAILED mutants/tests/chiSquareTest.py::test_chiSquare_with_func[originalInput1_17-originalInput1_27] - ZeroDivisionError: float division by zero
FAILED mutants/tests/chiSquareTest.py::test_chiSquare_with_func[originalInput1_18-originalInput1_28] - ZeroDivisionError: float division by zero
FAILED mutants/tests/chiSquareTest.py::test_chiSquare_with_func[originalInput1_19-originalInput1_29] - ZeroDivisionError: float division by zero
10 failed, 1 warning in 0.14s
❌ x_chiSquare__mutmut_46 存在失败 (退出码 1)

================================================================================
RUNNING chiSquare.py :: x_chiSquare__mutmut_5  -  2025-10-16T14:18:56.760134
================================================================================

>>> 当前使用的函数: x_chiSquare__mutmut_5
函数源码如下：
def x_chiSquare__mutmut_5(expected, observed):
    sumExpected = 0
    sumObserved = 0

    for i in range(None, len(observed)):
        sumExpected += expected[i]
        sumObserved += observed[i]

    ratio = 1
    rescale = False

    if abs(sumExpected - sumObserved) > 10E-6:
        ratio = sumObserved / sumExpected
        rescale = True

    sumSq = 0

    for i in range(0, len(observed)):
        if rescale:
            dev = observed[i] - (ratio * expected[i])
            sumSq += (dev * dev) / (ratio * expected[i])
        else:
            dev = observed[i] - expected[i]
            sumSq += dev * dev / expected[i]

    return sumSq

FFFFFFFFFF
================================================= FAILURES ==================================================
_______________________ test_chiSquare_with_func[originalInput1_10-originalInput1_20] _______________________
mutants/tests/chiSquareTest.py:146: in test_chiSquare_with_func
    originalResult = func(originalInput1_1, originalInput1_2)
mutants/src/chiSquare.py:167: in x_chiSquare__mutmut_5
    for i in range(None, len(observed)):
E   TypeError: 'NoneType' object cannot be interpreted as an integer
_______________________ test_chiSquare_with_func[originalInput1_11-originalInput1_21] _______________________
mutants/tests/chiSquareTest.py:146: in test_chiSquare_with_func
    originalResult = func(originalInput1_1, originalInput1_2)
mutants/src/chiSquare.py:167: in x_chiSquare__mutmut_5
    for i in range(None, len(observed)):
E   TypeError: 'NoneType' object cannot be interpreted as an integer
_______________________ test_chiSquare_with_func[originalInput1_12-originalInput1_22] _______________________
mutants/tests/chiSquareTest.py:146: in test_chiSquare_with_func
    originalResult = func(originalInput1_1, originalInput1_2)
mutants/src/chiSquare.py:167: in x_chiSquare__mutmut_5
    for i in range(None, len(observed)):
E   TypeError: 'NoneType' object cannot be interpreted as an integer
_______________________ test_chiSquare_with_func[originalInput1_13-originalInput1_23] _______________________
mutants/tests/chiSquareTest.py:146: in test_chiSquare_with_func
    originalResult = func(originalInput1_1, originalInput1_2)
mutants/src/chiSquare.py:167: in x_chiSquare__mutmut_5
    for i in range(None, len(observed)):
E   TypeError: 'NoneType' object cannot be interpreted as an integer
_______________________ test_chiSquare_with_func[originalInput1_14-originalInput1_24] _______________________
mutants/tests/chiSquareTest.py:146: in test_chiSquare_with_func
    originalResult = func(originalInput1_1, originalInput1_2)
mutants/src/chiSquare.py:167: in x_chiSquare__mutmut_5
    for i in range(None, len(observed)):
E   TypeError: 'NoneType' object cannot be interpreted as an integer
_______________________ test_chiSquare_with_func[originalInput1_15-originalInput1_25] _______________________
mutants/tests/chiSquareTest.py:146: in test_chiSquare_with_func
    originalResult = func(originalInput1_1, originalInput1_2)
mutants/src/chiSquare.py:167: in x_chiSquare__mutmut_5
    for i in range(None, len(observed)):
E   TypeError: 'NoneType' object cannot be interpreted as an integer
_______________________ test_chiSquare_with_func[originalInput1_16-originalInput1_26] _______________________
mutants/tests/chiSquareTest.py:146: in test_chiSquare_with_func
    originalResult = func(originalInput1_1, originalInput1_2)
mutants/src/chiSquare.py:167: in x_chiSquare__mutmut_5
    for i in range(None, len(observed)):
E   TypeError: 'NoneType' object cannot be interpreted as an integer
_______________________ test_chiSquare_with_func[originalInput1_17-originalInput1_27] _______________________
mutants/tests/chiSquareTest.py:146: in test_chiSquare_with_func
    originalResult = func(originalInput1_1, originalInput1_2)
mutants/src/chiSquare.py:167: in x_chiSquare__mutmut_5
    for i in range(None, len(observed)):
E   TypeError: 'NoneType' object cannot be interpreted as an integer
_______________________ test_chiSquare_with_func[originalInput1_18-originalInput1_28] _______________________
mutants/tests/chiSquareTest.py:146: in test_chiSquare_with_func
    originalResult = func(originalInput1_1, originalInput1_2)
mutants/src/chiSquare.py:167: in x_chiSquare__mutmut_5
    for i in range(None, len(observed)):
E   TypeError: 'NoneType' object cannot be interpreted as an integer
_______________________ test_chiSquare_with_func[originalInput1_19-originalInput1_29] _______________________
mutants/tests/chiSquareTest.py:146: in test_chiSquare_with_func
    originalResult = func(originalInput1_1, originalInput1_2)
mutants/src/chiSquare.py:167: in x_chiSquare__mutmut_5
    for i in range(None, len(observed)):
E   TypeError: 'NoneType' object cannot be interpreted as an integer
============================================= warnings summary ==============================================
../../anaconda3/envs/mutmut39/lib/python3.9/site-packages/_pytest/config/__init__.py:1474
  /home/rts/anaconda3/envs/mutmut39/lib/python3.9/site-packages/_pytest/config/__init__.py:1474: PytestConfigWarning: Unknown config option: pytest -vv --tb
  
    self._warn_or_fail_if_strict(f"Unknown config option: {key}\n")

-- Docs: https://docs.pytest.org/en/stable/how-to/capture-warnings.html
========================================== short test summary info ==========================================
FAILED mutants/tests/chiSquareTest.py::test_chiSquare_with_func[originalInput1_10-originalInput1_20] - TypeError: 'NoneType' object cannot be interpreted as an integer
FAILED mutants/tests/chiSquareTest.py::test_chiSquare_with_func[originalInput1_11-originalInput1_21] - TypeError: 'NoneType' object cannot be interpreted as an integer
FAILED mutants/tests/chiSquareTest.py::test_chiSquare_with_func[originalInput1_12-originalInput1_22] - TypeError: 'NoneType' object cannot be interpreted as an integer
FAILED mutants/tests/chiSquareTest.py::test_chiSquare_with_func[originalInput1_13-originalInput1_23] - TypeError: 'NoneType' object cannot be interpreted as an integer
FAILED mutants/tests/chiSquareTest.py::test_chiSquare_with_func[originalInput1_14-originalInput1_24] - TypeError: 'NoneType' object cannot be interpreted as an integer
FAILED mutants/tests/chiSquareTest.py::test_chiSquare_with_func[originalInput1_15-originalInput1_25] - TypeError: 'NoneType' object cannot be interpreted as an integer
FAILED mutants/tests/chiSquareTest.py::test_chiSquare_with_func[originalInput1_16-originalInput1_26] - TypeError: 'NoneType' object cannot be interpreted as an integer
FAILED mutants/tests/chiSquareTest.py::test_chiSquare_with_func[originalInput1_17-originalInput1_27] - TypeError: 'NoneType' object cannot be interpreted as an integer
FAILED mutants/tests/chiSquareTest.py::test_chiSquare_with_func[originalInput1_18-originalInput1_28] - TypeError: 'NoneType' object cannot be interpreted as an integer
FAILED mutants/tests/chiSquareTest.py::test_chiSquare_with_func[originalInput1_19-originalInput1_29] - TypeError: 'NoneType' object cannot be interpreted as an integer
10 failed, 1 warning in 0.13s
❌ x_chiSquare__mutmut_5 存在失败 (退出码 1)

================================================================================
RUNNING chiSquare.py :: x_chiSquare__mutmut_6  -  2025-10-16T14:18:56.934074
================================================================================

>>> 当前使用的函数: x_chiSquare__mutmut_6
函数源码如下：
def x_chiSquare__mutmut_6(expected, observed):
    sumExpected = 0
    sumObserved = 0

    for i in range(0, None):
        sumExpected += expected[i]
        sumObserved += observed[i]

    ratio = 1
    rescale = False

    if abs(sumExpected - sumObserved) > 10E-6:
        ratio = sumObserved / sumExpected
        rescale = True

    sumSq = 0

    for i in range(0, len(observed)):
        if rescale:
            dev = observed[i] - (ratio * expected[i])
            sumSq += (dev * dev) / (ratio * expected[i])
        else:
            dev = observed[i] - expected[i]
            sumSq += dev * dev / expected[i]

    return sumSq

FFFFFFFFFF
================================================= FAILURES ==================================================
_______________________ test_chiSquare_with_func[originalInput1_10-originalInput1_20] _______________________
mutants/tests/chiSquareTest.py:146: in test_chiSquare_with_func
    originalResult = func(originalInput1_1, originalInput1_2)
mutants/src/chiSquare.py:193: in x_chiSquare__mutmut_6
    for i in range(0, None):
E   TypeError: 'NoneType' object cannot be interpreted as an integer
_______________________ test_chiSquare_with_func[originalInput1_11-originalInput1_21] _______________________
mutants/tests/chiSquareTest.py:146: in test_chiSquare_with_func
    originalResult = func(originalInput1_1, originalInput1_2)
mutants/src/chiSquare.py:193: in x_chiSquare__mutmut_6
    for i in range(0, None):
E   TypeError: 'NoneType' object cannot be interpreted as an integer
_______________________ test_chiSquare_with_func[originalInput1_12-originalInput1_22] _______________________
mutants/tests/chiSquareTest.py:146: in test_chiSquare_with_func
    originalResult = func(originalInput1_1, originalInput1_2)
mutants/src/chiSquare.py:193: in x_chiSquare__mutmut_6
    for i in range(0, None):
E   TypeError: 'NoneType' object cannot be interpreted as an integer
_______________________ test_chiSquare_with_func[originalInput1_13-originalInput1_23] _______________________
mutants/tests/chiSquareTest.py:146: in test_chiSquare_with_func
    originalResult = func(originalInput1_1, originalInput1_2)
mutants/src/chiSquare.py:193: in x_chiSquare__mutmut_6
    for i in range(0, None):
E   TypeError: 'NoneType' object cannot be interpreted as an integer
_______________________ test_chiSquare_with_func[originalInput1_14-originalInput1_24] _______________________
mutants/tests/chiSquareTest.py:146: in test_chiSquare_with_func
    originalResult = func(originalInput1_1, originalInput1_2)
mutants/src/chiSquare.py:193: in x_chiSquare__mutmut_6
    for i in range(0, None):
E   TypeError: 'NoneType' object cannot be interpreted as an integer
_______________________ test_chiSquare_with_func[originalInput1_15-originalInput1_25] _______________________
mutants/tests/chiSquareTest.py:146: in test_chiSquare_with_func
    originalResult = func(originalInput1_1, originalInput1_2)
mutants/src/chiSquare.py:193: in x_chiSquare__mutmut_6
    for i in range(0, None):
E   TypeError: 'NoneType' object cannot be interpreted as an integer
_______________________ test_chiSquare_with_func[originalInput1_16-originalInput1_26] _______________________
mutants/tests/chiSquareTest.py:146: in test_chiSquare_with_func
    originalResult = func(originalInput1_1, originalInput1_2)
mutants/src/chiSquare.py:193: in x_chiSquare__mutmut_6
    for i in range(0, None):
E   TypeError: 'NoneType' object cannot be interpreted as an integer
_______________________ test_chiSquare_with_func[originalInput1_17-originalInput1_27] _______________________
mutants/tests/chiSquareTest.py:146: in test_chiSquare_with_func
    originalResult = func(originalInput1_1, originalInput1_2)
mutants/src/chiSquare.py:193: in x_chiSquare__mutmut_6
    for i in range(0, None):
E   TypeError: 'NoneType' object cannot be interpreted as an integer
_______________________ test_chiSquare_with_func[originalInput1_18-originalInput1_28] _______________________
mutants/tests/chiSquareTest.py:146: in test_chiSquare_with_func
    originalResult = func(originalInput1_1, originalInput1_2)
mutants/src/chiSquare.py:193: in x_chiSquare__mutmut_6
    for i in range(0, None):
E   TypeError: 'NoneType' object cannot be interpreted as an integer
_______________________ test_chiSquare_with_func[originalInput1_19-originalInput1_29] _______________________
mutants/tests/chiSquareTest.py:146: in test_chiSquare_with_func
    originalResult = func(originalInput1_1, originalInput1_2)
mutants/src/chiSquare.py:193: in x_chiSquare__mutmut_6
    for i in range(0, None):
E   TypeError: 'NoneType' object cannot be interpreted as an integer
============================================= warnings summary ==============================================
../../anaconda3/envs/mutmut39/lib/python3.9/site-packages/_pytest/config/__init__.py:1474
  /home/rts/anaconda3/envs/mutmut39/lib/python3.9/site-packages/_pytest/config/__init__.py:1474: PytestConfigWarning: Unknown config option: pytest -vv --tb
  
    self._warn_or_fail_if_strict(f"Unknown config option: {key}\n")

-- Docs: https://docs.pytest.org/en/stable/how-to/capture-warnings.html
========================================== short test summary info ==========================================
FAILED mutants/tests/chiSquareTest.py::test_chiSquare_with_func[originalInput1_10-originalInput1_20] - TypeError: 'NoneType' object cannot be interpreted as an integer
FAILED mutants/tests/chiSquareTest.py::test_chiSquare_with_func[originalInput1_11-originalInput1_21] - TypeError: 'NoneType' object cannot be interpreted as an integer
FAILED mutants/tests/chiSquareTest.py::test_chiSquare_with_func[originalInput1_12-originalInput1_22] - TypeError: 'NoneType' object cannot be interpreted as an integer
FAILED mutants/tests/chiSquareTest.py::test_chiSquare_with_func[originalInput1_13-originalInput1_23] - TypeError: 'NoneType' object cannot be interpreted as an integer
FAILED mutants/tests/chiSquareTest.py::test_chiSquare_with_func[originalInput1_14-originalInput1_24] - TypeError: 'NoneType' object cannot be interpreted as an integer
FAILED mutants/tests/chiSquareTest.py::test_chiSquare_with_func[originalInput1_15-originalInput1_25] - TypeError: 'NoneType' object cannot be interpreted as an integer
FAILED mutants/tests/chiSquareTest.py::test_chiSquare_with_func[originalInput1_16-originalInput1_26] - TypeError: 'NoneType' object cannot be interpreted as an integer
FAILED mutants/tests/chiSquareTest.py::test_chiSquare_with_func[originalInput1_17-originalInput1_27] - TypeError: 'NoneType' object cannot be interpreted as an integer
FAILED mutants/tests/chiSquareTest.py::test_chiSquare_with_func[originalInput1_18-originalInput1_28] - TypeError: 'NoneType' object cannot be interpreted as an integer
FAILED mutants/tests/chiSquareTest.py::test_chiSquare_with_func[originalInput1_19-originalInput1_29] - TypeError: 'NoneType' object cannot be interpreted as an integer
10 failed, 1 warning in 0.13s
❌ x_chiSquare__mutmut_6 存在失败 (退出码 1)

================================================================================
RUNNING chiSquare.py :: x_chiSquare__mutmut_7  -  2025-10-16T14:18:57.106647
================================================================================

>>> 当前使用的函数: x_chiSquare__mutmut_7
函数源码如下：
def x_chiSquare__mutmut_7(expected, observed):
    sumExpected = 0
    sumObserved = 0

    for i in range(len(observed)):
        sumExpected += expected[i]
        sumObserved += observed[i]

    ratio = 1
    rescale = False

    if abs(sumExpected - sumObserved) > 10E-6:
        ratio = sumObserved / sumExpected
        rescale = True

    sumSq = 0

    for i in range(0, len(observed)):
        if rescale:
            dev = observed[i] - (ratio * expected[i])
            sumSq += (dev * dev) / (ratio * expected[i])
        else:
            dev = observed[i] - expected[i]
            sumSq += dev * dev / expected[i]

    return sumSq

FFFFFFFFFF
================================================= FAILURES ==================================================
_______________________ test_chiSquare_with_func[originalInput1_10-originalInput1_20] _______________________
mutants/tests/chiSquareTest.py:147: in test_chiSquare_with_func
    applyMR_Assert(originalInput1_1, originalInput1_2, originalResult)
mutants/tests/chiSquareTest.py:25: in applyMR_Assert
    transformResult3_1 = func(transformInput3_1, transformInput3_2)
mutants/src/chiSquare.py:238: in x_chiSquare__mutmut_7
    sumSq += dev * dev / expected[i]
E   ZeroDivisionError: float division by zero
_______________________ test_chiSquare_with_func[originalInput1_11-originalInput1_21] _______________________
mutants/tests/chiSquareTest.py:147: in test_chiSquare_with_func
    applyMR_Assert(originalInput1_1, originalInput1_2, originalResult)
mutants/tests/chiSquareTest.py:25: in applyMR_Assert
    transformResult3_1 = func(transformInput3_1, transformInput3_2)
mutants/src/chiSquare.py:238: in x_chiSquare__mutmut_7
    sumSq += dev * dev / expected[i]
E   ZeroDivisionError: float division by zero
_______________________ test_chiSquare_with_func[originalInput1_12-originalInput1_22] _______________________
mutants/tests/chiSquareTest.py:147: in test_chiSquare_with_func
    applyMR_Assert(originalInput1_1, originalInput1_2, originalResult)
mutants/tests/chiSquareTest.py:25: in applyMR_Assert
    transformResult3_1 = func(transformInput3_1, transformInput3_2)
mutants/src/chiSquare.py:235: in x_chiSquare__mutmut_7
    sumSq += (dev * dev) / (ratio * expected[i])
E   ZeroDivisionError: float division by zero
_______________________ test_chiSquare_with_func[originalInput1_13-originalInput1_23] _______________________
mutants/tests/chiSquareTest.py:147: in test_chiSquare_with_func
    applyMR_Assert(originalInput1_1, originalInput1_2, originalResult)
mutants/tests/chiSquareTest.py:25: in applyMR_Assert
    transformResult3_1 = func(transformInput3_1, transformInput3_2)
mutants/src/chiSquare.py:235: in x_chiSquare__mutmut_7
    sumSq += (dev * dev) / (ratio * expected[i])
E   ZeroDivisionError: float division by zero
_______________________ test_chiSquare_with_func[originalInput1_14-originalInput1_24] _______________________
mutants/tests/chiSquareTest.py:147: in test_chiSquare_with_func
    applyMR_Assert(originalInput1_1, originalInput1_2, originalResult)
mutants/tests/chiSquareTest.py:25: in applyMR_Assert
    transformResult3_1 = func(transformInput3_1, transformInput3_2)
mutants/src/chiSquare.py:235: in x_chiSquare__mutmut_7
    sumSq += (dev * dev) / (ratio * expected[i])
E   ZeroDivisionError: float division by zero
_______________________ test_chiSquare_with_func[originalInput1_15-originalInput1_25] _______________________
mutants/tests/chiSquareTest.py:147: in test_chiSquare_with_func
    applyMR_Assert(originalInput1_1, originalInput1_2, originalResult)
mutants/tests/chiSquareTest.py:25: in applyMR_Assert
    transformResult3_1 = func(transformInput3_1, transformInput3_2)
mutants/src/chiSquare.py:235: in x_chiSquare__mutmut_7
    sumSq += (dev * dev) / (ratio * expected[i])
E   ZeroDivisionError: float division by zero
_______________________ test_chiSquare_with_func[originalInput1_16-originalInput1_26] _______________________
mutants/tests/chiSquareTest.py:147: in test_chiSquare_with_func
    applyMR_Assert(originalInput1_1, originalInput1_2, originalResult)
mutants/tests/chiSquareTest.py:25: in applyMR_Assert
    transformResult3_1 = func(transformInput3_1, transformInput3_2)
mutants/src/chiSquare.py:235: in x_chiSquare__mutmut_7
    sumSq += (dev * dev) / (ratio * expected[i])
E   ZeroDivisionError: float division by zero
_______________________ test_chiSquare_with_func[originalInput1_17-originalInput1_27] _______________________
mutants/tests/chiSquareTest.py:147: in test_chiSquare_with_func
    applyMR_Assert(originalInput1_1, originalInput1_2, originalResult)
mutants/tests/chiSquareTest.py:25: in applyMR_Assert
    transformResult3_1 = func(transformInput3_1, transformInput3_2)
mutants/src/chiSquare.py:235: in x_chiSquare__mutmut_7
    sumSq += (dev * dev) / (ratio * expected[i])
E   ZeroDivisionError: float division by zero
_______________________ test_chiSquare_with_func[originalInput1_18-originalInput1_28] _______________________
mutants/tests/chiSquareTest.py:147: in test_chiSquare_with_func
    applyMR_Assert(originalInput1_1, originalInput1_2, originalResult)
mutants/tests/chiSquareTest.py:25: in applyMR_Assert
    transformResult3_1 = func(transformInput3_1, transformInput3_2)
mutants/src/chiSquare.py:235: in x_chiSquare__mutmut_7
    sumSq += (dev * dev) / (ratio * expected[i])
E   ZeroDivisionError: float division by zero
_______________________ test_chiSquare_with_func[originalInput1_19-originalInput1_29] _______________________
mutants/tests/chiSquareTest.py:147: in test_chiSquare_with_func
    applyMR_Assert(originalInput1_1, originalInput1_2, originalResult)
mutants/tests/chiSquareTest.py:25: in applyMR_Assert
    transformResult3_1 = func(transformInput3_1, transformInput3_2)
mutants/src/chiSquare.py:235: in x_chiSquare__mutmut_7
    sumSq += (dev * dev) / (ratio * expected[i])
E   ZeroDivisionError: float division by zero
============================================= warnings summary ==============================================
../../anaconda3/envs/mutmut39/lib/python3.9/site-packages/_pytest/config/__init__.py:1474
  /home/rts/anaconda3/envs/mutmut39/lib/python3.9/site-packages/_pytest/config/__init__.py:1474: PytestConfigWarning: Unknown config option: pytest -vv --tb
  
    self._warn_or_fail_if_strict(f"Unknown config option: {key}\n")

-- Docs: https://docs.pytest.org/en/stable/how-to/capture-warnings.html
========================================== short test summary info ==========================================
FAILED mutants/tests/chiSquareTest.py::test_chiSquare_with_func[originalInput1_10-originalInput1_20] - ZeroDivisionError: float division by zero
FAILED mutants/tests/chiSquareTest.py::test_chiSquare_with_func[originalInput1_11-originalInput1_21] - ZeroDivisionError: float division by zero
FAILED mutants/tests/chiSquareTest.py::test_chiSquare_with_func[originalInput1_12-originalInput1_22] - ZeroDivisionError: float division by zero
FAILED mutants/tests/chiSquareTest.py::test_chiSquare_with_func[originalInput1_13-originalInput1_23] - ZeroDivisionError: float division by zero
FAILED mutants/tests/chiSquareTest.py::test_chiSquare_with_func[originalInput1_14-originalInput1_24] - ZeroDivisionError: float division by zero
FAILED mutants/tests/chiSquareTest.py::test_chiSquare_with_func[originalInput1_15-originalInput1_25] - ZeroDivisionError: float division by zero
FAILED mutants/tests/chiSquareTest.py::test_chiSquare_with_func[originalInput1_16-originalInput1_26] - ZeroDivisionError: float division by zero
FAILED mutants/tests/chiSquareTest.py::test_chiSquare_with_func[originalInput1_17-originalInput1_27] - ZeroDivisionError: float division by zero
FAILED mutants/tests/chiSquareTest.py::test_chiSquare_with_func[originalInput1_18-originalInput1_28] - ZeroDivisionError: float division by zero
FAILED mutants/tests/chiSquareTest.py::test_chiSquare_with_func[originalInput1_19-originalInput1_29] - ZeroDivisionError: float division by zero
10 failed, 1 warning in 0.14s
❌ x_chiSquare__mutmut_7 存在失败 (退出码 1)

================================================================================
RUNNING chiSquare.py :: x_chiSquare__mutmut_8  -  2025-10-16T14:18:57.289578
================================================================================

>>> 当前使用的函数: x_chiSquare__mutmut_8
函数源码如下：
def x_chiSquare__mutmut_8(expected, observed):
    sumExpected = 0
    sumObserved = 0

    for i in range(0, ):
        sumExpected += expected[i]
        sumObserved += observed[i]

    ratio = 1
    rescale = False

    if abs(sumExpected - sumObserved) > 10E-6:
        ratio = sumObserved / sumExpected
        rescale = True

    sumSq = 0

    for i in range(0, len(observed)):
        if rescale:
            dev = observed[i] - (ratio * expected[i])
            sumSq += (dev * dev) / (ratio * expected[i])
        else:
            dev = observed[i] - expected[i]
            sumSq += dev * dev / expected[i]

    return sumSq

FFFFFFFFFF
================================================= FAILURES ==================================================
_______________________ test_chiSquare_with_func[originalInput1_10-originalInput1_20] _______________________
mutants/tests/chiSquareTest.py:147: in test_chiSquare_with_func
    applyMR_Assert(originalInput1_1, originalInput1_2, originalResult)
mutants/tests/chiSquareTest.py:25: in applyMR_Assert
    transformResult3_1 = func(transformInput3_1, transformInput3_2)
mutants/src/chiSquare.py:264: in x_chiSquare__mutmut_8
    sumSq += dev * dev / expected[i]
E   ZeroDivisionError: float division by zero
_______________________ test_chiSquare_with_func[originalInput1_11-originalInput1_21] _______________________
mutants/tests/chiSquareTest.py:147: in test_chiSquare_with_func
    applyMR_Assert(originalInput1_1, originalInput1_2, originalResult)
mutants/tests/chiSquareTest.py:25: in applyMR_Assert
    transformResult3_1 = func(transformInput3_1, transformInput3_2)
mutants/src/chiSquare.py:264: in x_chiSquare__mutmut_8
    sumSq += dev * dev / expected[i]
E   ZeroDivisionError: float division by zero
_______________________ test_chiSquare_with_func[originalInput1_12-originalInput1_22] _______________________
mutants/tests/chiSquareTest.py:147: in test_chiSquare_with_func
    applyMR_Assert(originalInput1_1, originalInput1_2, originalResult)
mutants/tests/chiSquareTest.py:25: in applyMR_Assert
    transformResult3_1 = func(transformInput3_1, transformInput3_2)
mutants/src/chiSquare.py:264: in x_chiSquare__mutmut_8
    sumSq += dev * dev / expected[i]
E   ZeroDivisionError: float division by zero
_______________________ test_chiSquare_with_func[originalInput1_13-originalInput1_23] _______________________
mutants/tests/chiSquareTest.py:147: in test_chiSquare_with_func
    applyMR_Assert(originalInput1_1, originalInput1_2, originalResult)
mutants/tests/chiSquareTest.py:25: in applyMR_Assert
    transformResult3_1 = func(transformInput3_1, transformInput3_2)
mutants/src/chiSquare.py:264: in x_chiSquare__mutmut_8
    sumSq += dev * dev / expected[i]
E   ZeroDivisionError: float division by zero
_______________________ test_chiSquare_with_func[originalInput1_14-originalInput1_24] _______________________
mutants/tests/chiSquareTest.py:147: in test_chiSquare_with_func
    applyMR_Assert(originalInput1_1, originalInput1_2, originalResult)
mutants/tests/chiSquareTest.py:25: in applyMR_Assert
    transformResult3_1 = func(transformInput3_1, transformInput3_2)
mutants/src/chiSquare.py:264: in x_chiSquare__mutmut_8
    sumSq += dev * dev / expected[i]
E   ZeroDivisionError: float division by zero
_______________________ test_chiSquare_with_func[originalInput1_15-originalInput1_25] _______________________
mutants/tests/chiSquareTest.py:147: in test_chiSquare_with_func
    applyMR_Assert(originalInput1_1, originalInput1_2, originalResult)
mutants/tests/chiSquareTest.py:25: in applyMR_Assert
    transformResult3_1 = func(transformInput3_1, transformInput3_2)
mutants/src/chiSquare.py:264: in x_chiSquare__mutmut_8
    sumSq += dev * dev / expected[i]
E   ZeroDivisionError: float division by zero
_______________________ test_chiSquare_with_func[originalInput1_16-originalInput1_26] _______________________
mutants/tests/chiSquareTest.py:147: in test_chiSquare_with_func
    applyMR_Assert(originalInput1_1, originalInput1_2, originalResult)
mutants/tests/chiSquareTest.py:25: in applyMR_Assert
    transformResult3_1 = func(transformInput3_1, transformInput3_2)
mutants/src/chiSquare.py:264: in x_chiSquare__mutmut_8
    sumSq += dev * dev / expected[i]
E   ZeroDivisionError: float division by zero
_______________________ test_chiSquare_with_func[originalInput1_17-originalInput1_27] _______________________
mutants/tests/chiSquareTest.py:147: in test_chiSquare_with_func
    applyMR_Assert(originalInput1_1, originalInput1_2, originalResult)
mutants/tests/chiSquareTest.py:25: in applyMR_Assert
    transformResult3_1 = func(transformInput3_1, transformInput3_2)
mutants/src/chiSquare.py:264: in x_chiSquare__mutmut_8
    sumSq += dev * dev / expected[i]
E   ZeroDivisionError: float division by zero
_______________________ test_chiSquare_with_func[originalInput1_18-originalInput1_28] _______________________
mutants/tests/chiSquareTest.py:147: in test_chiSquare_with_func
    applyMR_Assert(originalInput1_1, originalInput1_2, originalResult)
mutants/tests/chiSquareTest.py:25: in applyMR_Assert
    transformResult3_1 = func(transformInput3_1, transformInput3_2)
mutants/src/chiSquare.py:264: in x_chiSquare__mutmut_8
    sumSq += dev * dev / expected[i]
E   ZeroDivisionError: float division by zero
_______________________ test_chiSquare_with_func[originalInput1_19-originalInput1_29] _______________________
mutants/tests/chiSquareTest.py:147: in test_chiSquare_with_func
    applyMR_Assert(originalInput1_1, originalInput1_2, originalResult)
mutants/tests/chiSquareTest.py:25: in applyMR_Assert
    transformResult3_1 = func(transformInput3_1, transformInput3_2)
mutants/src/chiSquare.py:264: in x_chiSquare__mutmut_8
    sumSq += dev * dev / expected[i]
E   ZeroDivisionError: float division by zero
============================================= warnings summary ==============================================
../../anaconda3/envs/mutmut39/lib/python3.9/site-packages/_pytest/config/__init__.py:1474
  /home/rts/anaconda3/envs/mutmut39/lib/python3.9/site-packages/_pytest/config/__init__.py:1474: PytestConfigWarning: Unknown config option: pytest -vv --tb
  
    self._warn_or_fail_if_strict(f"Unknown config option: {key}\n")

-- Docs: https://docs.pytest.org/en/stable/how-to/capture-warnings.html
========================================== short test summary info ==========================================
FAILED mutants/tests/chiSquareTest.py::test_chiSquare_with_func[originalInput1_10-originalInput1_20] - ZeroDivisionError: float division by zero
FAILED mutants/tests/chiSquareTest.py::test_chiSquare_with_func[originalInput1_11-originalInput1_21] - ZeroDivisionError: float division by zero
FAILED mutants/tests/chiSquareTest.py::test_chiSquare_with_func[originalInput1_12-originalInput1_22] - ZeroDivisionError: float division by zero
FAILED mutants/tests/chiSquareTest.py::test_chiSquare_with_func[originalInput1_13-originalInput1_23] - ZeroDivisionError: float division by zero
FAILED mutants/tests/chiSquareTest.py::test_chiSquare_with_func[originalInput1_14-originalInput1_24] - ZeroDivisionError: float division by zero
FAILED mutants/tests/chiSquareTest.py::test_chiSquare_with_func[originalInput1_15-originalInput1_25] - ZeroDivisionError: float division by zero
FAILED mutants/tests/chiSquareTest.py::test_chiSquare_with_func[originalInput1_16-originalInput1_26] - ZeroDivisionError: float division by zero
FAILED mutants/tests/chiSquareTest.py::test_chiSquare_with_func[originalInput1_17-originalInput1_27] - ZeroDivisionError: float division by zero
FAILED mutants/tests/chiSquareTest.py::test_chiSquare_with_func[originalInput1_18-originalInput1_28] - ZeroDivisionError: float division by zero
FAILED mutants/tests/chiSquareTest.py::test_chiSquare_with_func[originalInput1_19-originalInput1_29] - ZeroDivisionError: float division by zero
10 failed, 1 warning in 0.14s
❌ x_chiSquare__mutmut_8 存在失败 (退出码 1)

================================================================================
RUNNING chiSquare.py :: x_chiSquare__mutmut_9  -  2025-10-16T14:18:57.471527
================================================================================

>>> 当前使用的函数: x_chiSquare__mutmut_9
函数源码如下：
def x_chiSquare__mutmut_9(expected, observed):
    sumExpected = 0
    sumObserved = 0

    for i in range(1, len(observed)):
        sumExpected += expected[i]
        sumObserved += observed[i]

    ratio = 1
    rescale = False

    if abs(sumExpected - sumObserved) > 10E-6:
        ratio = sumObserved / sumExpected
        rescale = True

    sumSq = 0

    for i in range(0, len(observed)):
        if rescale:
            dev = observed[i] - (ratio * expected[i])
            sumSq += (dev * dev) / (ratio * expected[i])
        else:
            dev = observed[i] - expected[i]
            sumSq += dev * dev / expected[i]

    return sumSq

FFFFFFFFFF
================================================= FAILURES ==================================================
_______________________ test_chiSquare_with_func[originalInput1_10-originalInput1_20] _______________________
mutants/tests/chiSquareTest.py:147: in test_chiSquare_with_func
    applyMR_Assert(originalInput1_1, originalInput1_2, originalResult)
mutants/tests/chiSquareTest.py:25: in applyMR_Assert
    transformResult3_1 = func(transformInput3_1, transformInput3_2)
mutants/src/chiSquare.py:287: in x_chiSquare__mutmut_9
    sumSq += (dev * dev) / (ratio * expected[i])
E   ZeroDivisionError: float division by zero
_______________________ test_chiSquare_with_func[originalInput1_11-originalInput1_21] _______________________
mutants/tests/chiSquareTest.py:147: in test_chiSquare_with_func
    applyMR_Assert(originalInput1_1, originalInput1_2, originalResult)
mutants/tests/chiSquareTest.py:25: in applyMR_Assert
    transformResult3_1 = func(transformInput3_1, transformInput3_2)
mutants/src/chiSquare.py:287: in x_chiSquare__mutmut_9
    sumSq += (dev * dev) / (ratio * expected[i])
E   ZeroDivisionError: float division by zero
_______________________ test_chiSquare_with_func[originalInput1_12-originalInput1_22] _______________________
mutants/tests/chiSquareTest.py:147: in test_chiSquare_with_func
    applyMR_Assert(originalInput1_1, originalInput1_2, originalResult)
mutants/tests/chiSquareTest.py:25: in applyMR_Assert
    transformResult3_1 = func(transformInput3_1, transformInput3_2)
mutants/src/chiSquare.py:287: in x_chiSquare__mutmut_9
    sumSq += (dev * dev) / (ratio * expected[i])
E   ZeroDivisionError: float division by zero
_______________________ test_chiSquare_with_func[originalInput1_13-originalInput1_23] _______________________
mutants/tests/chiSquareTest.py:147: in test_chiSquare_with_func
    applyMR_Assert(originalInput1_1, originalInput1_2, originalResult)
mutants/tests/chiSquareTest.py:25: in applyMR_Assert
    transformResult3_1 = func(transformInput3_1, transformInput3_2)
mutants/src/chiSquare.py:287: in x_chiSquare__mutmut_9
    sumSq += (dev * dev) / (ratio * expected[i])
E   ZeroDivisionError: float division by zero
_______________________ test_chiSquare_with_func[originalInput1_14-originalInput1_24] _______________________
mutants/tests/chiSquareTest.py:147: in test_chiSquare_with_func
    applyMR_Assert(originalInput1_1, originalInput1_2, originalResult)
mutants/tests/chiSquareTest.py:25: in applyMR_Assert
    transformResult3_1 = func(transformInput3_1, transformInput3_2)
mutants/src/chiSquare.py:287: in x_chiSquare__mutmut_9
    sumSq += (dev * dev) / (ratio * expected[i])
E   ZeroDivisionError: float division by zero
_______________________ test_chiSquare_with_func[originalInput1_15-originalInput1_25] _______________________
mutants/tests/chiSquareTest.py:147: in test_chiSquare_with_func
    applyMR_Assert(originalInput1_1, originalInput1_2, originalResult)
mutants/tests/chiSquareTest.py:25: in applyMR_Assert
    transformResult3_1 = func(transformInput3_1, transformInput3_2)
mutants/src/chiSquare.py:287: in x_chiSquare__mutmut_9
    sumSq += (dev * dev) / (ratio * expected[i])
E   ZeroDivisionError: float division by zero
_______________________ test_chiSquare_with_func[originalInput1_16-originalInput1_26] _______________________
mutants/tests/chiSquareTest.py:147: in test_chiSquare_with_func
    applyMR_Assert(originalInput1_1, originalInput1_2, originalResult)
mutants/tests/chiSquareTest.py:25: in applyMR_Assert
    transformResult3_1 = func(transformInput3_1, transformInput3_2)
mutants/src/chiSquare.py:287: in x_chiSquare__mutmut_9
    sumSq += (dev * dev) / (ratio * expected[i])
E   ZeroDivisionError: float division by zero
_______________________ test_chiSquare_with_func[originalInput1_17-originalInput1_27] _______________________
mutants/tests/chiSquareTest.py:147: in test_chiSquare_with_func
    applyMR_Assert(originalInput1_1, originalInput1_2, originalResult)
mutants/tests/chiSquareTest.py:25: in applyMR_Assert
    transformResult3_1 = func(transformInput3_1, transformInput3_2)
mutants/src/chiSquare.py:287: in x_chiSquare__mutmut_9
    sumSq += (dev * dev) / (ratio * expected[i])
E   ZeroDivisionError: float division by zero
_______________________ test_chiSquare_with_func[originalInput1_18-originalInput1_28] _______________________
mutants/tests/chiSquareTest.py:147: in test_chiSquare_with_func
    applyMR_Assert(originalInput1_1, originalInput1_2, originalResult)
mutants/tests/chiSquareTest.py:25: in applyMR_Assert
    transformResult3_1 = func(transformInput3_1, transformInput3_2)
mutants/src/chiSquare.py:287: in x_chiSquare__mutmut_9
    sumSq += (dev * dev) / (ratio * expected[i])
E   ZeroDivisionError: float division by zero
_______________________ test_chiSquare_with_func[originalInput1_19-originalInput1_29] _______________________
mutants/tests/chiSquareTest.py:147: in test_chiSquare_with_func
    applyMR_Assert(originalInput1_1, originalInput1_2, originalResult)
mutants/tests/chiSquareTest.py:25: in applyMR_Assert
    transformResult3_1 = func(transformInput3_1, transformInput3_2)
mutants/src/chiSquare.py:287: in x_chiSquare__mutmut_9
    sumSq += (dev * dev) / (ratio * expected[i])
E   ZeroDivisionError: float division by zero
============================================= warnings summary ==============================================
../../anaconda3/envs/mutmut39/lib/python3.9/site-packages/_pytest/config/__init__.py:1474
  /home/rts/anaconda3/envs/mutmut39/lib/python3.9/site-packages/_pytest/config/__init__.py:1474: PytestConfigWarning: Unknown config option: pytest -vv --tb
  
    self._warn_or_fail_if_strict(f"Unknown config option: {key}\n")

-- Docs: https://docs.pytest.org/en/stable/how-to/capture-warnings.html
========================================== short test summary info ==========================================
FAILED mutants/tests/chiSquareTest.py::test_chiSquare_with_func[originalInput1_10-originalInput1_20] - ZeroDivisionError: float division by zero
FAILED mutants/tests/chiSquareTest.py::test_chiSquare_with_func[originalInput1_11-originalInput1_21] - ZeroDivisionError: float division by zero
FAILED mutants/tests/chiSquareTest.py::test_chiSquare_with_func[originalInput1_12-originalInput1_22] - ZeroDivisionError: float division by zero
FAILED mutants/tests/chiSquareTest.py::test_chiSquare_with_func[originalInput1_13-originalInput1_23] - ZeroDivisionError: float division by zero
FAILED mutants/tests/chiSquareTest.py::test_chiSquare_with_func[originalInput1_14-originalInput1_24] - ZeroDivisionError: float division by zero
FAILED mutants/tests/chiSquareTest.py::test_chiSquare_with_func[originalInput1_15-originalInput1_25] - ZeroDivisionError: float division by zero
FAILED mutants/tests/chiSquareTest.py::test_chiSquare_with_func[originalInput1_16-originalInput1_26] - ZeroDivisionError: float division by zero
FAILED mutants/tests/chiSquareTest.py::test_chiSquare_with_func[originalInput1_17-originalInput1_27] - ZeroDivisionError: float division by zero
FAILED mutants/tests/chiSquareTest.py::test_chiSquare_with_func[originalInput1_18-originalInput1_28] - ZeroDivisionError: float division by zero
FAILED mutants/tests/chiSquareTest.py::test_chiSquare_with_func[originalInput1_19-originalInput1_29] - ZeroDivisionError: float division by zero
10 failed, 1 warning in 0.14s
❌ x_chiSquare__mutmut_9 存在失败 (退出码 1)

================================================================================
RUNNING chiSquare.py :: x_chiSquare__mutmut_orig  -  2025-10-16T14:18:57.655939
================================================================================

>>> 当前使用的函数: x_chiSquare__mutmut_orig
函数源码如下：
def x_chiSquare__mutmut_orig(expected, observed):
    sumExpected = 0
    sumObserved = 0

    for i in range(0, len(observed)):
        sumExpected += expected[i]
        sumObserved += observed[i]

    ratio = 1
    rescale = False

    if abs(sumExpected - sumObserved) > 10E-6:
        ratio = sumObserved / sumExpected
        rescale = True

    sumSq = 0

    for i in range(0, len(observed)):
        if rescale:
            dev = observed[i] - (ratio * expected[i])
            sumSq += (dev * dev) / (ratio * expected[i])
        else:
            dev = observed[i] - expected[i]
            sumSq += dev * dev / expected[i]

    return sumSq

FFFFFFFFFF
================================================= FAILURES ==================================================
_______________________ test_chiSquare_with_func[originalInput1_10-originalInput1_20] _______________________
mutants/tests/chiSquareTest.py:147: in test_chiSquare_with_func
    applyMR_Assert(originalInput1_1, originalInput1_2, originalResult)
mutants/tests/chiSquareTest.py:25: in applyMR_Assert
    transformResult3_1 = func(transformInput3_1, transformInput3_2)
mutants/src/chiSquare.py:56: in x_chiSquare__mutmut_orig
    sumSq += dev * dev / expected[i]
E   ZeroDivisionError: float division by zero
_______________________ test_chiSquare_with_func[originalInput1_11-originalInput1_21] _______________________
mutants/tests/chiSquareTest.py:147: in test_chiSquare_with_func
    applyMR_Assert(originalInput1_1, originalInput1_2, originalResult)
mutants/tests/chiSquareTest.py:25: in applyMR_Assert
    transformResult3_1 = func(transformInput3_1, transformInput3_2)
mutants/src/chiSquare.py:56: in x_chiSquare__mutmut_orig
    sumSq += dev * dev / expected[i]
E   ZeroDivisionError: float division by zero
_______________________ test_chiSquare_with_func[originalInput1_12-originalInput1_22] _______________________
mutants/tests/chiSquareTest.py:147: in test_chiSquare_with_func
    applyMR_Assert(originalInput1_1, originalInput1_2, originalResult)
mutants/tests/chiSquareTest.py:25: in applyMR_Assert
    transformResult3_1 = func(transformInput3_1, transformInput3_2)
mutants/src/chiSquare.py:53: in x_chiSquare__mutmut_orig
    sumSq += (dev * dev) / (ratio * expected[i])
E   ZeroDivisionError: float division by zero
_______________________ test_chiSquare_with_func[originalInput1_13-originalInput1_23] _______________________
mutants/tests/chiSquareTest.py:147: in test_chiSquare_with_func
    applyMR_Assert(originalInput1_1, originalInput1_2, originalResult)
mutants/tests/chiSquareTest.py:25: in applyMR_Assert
    transformResult3_1 = func(transformInput3_1, transformInput3_2)
mutants/src/chiSquare.py:53: in x_chiSquare__mutmut_orig
    sumSq += (dev * dev) / (ratio * expected[i])
E   ZeroDivisionError: float division by zero
_______________________ test_chiSquare_with_func[originalInput1_14-originalInput1_24] _______________________
mutants/tests/chiSquareTest.py:147: in test_chiSquare_with_func
    applyMR_Assert(originalInput1_1, originalInput1_2, originalResult)
mutants/tests/chiSquareTest.py:25: in applyMR_Assert
    transformResult3_1 = func(transformInput3_1, transformInput3_2)
mutants/src/chiSquare.py:53: in x_chiSquare__mutmut_orig
    sumSq += (dev * dev) / (ratio * expected[i])
E   ZeroDivisionError: float division by zero
_______________________ test_chiSquare_with_func[originalInput1_15-originalInput1_25] _______________________
mutants/tests/chiSquareTest.py:147: in test_chiSquare_with_func
    applyMR_Assert(originalInput1_1, originalInput1_2, originalResult)
mutants/tests/chiSquareTest.py:25: in applyMR_Assert
    transformResult3_1 = func(transformInput3_1, transformInput3_2)
mutants/src/chiSquare.py:53: in x_chiSquare__mutmut_orig
    sumSq += (dev * dev) / (ratio * expected[i])
E   ZeroDivisionError: float division by zero
_______________________ test_chiSquare_with_func[originalInput1_16-originalInput1_26] _______________________
mutants/tests/chiSquareTest.py:147: in test_chiSquare_with_func
    applyMR_Assert(originalInput1_1, originalInput1_2, originalResult)
mutants/tests/chiSquareTest.py:25: in applyMR_Assert
    transformResult3_1 = func(transformInput3_1, transformInput3_2)
mutants/src/chiSquare.py:53: in x_chiSquare__mutmut_orig
    sumSq += (dev * dev) / (ratio * expected[i])
E   ZeroDivisionError: float division by zero
_______________________ test_chiSquare_with_func[originalInput1_17-originalInput1_27] _______________________
mutants/tests/chiSquareTest.py:147: in test_chiSquare_with_func
    applyMR_Assert(originalInput1_1, originalInput1_2, originalResult)
mutants/tests/chiSquareTest.py:25: in applyMR_Assert
    transformResult3_1 = func(transformInput3_1, transformInput3_2)
mutants/src/chiSquare.py:53: in x_chiSquare__mutmut_orig
    sumSq += (dev * dev) / (ratio * expected[i])
E   ZeroDivisionError: float division by zero
_______________________ test_chiSquare_with_func[originalInput1_18-originalInput1_28] _______________________
mutants/tests/chiSquareTest.py:147: in test_chiSquare_with_func
    applyMR_Assert(originalInput1_1, originalInput1_2, originalResult)
mutants/tests/chiSquareTest.py:25: in applyMR_Assert
    transformResult3_1 = func(transformInput3_1, transformInput3_2)
mutants/src/chiSquare.py:53: in x_chiSquare__mutmut_orig
    sumSq += (dev * dev) / (ratio * expected[i])
E   ZeroDivisionError: float division by zero
_______________________ test_chiSquare_with_func[originalInput1_19-originalInput1_29] _______________________
mutants/tests/chiSquareTest.py:147: in test_chiSquare_with_func
    applyMR_Assert(originalInput1_1, originalInput1_2, originalResult)
mutants/tests/chiSquareTest.py:25: in applyMR_Assert
    transformResult3_1 = func(transformInput3_1, transformInput3_2)
mutants/src/chiSquare.py:53: in x_chiSquare__mutmut_orig
    sumSq += (dev * dev) / (ratio * expected[i])
E   ZeroDivisionError: float division by zero
============================================= warnings summary ==============================================
../../anaconda3/envs/mutmut39/lib/python3.9/site-packages/_pytest/config/__init__.py:1474
  /home/rts/anaconda3/envs/mutmut39/lib/python3.9/site-packages/_pytest/config/__init__.py:1474: PytestConfigWarning: Unknown config option: pytest -vv --tb
  
    self._warn_or_fail_if_strict(f"Unknown config option: {key}\n")

-- Docs: https://docs.pytest.org/en/stable/how-to/capture-warnings.html
========================================== short test summary info ==========================================
FAILED mutants/tests/chiSquareTest.py::test_chiSquare_with_func[originalInput1_10-originalInput1_20] - ZeroDivisionError: float division by zero
FAILED mutants/tests/chiSquareTest.py::test_chiSquare_with_func[originalInput1_11-originalInput1_21] - ZeroDivisionError: float division by zero
FAILED mutants/tests/chiSquareTest.py::test_chiSquare_with_func[originalInput1_12-originalInput1_22] - ZeroDivisionError: float division by zero
FAILED mutants/tests/chiSquareTest.py::test_chiSquare_with_func[originalInput1_13-originalInput1_23] - ZeroDivisionError: float division by zero
FAILED mutants/tests/chiSquareTest.py::test_chiSquare_with_func[originalInput1_14-originalInput1_24] - ZeroDivisionError: float division by zero
FAILED mutants/tests/chiSquareTest.py::test_chiSquare_with_func[originalInput1_15-originalInput1_25] - ZeroDivisionError: float division by zero
FAILED mutants/tests/chiSquareTest.py::test_chiSquare_with_func[originalInput1_16-originalInput1_26] - ZeroDivisionError: float division by zero
FAILED mutants/tests/chiSquareTest.py::test_chiSquare_with_func[originalInput1_17-originalInput1_27] - ZeroDivisionError: float division by zero
FAILED mutants/tests/chiSquareTest.py::test_chiSquare_with_func[originalInput1_18-originalInput1_28] - ZeroDivisionError: float division by zero
FAILED mutants/tests/chiSquareTest.py::test_chiSquare_with_func[originalInput1_19-originalInput1_29] - ZeroDivisionError: float division by zero
10 failed, 1 warning in 0.14s
❌ x_chiSquare__mutmut_orig 存在失败 (退出码 1)
