
=== Running tests for single mutant file: cosineDistance.py ===

================================================================================
RUNNING cosineDistance.py :: x_cosineDistance__mutmut_1  -  2025-10-16T10:09:02.287331
================================================================================

>>> 当前使用的函数: x_cosineDistance__mutmut_1
函数源码如下：
def x_cosineDistance__mutmut_1(p1, p2):
    dotProduct = None
    lengthSquaredp1 = 0
    lengthSquaredp2 = 0

    for i in range(0, len(p1)):
        lengthSquaredp1 += p1[i] * p1[i]
        lengthSquaredp2 += p2[i] * p2[i]
        dotProduct += p1[i] * p2[i]

    denominator = np.sqrt(lengthSquaredp1) * np.sqrt(lengthSquaredp2)

    if denominator < dotProduct:
        denominator = dotProduct

    if denominator == 0 and dotProduct == 0:
        return 0

    return 1 - dotProduct / denominator

FFFFFFFFFF
========================================================== FAILURES ==========================================================
_____________________________ test_cosineDistance_with_func[originalInput1_10-originalInput1_20] _____________________________
mutants/tests/cosineDistanceTest.py:146: in test_cosineDistance_with_func
    originalResult = func(originalInput1_1, originalInput1_2)
mutants/src/cosineDistance.py:65: in x_cosineDistance__mutmut_1
    dotProduct += p1[i] * p2[i]
E   TypeError: unsupported operand type(s) for +=: 'NoneType' and 'float'
_____________________________ test_cosineDistance_with_func[originalInput1_11-originalInput1_21] _____________________________
mutants/tests/cosineDistanceTest.py:146: in test_cosineDistance_with_func
    originalResult = func(originalInput1_1, originalInput1_2)
mutants/src/cosineDistance.py:65: in x_cosineDistance__mutmut_1
    dotProduct += p1[i] * p2[i]
E   TypeError: unsupported operand type(s) for +=: 'NoneType' and 'float'
_____________________________ test_cosineDistance_with_func[originalInput1_12-originalInput1_22] _____________________________
mutants/tests/cosineDistanceTest.py:146: in test_cosineDistance_with_func
    originalResult = func(originalInput1_1, originalInput1_2)
mutants/src/cosineDistance.py:65: in x_cosineDistance__mutmut_1
    dotProduct += p1[i] * p2[i]
E   TypeError: unsupported operand type(s) for +=: 'NoneType' and 'float'
_____________________________ test_cosineDistance_with_func[originalInput1_13-originalInput1_23] _____________________________
mutants/tests/cosineDistanceTest.py:146: in test_cosineDistance_with_func
    originalResult = func(originalInput1_1, originalInput1_2)
mutants/src/cosineDistance.py:65: in x_cosineDistance__mutmut_1
    dotProduct += p1[i] * p2[i]
E   TypeError: unsupported operand type(s) for +=: 'NoneType' and 'float'
_____________________________ test_cosineDistance_with_func[originalInput1_14-originalInput1_24] _____________________________
mutants/tests/cosineDistanceTest.py:146: in test_cosineDistance_with_func
    originalResult = func(originalInput1_1, originalInput1_2)
mutants/src/cosineDistance.py:65: in x_cosineDistance__mutmut_1
    dotProduct += p1[i] * p2[i]
E   TypeError: unsupported operand type(s) for +=: 'NoneType' and 'float'
_____________________________ test_cosineDistance_with_func[originalInput1_15-originalInput1_25] _____________________________
mutants/tests/cosineDistanceTest.py:146: in test_cosineDistance_with_func
    originalResult = func(originalInput1_1, originalInput1_2)
mutants/src/cosineDistance.py:65: in x_cosineDistance__mutmut_1
    dotProduct += p1[i] * p2[i]
E   TypeError: unsupported operand type(s) for +=: 'NoneType' and 'float'
_____________________________ test_cosineDistance_with_func[originalInput1_16-originalInput1_26] _____________________________
mutants/tests/cosineDistanceTest.py:146: in test_cosineDistance_with_func
    originalResult = func(originalInput1_1, originalInput1_2)
mutants/src/cosineDistance.py:65: in x_cosineDistance__mutmut_1
    dotProduct += p1[i] * p2[i]
E   TypeError: unsupported operand type(s) for +=: 'NoneType' and 'float'
_____________________________ test_cosineDistance_with_func[originalInput1_17-originalInput1_27] _____________________________
mutants/tests/cosineDistanceTest.py:146: in test_cosineDistance_with_func
    originalResult = func(originalInput1_1, originalInput1_2)
mutants/src/cosineDistance.py:65: in x_cosineDistance__mutmut_1
    dotProduct += p1[i] * p2[i]
E   TypeError: unsupported operand type(s) for +=: 'NoneType' and 'float'
_____________________________ test_cosineDistance_with_func[originalInput1_18-originalInput1_28] _____________________________
mutants/tests/cosineDistanceTest.py:146: in test_cosineDistance_with_func
    originalResult = func(originalInput1_1, originalInput1_2)
mutants/src/cosineDistance.py:65: in x_cosineDistance__mutmut_1
    dotProduct += p1[i] * p2[i]
E   TypeError: unsupported operand type(s) for +=: 'NoneType' and 'float'
_____________________________ test_cosineDistance_with_func[originalInput1_19-originalInput1_29] _____________________________
mutants/tests/cosineDistanceTest.py:146: in test_cosineDistance_with_func
    originalResult = func(originalInput1_1, originalInput1_2)
mutants/src/cosineDistance.py:65: in x_cosineDistance__mutmut_1
    dotProduct += p1[i] * p2[i]
E   TypeError: unsupported operand type(s) for +=: 'NoneType' and 'float'
====================================================== warnings summary ======================================================
../../anaconda3/envs/mutmut39/lib/python3.9/site-packages/_pytest/config/__init__.py:1474
  /home/rts/anaconda3/envs/mutmut39/lib/python3.9/site-packages/_pytest/config/__init__.py:1474: PytestConfigWarning: Unknown config option: pytest -vv --tb
  
    self._warn_or_fail_if_strict(f"Unknown config option: {key}\n")

-- Docs: https://docs.pytest.org/en/stable/how-to/capture-warnings.html
================================================== short test summary info ===================================================
FAILED mutants/tests/cosineDistanceTest.py::test_cosineDistance_with_func[originalInput1_10-originalInput1_20] - TypeError: unsupported operand type(s) for +=: 'NoneType' and 'float'
FAILED mutants/tests/cosineDistanceTest.py::test_cosineDistance_with_func[originalInput1_11-originalInput1_21] - TypeError: unsupported operand type(s) for +=: 'NoneType' and 'float'
FAILED mutants/tests/cosineDistanceTest.py::test_cosineDistance_with_func[originalInput1_12-originalInput1_22] - TypeError: unsupported operand type(s) for +=: 'NoneType' and 'float'
FAILED mutants/tests/cosineDistanceTest.py::test_cosineDistance_with_func[originalInput1_13-originalInput1_23] - TypeError: unsupported operand type(s) for +=: 'NoneType' and 'float'
FAILED mutants/tests/cosineDistanceTest.py::test_cosineDistance_with_func[originalInput1_14-originalInput1_24] - TypeError: unsupported operand type(s) for +=: 'NoneType' and 'float'
FAILED mutants/tests/cosineDistanceTest.py::test_cosineDistance_with_func[originalInput1_15-originalInput1_25] - TypeError: unsupported operand type(s) for +=: 'NoneType' and 'float'
FAILED mutants/tests/cosineDistanceTest.py::test_cosineDistance_with_func[originalInput1_16-originalInput1_26] - TypeError: unsupported operand type(s) for +=: 'NoneType' and 'float'
FAILED mutants/tests/cosineDistanceTest.py::test_cosineDistance_with_func[originalInput1_17-originalInput1_27] - TypeError: unsupported operand type(s) for +=: 'NoneType' and 'float'
FAILED mutants/tests/cosineDistanceTest.py::test_cosineDistance_with_func[originalInput1_18-originalInput1_28] - TypeError: unsupported operand type(s) for +=: 'NoneType' and 'float'
FAILED mutants/tests/cosineDistanceTest.py::test_cosineDistance_with_func[originalInput1_19-originalInput1_29] - TypeError: unsupported operand type(s) for +=: 'NoneType' and 'float'
10 failed, 1 warning in 0.12s
❌ x_cosineDistance__mutmut_1 存在失败 (退出码 1)

================================================================================
RUNNING cosineDistance.py :: x_cosineDistance__mutmut_10  -  2025-10-16T10:09:02.503383
================================================================================

>>> 当前使用的函数: x_cosineDistance__mutmut_10
函数源码如下：
def x_cosineDistance__mutmut_10(p1, p2):
    dotProduct = 0
    lengthSquaredp1 = 0
    lengthSquaredp2 = 0

    for i in range(0, ):
        lengthSquaredp1 += p1[i] * p1[i]
        lengthSquaredp2 += p2[i] * p2[i]
        dotProduct += p1[i] * p2[i]

    denominator = np.sqrt(lengthSquaredp1) * np.sqrt(lengthSquaredp2)

    if denominator < dotProduct:
        denominator = dotProduct

    if denominator == 0 and dotProduct == 0:
        return 0

    return 1 - dotProduct / denominator

..........
====================================================== warnings summary ======================================================
../../anaconda3/envs/mutmut39/lib/python3.9/site-packages/_pytest/config/__init__.py:1474
  /home/rts/anaconda3/envs/mutmut39/lib/python3.9/site-packages/_pytest/config/__init__.py:1474: PytestConfigWarning: Unknown config option: pytest -vv --tb
  
    self._warn_or_fail_if_strict(f"Unknown config option: {key}\n")

-- Docs: https://docs.pytest.org/en/stable/how-to/capture-warnings.html
10 passed, 1 warning in 0.01s
✅ x_cosineDistance__mutmut_10 所有测试通过

================================================================================
RUNNING cosineDistance.py :: x_cosineDistance__mutmut_11  -  2025-10-16T10:09:02.555493
================================================================================

>>> 当前使用的函数: x_cosineDistance__mutmut_11
函数源码如下：
def x_cosineDistance__mutmut_11(p1, p2):
    dotProduct = 0
    lengthSquaredp1 = 0
    lengthSquaredp2 = 0

    for i in range(1, len(p1)):
        lengthSquaredp1 += p1[i] * p1[i]
        lengthSquaredp2 += p2[i] * p2[i]
        dotProduct += p1[i] * p2[i]

    denominator = np.sqrt(lengthSquaredp1) * np.sqrt(lengthSquaredp2)

    if denominator < dotProduct:
        denominator = dotProduct

    if denominator == 0 and dotProduct == 0:
        return 0

    return 1 - dotProduct / denominator

FFFFFFFFFF
========================================================== FAILURES ==========================================================
_____________________________ test_cosineDistance_with_func[originalInput1_10-originalInput1_20] _____________________________

FAILURE: check bool(False): MR6 failed
mutants/tests/cosineDistanceTest.py:147 in test_cosineDistance_with_func() -> applyMR_Assert(originalInput1_1, originalInput1_2, originalResult)
mutants/tests/cosineDistanceTest.py:120 in applyMR_Assert() -> check.is_true(abs(originalResult - transformResult6) < delta, "MR6 failed")

------------------------------------------------------------
Failed Checks: 1
_____________________________ test_cosineDistance_with_func[originalInput1_11-originalInput1_21] _____________________________

FAILURE: check bool(False): MR6 failed
mutants/tests/cosineDistanceTest.py:147 in test_cosineDistance_with_func() -> applyMR_Assert(originalInput1_1, originalInput1_2, originalResult)
mutants/tests/cosineDistanceTest.py:120 in applyMR_Assert() -> check.is_true(abs(originalResult - transformResult6) < delta, "MR6 failed")

------------------------------------------------------------
Failed Checks: 1
_____________________________ test_cosineDistance_with_func[originalInput1_12-originalInput1_22] _____________________________

FAILURE: check bool(False): MR6 failed
mutants/tests/cosineDistanceTest.py:147 in test_cosineDistance_with_func() -> applyMR_Assert(originalInput1_1, originalInput1_2, originalResult)
mutants/tests/cosineDistanceTest.py:120 in applyMR_Assert() -> check.is_true(abs(originalResult - transformResult6) < delta, "MR6 failed")

------------------------------------------------------------
Failed Checks: 1
_____________________________ test_cosineDistance_with_func[originalInput1_13-originalInput1_23] _____________________________

FAILURE: check bool(False): MR6 failed
mutants/tests/cosineDistanceTest.py:147 in test_cosineDistance_with_func() -> applyMR_Assert(originalInput1_1, originalInput1_2, originalResult)
mutants/tests/cosineDistanceTest.py:120 in applyMR_Assert() -> check.is_true(abs(originalResult - transformResult6) < delta, "MR6 failed")

------------------------------------------------------------
Failed Checks: 1
_____________________________ test_cosineDistance_with_func[originalInput1_14-originalInput1_24] _____________________________

FAILURE: check bool(False): MR6 failed
mutants/tests/cosineDistanceTest.py:147 in test_cosineDistance_with_func() -> applyMR_Assert(originalInput1_1, originalInput1_2, originalResult)
mutants/tests/cosineDistanceTest.py:120 in applyMR_Assert() -> check.is_true(abs(originalResult - transformResult6) < delta, "MR6 failed")

------------------------------------------------------------
Failed Checks: 1
_____________________________ test_cosineDistance_with_func[originalInput1_15-originalInput1_25] _____________________________

FAILURE: check bool(False): MR6 failed
mutants/tests/cosineDistanceTest.py:147 in test_cosineDistance_with_func() -> applyMR_Assert(originalInput1_1, originalInput1_2, originalResult)
mutants/tests/cosineDistanceTest.py:120 in applyMR_Assert() -> check.is_true(abs(originalResult - transformResult6) < delta, "MR6 failed")

------------------------------------------------------------
Failed Checks: 1
_____________________________ test_cosineDistance_with_func[originalInput1_16-originalInput1_26] _____________________________

FAILURE: check bool(False): MR6 failed
mutants/tests/cosineDistanceTest.py:147 in test_cosineDistance_with_func() -> applyMR_Assert(originalInput1_1, originalInput1_2, originalResult)
mutants/tests/cosineDistanceTest.py:120 in applyMR_Assert() -> check.is_true(abs(originalResult - transformResult6) < delta, "MR6 failed")

------------------------------------------------------------
Failed Checks: 1
_____________________________ test_cosineDistance_with_func[originalInput1_17-originalInput1_27] _____________________________

FAILURE: check bool(False): MR6 failed
mutants/tests/cosineDistanceTest.py:147 in test_cosineDistance_with_func() -> applyMR_Assert(originalInput1_1, originalInput1_2, originalResult)
mutants/tests/cosineDistanceTest.py:120 in applyMR_Assert() -> check.is_true(abs(originalResult - transformResult6) < delta, "MR6 failed")

------------------------------------------------------------
Failed Checks: 1
_____________________________ test_cosineDistance_with_func[originalInput1_18-originalInput1_28] _____________________________

FAILURE: check bool(False): MR6 failed
mutants/tests/cosineDistanceTest.py:147 in test_cosineDistance_with_func() -> applyMR_Assert(originalInput1_1, originalInput1_2, originalResult)
mutants/tests/cosineDistanceTest.py:120 in applyMR_Assert() -> check.is_true(abs(originalResult - transformResult6) < delta, "MR6 failed")

------------------------------------------------------------
Failed Checks: 1
_____________________________ test_cosineDistance_with_func[originalInput1_19-originalInput1_29] _____________________________

FAILURE: check bool(False): MR6 failed
mutants/tests/cosineDistanceTest.py:147 in test_cosineDistance_with_func() -> applyMR_Assert(originalInput1_1, originalInput1_2, originalResult)
mutants/tests/cosineDistanceTest.py:120 in applyMR_Assert() -> check.is_true(abs(originalResult - transformResult6) < delta, "MR6 failed")

------------------------------------------------------------
Failed Checks: 1
====================================================== warnings summary ======================================================
../../anaconda3/envs/mutmut39/lib/python3.9/site-packages/_pytest/config/__init__.py:1474
  /home/rts/anaconda3/envs/mutmut39/lib/python3.9/site-packages/_pytest/config/__init__.py:1474: PytestConfigWarning: Unknown config option: pytest -vv --tb
  
    self._warn_or_fail_if_strict(f"Unknown config option: {key}\n")

-- Docs: https://docs.pytest.org/en/stable/how-to/capture-warnings.html
================================================== short test summary info ===================================================
FAILED mutants/tests/cosineDistanceTest.py::test_cosineDistance_with_func[originalInput1_10-originalInput1_20] - check bool(False): MR6 failed
FAILED mutants/tests/cosineDistanceTest.py::test_cosineDistance_with_func[originalInput1_11-originalInput1_21] - check bool(False): MR6 failed
FAILED mutants/tests/cosineDistanceTest.py::test_cosineDistance_with_func[originalInput1_12-originalInput1_22] - check bool(False): MR6 failed
FAILED mutants/tests/cosineDistanceTest.py::test_cosineDistance_with_func[originalInput1_13-originalInput1_23] - check bool(False): MR6 failed
FAILED mutants/tests/cosineDistanceTest.py::test_cosineDistance_with_func[originalInput1_14-originalInput1_24] - check bool(False): MR6 failed
FAILED mutants/tests/cosineDistanceTest.py::test_cosineDistance_with_func[originalInput1_15-originalInput1_25] - check bool(False): MR6 failed
FAILED mutants/tests/cosineDistanceTest.py::test_cosineDistance_with_func[originalInput1_16-originalInput1_26] - check bool(False): MR6 failed
FAILED mutants/tests/cosineDistanceTest.py::test_cosineDistance_with_func[originalInput1_17-originalInput1_27] - check bool(False): MR6 failed
FAILED mutants/tests/cosineDistanceTest.py::test_cosineDistance_with_func[originalInput1_18-originalInput1_28] - check bool(False): MR6 failed
FAILED mutants/tests/cosineDistanceTest.py::test_cosineDistance_with_func[originalInput1_19-originalInput1_29] - check bool(False): MR6 failed
10 failed, 1 warning in 0.02s
❌ x_cosineDistance__mutmut_11 存在失败 (退出码 1)

================================================================================
RUNNING cosineDistance.py :: x_cosineDistance__mutmut_12  -  2025-10-16T10:09:02.620871
================================================================================

>>> 当前使用的函数: x_cosineDistance__mutmut_12
函数源码如下：
def x_cosineDistance__mutmut_12(p1, p2):
    dotProduct = 0
    lengthSquaredp1 = 0
    lengthSquaredp2 = 0

    for i in range(0, len(p1)):
        lengthSquaredp1 = p1[i] * p1[i]
        lengthSquaredp2 += p2[i] * p2[i]
        dotProduct += p1[i] * p2[i]

    denominator = np.sqrt(lengthSquaredp1) * np.sqrt(lengthSquaredp2)

    if denominator < dotProduct:
        denominator = dotProduct

    if denominator == 0 and dotProduct == 0:
        return 0

    return 1 - dotProduct / denominator

F.F.FF.F..
========================================================== FAILURES ==========================================================
_____________________________ test_cosineDistance_with_func[originalInput1_10-originalInput1_20] _____________________________

FAILURE: check bool(False): MR3_1 failed
mutants/tests/cosineDistanceTest.py:147 in test_cosineDistance_with_func() -> applyMR_Assert(originalInput1_1, originalInput1_2, originalResult)
mutants/tests/cosineDistanceTest.py:118 in applyMR_Assert() -> check.is_true(abs(originalResult - transformResult3_1) < delta, "MR3_1 failed")

FAILURE: check bool(False): MR6 failed
------------------------------------------------------------
Failed Checks: 2
_____________________________ test_cosineDistance_with_func[originalInput1_12-originalInput1_22] _____________________________

FAILURE: check bool(False): MR3_1 failed
mutants/tests/cosineDistanceTest.py:147 in test_cosineDistance_with_func() -> applyMR_Assert(originalInput1_1, originalInput1_2, originalResult)
mutants/tests/cosineDistanceTest.py:118 in applyMR_Assert() -> check.is_true(abs(originalResult - transformResult3_1) < delta, "MR3_1 failed")

FAILURE: check bool(False): MR6 failed
------------------------------------------------------------
Failed Checks: 2
_____________________________ test_cosineDistance_with_func[originalInput1_14-originalInput1_24] _____________________________

FAILURE: check bool(False): MR3_1 failed
mutants/tests/cosineDistanceTest.py:147 in test_cosineDistance_with_func() -> applyMR_Assert(originalInput1_1, originalInput1_2, originalResult)
mutants/tests/cosineDistanceTest.py:118 in applyMR_Assert() -> check.is_true(abs(originalResult - transformResult3_1) < delta, "MR3_1 failed")

FAILURE: check bool(False): MR6 failed
------------------------------------------------------------
Failed Checks: 2
_____________________________ test_cosineDistance_with_func[originalInput1_15-originalInput1_25] _____________________________

FAILURE: check bool(False): MR3_1 failed
mutants/tests/cosineDistanceTest.py:147 in test_cosineDistance_with_func() -> applyMR_Assert(originalInput1_1, originalInput1_2, originalResult)
mutants/tests/cosineDistanceTest.py:118 in applyMR_Assert() -> check.is_true(abs(originalResult - transformResult3_1) < delta, "MR3_1 failed")

FAILURE: check bool(False): MR6 failed
------------------------------------------------------------
Failed Checks: 2
_____________________________ test_cosineDistance_with_func[originalInput1_17-originalInput1_27] _____________________________

FAILURE: check bool(False): MR3_1 failed
mutants/tests/cosineDistanceTest.py:147 in test_cosineDistance_with_func() -> applyMR_Assert(originalInput1_1, originalInput1_2, originalResult)
mutants/tests/cosineDistanceTest.py:118 in applyMR_Assert() -> check.is_true(abs(originalResult - transformResult3_1) < delta, "MR3_1 failed")

FAILURE: check bool(False): MR6 failed
------------------------------------------------------------
Failed Checks: 2
====================================================== warnings summary ======================================================
../../anaconda3/envs/mutmut39/lib/python3.9/site-packages/_pytest/config/__init__.py:1474
  /home/rts/anaconda3/envs/mutmut39/lib/python3.9/site-packages/_pytest/config/__init__.py:1474: PytestConfigWarning: Unknown config option: pytest -vv --tb
  
    self._warn_or_fail_if_strict(f"Unknown config option: {key}\n")

tests/cosineDistanceTest.py::test_cosineDistance_with_func[originalInput1_10-originalInput1_20]
tests/cosineDistanceTest.py::test_cosineDistance_with_func[originalInput1_12-originalInput1_22]
tests/cosineDistanceTest.py::test_cosineDistance_with_func[originalInput1_14-originalInput1_24]
tests/cosineDistanceTest.py::test_cosineDistance_with_func[originalInput1_15-originalInput1_25]
tests/cosineDistanceTest.py::test_cosineDistance_with_func[originalInput1_17-originalInput1_27]
  /home/rts/下载/Python_src/mutants/src/cosineDistance.py:306: RuntimeWarning: divide by zero encountered in scalar divide
    return 1 - dotProduct / denominator

-- Docs: https://docs.pytest.org/en/stable/how-to/capture-warnings.html
================================================== short test summary info ===================================================
FAILED mutants/tests/cosineDistanceTest.py::test_cosineDistance_with_func[originalInput1_10-originalInput1_20] - check bool(False): MR3_1 failed
FAILED mutants/tests/cosineDistanceTest.py::test_cosineDistance_with_func[originalInput1_12-originalInput1_22] - check bool(False): MR3_1 failed
FAILED mutants/tests/cosineDistanceTest.py::test_cosineDistance_with_func[originalInput1_14-originalInput1_24] - check bool(False): MR3_1 failed
FAILED mutants/tests/cosineDistanceTest.py::test_cosineDistance_with_func[originalInput1_15-originalInput1_25] - check bool(False): MR3_1 failed
FAILED mutants/tests/cosineDistanceTest.py::test_cosineDistance_with_func[originalInput1_17-originalInput1_27] - check bool(False): MR3_1 failed
5 failed, 5 passed, 6 warnings in 0.01s
❌ x_cosineDistance__mutmut_12 存在失败 (退出码 1)

================================================================================
RUNNING cosineDistance.py :: x_cosineDistance__mutmut_13  -  2025-10-16T10:09:02.676531
================================================================================

>>> 当前使用的函数: x_cosineDistance__mutmut_13
函数源码如下：
def x_cosineDistance__mutmut_13(p1, p2):
    dotProduct = 0
    lengthSquaredp1 = 0
    lengthSquaredp2 = 0

    for i in range(0, len(p1)):
        lengthSquaredp1 -= p1[i] * p1[i]
        lengthSquaredp2 += p2[i] * p2[i]
        dotProduct += p1[i] * p2[i]

    denominator = np.sqrt(lengthSquaredp1) * np.sqrt(lengthSquaredp2)

    if denominator < dotProduct:
        denominator = dotProduct

    if denominator == 0 and dotProduct == 0:
        return 0

    return 1 - dotProduct / denominator

FFFFFFFFFF
========================================================== FAILURES ==========================================================
_____________________________ test_cosineDistance_with_func[originalInput1_10-originalInput1_20] _____________________________

FAILURE: check bool(False): MR3_1 failed
mutants/tests/cosineDistanceTest.py:147 in test_cosineDistance_with_func() -> applyMR_Assert(originalInput1_1, originalInput1_2, originalResult)
mutants/tests/cosineDistanceTest.py:118 in applyMR_Assert() -> check.is_true(abs(originalResult - transformResult3_1) < delta, "MR3_1 failed")

FAILURE: check bool(False): MR6 failed
FAILURE: check bool(False): MR7_1 failed
FAILURE: check bool(False): MR7_2 failed
FAILURE: check bool(False): MR12 failed
FAILURE: check bool(False): MR22 failed
------------------------------------------------------------
Failed Checks: 6
_____________________________ test_cosineDistance_with_func[originalInput1_11-originalInput1_21] _____________________________

FAILURE: check bool(False): MR3_1 failed
mutants/tests/cosineDistanceTest.py:147 in test_cosineDistance_with_func() -> applyMR_Assert(originalInput1_1, originalInput1_2, originalResult)
mutants/tests/cosineDistanceTest.py:118 in applyMR_Assert() -> check.is_true(abs(originalResult - transformResult3_1) < delta, "MR3_1 failed")

FAILURE: check bool(False): MR6 failed
FAILURE: check bool(False): MR7_1 failed
FAILURE: check bool(False): MR7_2 failed
FAILURE: check bool(False): MR12 failed
FAILURE: check bool(False): MR22 failed
------------------------------------------------------------
Failed Checks: 6
_____________________________ test_cosineDistance_with_func[originalInput1_12-originalInput1_22] _____________________________

FAILURE: check bool(False): MR3_1 failed
mutants/tests/cosineDistanceTest.py:147 in test_cosineDistance_with_func() -> applyMR_Assert(originalInput1_1, originalInput1_2, originalResult)
mutants/tests/cosineDistanceTest.py:118 in applyMR_Assert() -> check.is_true(abs(originalResult - transformResult3_1) < delta, "MR3_1 failed")

FAILURE: check bool(False): MR6 failed
FAILURE: check bool(False): MR7_1 failed
FAILURE: check bool(False): MR7_2 failed
FAILURE: check bool(False): MR12 failed
FAILURE: check bool(False): MR22 failed
------------------------------------------------------------
Failed Checks: 6
_____________________________ test_cosineDistance_with_func[originalInput1_13-originalInput1_23] _____________________________

FAILURE: check bool(False): MR3_1 failed
mutants/tests/cosineDistanceTest.py:147 in test_cosineDistance_with_func() -> applyMR_Assert(originalInput1_1, originalInput1_2, originalResult)
mutants/tests/cosineDistanceTest.py:118 in applyMR_Assert() -> check.is_true(abs(originalResult - transformResult3_1) < delta, "MR3_1 failed")

FAILURE: check bool(False): MR6 failed
FAILURE: check bool(False): MR7_1 failed
FAILURE: check bool(False): MR7_2 failed
FAILURE: check bool(False): MR12 failed
FAILURE: check bool(False): MR22 failed
------------------------------------------------------------
Failed Checks: 6
_____________________________ test_cosineDistance_with_func[originalInput1_14-originalInput1_24] _____________________________

FAILURE: check bool(False): MR3_1 failed
mutants/tests/cosineDistanceTest.py:147 in test_cosineDistance_with_func() -> applyMR_Assert(originalInput1_1, originalInput1_2, originalResult)
mutants/tests/cosineDistanceTest.py:118 in applyMR_Assert() -> check.is_true(abs(originalResult - transformResult3_1) < delta, "MR3_1 failed")

FAILURE: check bool(False): MR6 failed
FAILURE: check bool(False): MR7_1 failed
FAILURE: check bool(False): MR7_2 failed
FAILURE: check bool(False): MR12 failed
FAILURE: check bool(False): MR22 failed
------------------------------------------------------------
Failed Checks: 6
_____________________________ test_cosineDistance_with_func[originalInput1_15-originalInput1_25] _____________________________

FAILURE: check bool(False): MR3_1 failed
mutants/tests/cosineDistanceTest.py:147 in test_cosineDistance_with_func() -> applyMR_Assert(originalInput1_1, originalInput1_2, originalResult)
mutants/tests/cosineDistanceTest.py:118 in applyMR_Assert() -> check.is_true(abs(originalResult - transformResult3_1) < delta, "MR3_1 failed")

FAILURE: check bool(False): MR6 failed
FAILURE: check bool(False): MR7_1 failed
FAILURE: check bool(False): MR7_2 failed
FAILURE: check bool(False): MR12 failed
FAILURE: check bool(False): MR22 failed
------------------------------------------------------------
Failed Checks: 6
_____________________________ test_cosineDistance_with_func[originalInput1_16-originalInput1_26] _____________________________

FAILURE: check bool(False): MR3_1 failed
mutants/tests/cosineDistanceTest.py:147 in test_cosineDistance_with_func() -> applyMR_Assert(originalInput1_1, originalInput1_2, originalResult)
mutants/tests/cosineDistanceTest.py:118 in applyMR_Assert() -> check.is_true(abs(originalResult - transformResult3_1) < delta, "MR3_1 failed")

FAILURE: check bool(False): MR6 failed
FAILURE: check bool(False): MR7_1 failed
FAILURE: check bool(False): MR7_2 failed
FAILURE: check bool(False): MR12 failed
FAILURE: check bool(False): MR22 failed
------------------------------------------------------------
Failed Checks: 6
_____________________________ test_cosineDistance_with_func[originalInput1_17-originalInput1_27] _____________________________

FAILURE: check bool(False): MR3_1 failed
mutants/tests/cosineDistanceTest.py:147 in test_cosineDistance_with_func() -> applyMR_Assert(originalInput1_1, originalInput1_2, originalResult)
mutants/tests/cosineDistanceTest.py:118 in applyMR_Assert() -> check.is_true(abs(originalResult - transformResult3_1) < delta, "MR3_1 failed")

FAILURE: check bool(False): MR6 failed
FAILURE: check bool(False): MR7_1 failed
FAILURE: check bool(False): MR7_2 failed
FAILURE: check bool(False): MR12 failed
FAILURE: check bool(False): MR22 failed
------------------------------------------------------------
Failed Checks: 6
_____________________________ test_cosineDistance_with_func[originalInput1_18-originalInput1_28] _____________________________

FAILURE: check bool(False): MR3_1 failed
mutants/tests/cosineDistanceTest.py:147 in test_cosineDistance_with_func() -> applyMR_Assert(originalInput1_1, originalInput1_2, originalResult)
mutants/tests/cosineDistanceTest.py:118 in applyMR_Assert() -> check.is_true(abs(originalResult - transformResult3_1) < delta, "MR3_1 failed")

FAILURE: check bool(False): MR6 failed
FAILURE: check bool(False): MR7_1 failed
FAILURE: check bool(False): MR7_2 failed
FAILURE: check bool(False): MR12 failed
FAILURE: check bool(False): MR22 failed
------------------------------------------------------------
Failed Checks: 6
_____________________________ test_cosineDistance_with_func[originalInput1_19-originalInput1_29] _____________________________

FAILURE: check bool(False): MR3_1 failed
mutants/tests/cosineDistanceTest.py:147 in test_cosineDistance_with_func() -> applyMR_Assert(originalInput1_1, originalInput1_2, originalResult)
mutants/tests/cosineDistanceTest.py:118 in applyMR_Assert() -> check.is_true(abs(originalResult - transformResult3_1) < delta, "MR3_1 failed")

FAILURE: check bool(False): MR6 failed
FAILURE: check bool(False): MR7_1 failed
FAILURE: check bool(False): MR7_2 failed
FAILURE: check bool(False): MR12 failed
FAILURE: check bool(False): MR22 failed
------------------------------------------------------------
Failed Checks: 6
====================================================== warnings summary ======================================================
../../anaconda3/envs/mutmut39/lib/python3.9/site-packages/_pytest/config/__init__.py:1474
  /home/rts/anaconda3/envs/mutmut39/lib/python3.9/site-packages/_pytest/config/__init__.py:1474: PytestConfigWarning: Unknown config option: pytest -vv --tb
  
    self._warn_or_fail_if_strict(f"Unknown config option: {key}\n")

tests/cosineDistanceTest.py: 10 warnings
  /home/rts/下载/Python_src/mutants/src/cosineDistance.py:319: RuntimeWarning: invalid value encountered in sqrt
    denominator = np.sqrt(lengthSquaredp1) * np.sqrt(lengthSquaredp2)

-- Docs: https://docs.pytest.org/en/stable/how-to/capture-warnings.html
================================================== short test summary info ===================================================
FAILED mutants/tests/cosineDistanceTest.py::test_cosineDistance_with_func[originalInput1_10-originalInput1_20] - check bool(False): MR3_1 failed
FAILED mutants/tests/cosineDistanceTest.py::test_cosineDistance_with_func[originalInput1_11-originalInput1_21] - check bool(False): MR3_1 failed
FAILED mutants/tests/cosineDistanceTest.py::test_cosineDistance_with_func[originalInput1_12-originalInput1_22] - check bool(False): MR3_1 failed
FAILED mutants/tests/cosineDistanceTest.py::test_cosineDistance_with_func[originalInput1_13-originalInput1_23] - check bool(False): MR3_1 failed
FAILED mutants/tests/cosineDistanceTest.py::test_cosineDistance_with_func[originalInput1_14-originalInput1_24] - check bool(False): MR3_1 failed
FAILED mutants/tests/cosineDistanceTest.py::test_cosineDistance_with_func[originalInput1_15-originalInput1_25] - check bool(False): MR3_1 failed
FAILED mutants/tests/cosineDistanceTest.py::test_cosineDistance_with_func[originalInput1_16-originalInput1_26] - check bool(False): MR3_1 failed
FAILED mutants/tests/cosineDistanceTest.py::test_cosineDistance_with_func[originalInput1_17-originalInput1_27] - check bool(False): MR3_1 failed
FAILED mutants/tests/cosineDistanceTest.py::test_cosineDistance_with_func[originalInput1_18-originalInput1_28] - check bool(False): MR3_1 failed
FAILED mutants/tests/cosineDistanceTest.py::test_cosineDistance_with_func[originalInput1_19-originalInput1_29] - check bool(False): MR3_1 failed
10 failed, 11 warnings in 0.02s
❌ x_cosineDistance__mutmut_13 存在失败 (退出码 1)

================================================================================
RUNNING cosineDistance.py :: x_cosineDistance__mutmut_14  -  2025-10-16T10:09:02.737478
================================================================================

>>> 当前使用的函数: x_cosineDistance__mutmut_14
函数源码如下：
def x_cosineDistance__mutmut_14(p1, p2):
    dotProduct = 0
    lengthSquaredp1 = 0
    lengthSquaredp2 = 0

    for i in range(0, len(p1)):
        lengthSquaredp1 += p1[i] / p1[i]
        lengthSquaredp2 += p2[i] * p2[i]
        dotProduct += p1[i] * p2[i]

    denominator = np.sqrt(lengthSquaredp1) * np.sqrt(lengthSquaredp2)

    if denominator < dotProduct:
        denominator = dotProduct

    if denominator == 0 and dotProduct == 0:
        return 0

    return 1 - dotProduct / denominator

FFFFFFFFFF
========================================================== FAILURES ==========================================================
_____________________________ test_cosineDistance_with_func[originalInput1_10-originalInput1_20] _____________________________
mutants/tests/cosineDistanceTest.py:147: in test_cosineDistance_with_func
    applyMR_Assert(originalInput1_1, originalInput1_2, originalResult)
mutants/tests/cosineDistanceTest.py:23: in applyMR_Assert
    transformResult3_1 = func(transformInput3_1, transformInput3_2)
mutants/src/cosineDistance.py:336: in x_cosineDistance__mutmut_14
    lengthSquaredp1 += p1[i] / p1[i]
E   ZeroDivisionError: float division by zero
_____________________________ test_cosineDistance_with_func[originalInput1_11-originalInput1_21] _____________________________
mutants/tests/cosineDistanceTest.py:147: in test_cosineDistance_with_func
    applyMR_Assert(originalInput1_1, originalInput1_2, originalResult)
mutants/tests/cosineDistanceTest.py:23: in applyMR_Assert
    transformResult3_1 = func(transformInput3_1, transformInput3_2)
mutants/src/cosineDistance.py:336: in x_cosineDistance__mutmut_14
    lengthSquaredp1 += p1[i] / p1[i]
E   ZeroDivisionError: float division by zero
_____________________________ test_cosineDistance_with_func[originalInput1_12-originalInput1_22] _____________________________
mutants/tests/cosineDistanceTest.py:147: in test_cosineDistance_with_func
    applyMR_Assert(originalInput1_1, originalInput1_2, originalResult)
mutants/tests/cosineDistanceTest.py:23: in applyMR_Assert
    transformResult3_1 = func(transformInput3_1, transformInput3_2)
mutants/src/cosineDistance.py:336: in x_cosineDistance__mutmut_14
    lengthSquaredp1 += p1[i] / p1[i]
E   ZeroDivisionError: float division by zero
_____________________________ test_cosineDistance_with_func[originalInput1_13-originalInput1_23] _____________________________
mutants/tests/cosineDistanceTest.py:147: in test_cosineDistance_with_func
    applyMR_Assert(originalInput1_1, originalInput1_2, originalResult)
mutants/tests/cosineDistanceTest.py:23: in applyMR_Assert
    transformResult3_1 = func(transformInput3_1, transformInput3_2)
mutants/src/cosineDistance.py:336: in x_cosineDistance__mutmut_14
    lengthSquaredp1 += p1[i] / p1[i]
E   ZeroDivisionError: float division by zero
_____________________________ test_cosineDistance_with_func[originalInput1_14-originalInput1_24] _____________________________
mutants/tests/cosineDistanceTest.py:147: in test_cosineDistance_with_func
    applyMR_Assert(originalInput1_1, originalInput1_2, originalResult)
mutants/tests/cosineDistanceTest.py:23: in applyMR_Assert
    transformResult3_1 = func(transformInput3_1, transformInput3_2)
mutants/src/cosineDistance.py:336: in x_cosineDistance__mutmut_14
    lengthSquaredp1 += p1[i] / p1[i]
E   ZeroDivisionError: float division by zero
_____________________________ test_cosineDistance_with_func[originalInput1_15-originalInput1_25] _____________________________
mutants/tests/cosineDistanceTest.py:147: in test_cosineDistance_with_func
    applyMR_Assert(originalInput1_1, originalInput1_2, originalResult)
mutants/tests/cosineDistanceTest.py:23: in applyMR_Assert
    transformResult3_1 = func(transformInput3_1, transformInput3_2)
mutants/src/cosineDistance.py:336: in x_cosineDistance__mutmut_14
    lengthSquaredp1 += p1[i] / p1[i]
E   ZeroDivisionError: float division by zero
_____________________________ test_cosineDistance_with_func[originalInput1_16-originalInput1_26] _____________________________
mutants/tests/cosineDistanceTest.py:147: in test_cosineDistance_with_func
    applyMR_Assert(originalInput1_1, originalInput1_2, originalResult)
mutants/tests/cosineDistanceTest.py:23: in applyMR_Assert
    transformResult3_1 = func(transformInput3_1, transformInput3_2)
mutants/src/cosineDistance.py:336: in x_cosineDistance__mutmut_14
    lengthSquaredp1 += p1[i] / p1[i]
E   ZeroDivisionError: float division by zero
_____________________________ test_cosineDistance_with_func[originalInput1_17-originalInput1_27] _____________________________
mutants/tests/cosineDistanceTest.py:147: in test_cosineDistance_with_func
    applyMR_Assert(originalInput1_1, originalInput1_2, originalResult)
mutants/tests/cosineDistanceTest.py:23: in applyMR_Assert
    transformResult3_1 = func(transformInput3_1, transformInput3_2)
mutants/src/cosineDistance.py:336: in x_cosineDistance__mutmut_14
    lengthSquaredp1 += p1[i] / p1[i]
E   ZeroDivisionError: float division by zero
_____________________________ test_cosineDistance_with_func[originalInput1_18-originalInput1_28] _____________________________
mutants/tests/cosineDistanceTest.py:147: in test_cosineDistance_with_func
    applyMR_Assert(originalInput1_1, originalInput1_2, originalResult)
mutants/tests/cosineDistanceTest.py:23: in applyMR_Assert
    transformResult3_1 = func(transformInput3_1, transformInput3_2)
mutants/src/cosineDistance.py:336: in x_cosineDistance__mutmut_14
    lengthSquaredp1 += p1[i] / p1[i]
E   ZeroDivisionError: float division by zero
_____________________________ test_cosineDistance_with_func[originalInput1_19-originalInput1_29] _____________________________
mutants/tests/cosineDistanceTest.py:147: in test_cosineDistance_with_func
    applyMR_Assert(originalInput1_1, originalInput1_2, originalResult)
mutants/tests/cosineDistanceTest.py:23: in applyMR_Assert
    transformResult3_1 = func(transformInput3_1, transformInput3_2)
mutants/src/cosineDistance.py:336: in x_cosineDistance__mutmut_14
    lengthSquaredp1 += p1[i] / p1[i]
E   ZeroDivisionError: float division by zero
====================================================== warnings summary ======================================================
../../anaconda3/envs/mutmut39/lib/python3.9/site-packages/_pytest/config/__init__.py:1474
  /home/rts/anaconda3/envs/mutmut39/lib/python3.9/site-packages/_pytest/config/__init__.py:1474: PytestConfigWarning: Unknown config option: pytest -vv --tb
  
    self._warn_or_fail_if_strict(f"Unknown config option: {key}\n")

-- Docs: https://docs.pytest.org/en/stable/how-to/capture-warnings.html
================================================== short test summary info ===================================================
FAILED mutants/tests/cosineDistanceTest.py::test_cosineDistance_with_func[originalInput1_10-originalInput1_20] - ZeroDivisionError: float division by zero
FAILED mutants/tests/cosineDistanceTest.py::test_cosineDistance_with_func[originalInput1_11-originalInput1_21] - ZeroDivisionError: float division by zero
FAILED mutants/tests/cosineDistanceTest.py::test_cosineDistance_with_func[originalInput1_12-originalInput1_22] - ZeroDivisionError: float division by zero
FAILED mutants/tests/cosineDistanceTest.py::test_cosineDistance_with_func[originalInput1_13-originalInput1_23] - ZeroDivisionError: float division by zero
FAILED mutants/tests/cosineDistanceTest.py::test_cosineDistance_with_func[originalInput1_14-originalInput1_24] - ZeroDivisionError: float division by zero
FAILED mutants/tests/cosineDistanceTest.py::test_cosineDistance_with_func[originalInput1_15-originalInput1_25] - ZeroDivisionError: float division by zero
FAILED mutants/tests/cosineDistanceTest.py::test_cosineDistance_with_func[originalInput1_16-originalInput1_26] - ZeroDivisionError: float division by zero
FAILED mutants/tests/cosineDistanceTest.py::test_cosineDistance_with_func[originalInput1_17-originalInput1_27] - ZeroDivisionError: float division by zero
FAILED mutants/tests/cosineDistanceTest.py::test_cosineDistance_with_func[originalInput1_18-originalInput1_28] - ZeroDivisionError: float division by zero
FAILED mutants/tests/cosineDistanceTest.py::test_cosineDistance_with_func[originalInput1_19-originalInput1_29] - ZeroDivisionError: float division by zero
10 failed, 1 warning in 0.11s
❌ x_cosineDistance__mutmut_14 存在失败 (退出码 1)

================================================================================
RUNNING cosineDistance.py :: x_cosineDistance__mutmut_15  -  2025-10-16T10:09:02.886131
================================================================================

>>> 当前使用的函数: x_cosineDistance__mutmut_15
函数源码如下：
def x_cosineDistance__mutmut_15(p1, p2):
    dotProduct = 0
    lengthSquaredp1 = 0
    lengthSquaredp2 = 0

    for i in range(0, len(p1)):
        lengthSquaredp1 += p1[i] * p1[i]
        lengthSquaredp2 = p2[i] * p2[i]
        dotProduct += p1[i] * p2[i]

    denominator = np.sqrt(lengthSquaredp1) * np.sqrt(lengthSquaredp2)

    if denominator < dotProduct:
        denominator = dotProduct

    if denominator == 0 and dotProduct == 0:
        return 0

    return 1 - dotProduct / denominator

F.F.FF.F..
========================================================== FAILURES ==========================================================
_____________________________ test_cosineDistance_with_func[originalInput1_10-originalInput1_20] _____________________________

FAILURE: check bool(False): MR3_1 failed
mutants/tests/cosineDistanceTest.py:147 in test_cosineDistance_with_func() -> applyMR_Assert(originalInput1_1, originalInput1_2, originalResult)
mutants/tests/cosineDistanceTest.py:118 in applyMR_Assert() -> check.is_true(abs(originalResult - transformResult3_1) < delta, "MR3_1 failed")

FAILURE: check bool(False): MR6 failed
------------------------------------------------------------
Failed Checks: 2
_____________________________ test_cosineDistance_with_func[originalInput1_12-originalInput1_22] _____________________________

FAILURE: check bool(False): MR3_1 failed
mutants/tests/cosineDistanceTest.py:147 in test_cosineDistance_with_func() -> applyMR_Assert(originalInput1_1, originalInput1_2, originalResult)
mutants/tests/cosineDistanceTest.py:118 in applyMR_Assert() -> check.is_true(abs(originalResult - transformResult3_1) < delta, "MR3_1 failed")

FAILURE: check bool(False): MR6 failed
------------------------------------------------------------
Failed Checks: 2
_____________________________ test_cosineDistance_with_func[originalInput1_14-originalInput1_24] _____________________________

FAILURE: check bool(False): MR3_1 failed
mutants/tests/cosineDistanceTest.py:147 in test_cosineDistance_with_func() -> applyMR_Assert(originalInput1_1, originalInput1_2, originalResult)
mutants/tests/cosineDistanceTest.py:118 in applyMR_Assert() -> check.is_true(abs(originalResult - transformResult3_1) < delta, "MR3_1 failed")

FAILURE: check bool(False): MR6 failed
------------------------------------------------------------
Failed Checks: 2
_____________________________ test_cosineDistance_with_func[originalInput1_15-originalInput1_25] _____________________________

FAILURE: check bool(False): MR3_1 failed
mutants/tests/cosineDistanceTest.py:147 in test_cosineDistance_with_func() -> applyMR_Assert(originalInput1_1, originalInput1_2, originalResult)
mutants/tests/cosineDistanceTest.py:118 in applyMR_Assert() -> check.is_true(abs(originalResult - transformResult3_1) < delta, "MR3_1 failed")

FAILURE: check bool(False): MR6 failed
------------------------------------------------------------
Failed Checks: 2
_____________________________ test_cosineDistance_with_func[originalInput1_17-originalInput1_27] _____________________________

FAILURE: check bool(False): MR3_1 failed
mutants/tests/cosineDistanceTest.py:147 in test_cosineDistance_with_func() -> applyMR_Assert(originalInput1_1, originalInput1_2, originalResult)
mutants/tests/cosineDistanceTest.py:118 in applyMR_Assert() -> check.is_true(abs(originalResult - transformResult3_1) < delta, "MR3_1 failed")

FAILURE: check bool(False): MR6 failed
------------------------------------------------------------
Failed Checks: 2
====================================================== warnings summary ======================================================
../../anaconda3/envs/mutmut39/lib/python3.9/site-packages/_pytest/config/__init__.py:1474
  /home/rts/anaconda3/envs/mutmut39/lib/python3.9/site-packages/_pytest/config/__init__.py:1474: PytestConfigWarning: Unknown config option: pytest -vv --tb
  
    self._warn_or_fail_if_strict(f"Unknown config option: {key}\n")

tests/cosineDistanceTest.py::test_cosineDistance_with_func[originalInput1_10-originalInput1_20]
tests/cosineDistanceTest.py::test_cosineDistance_with_func[originalInput1_12-originalInput1_22]
tests/cosineDistanceTest.py::test_cosineDistance_with_func[originalInput1_14-originalInput1_24]
tests/cosineDistanceTest.py::test_cosineDistance_with_func[originalInput1_15-originalInput1_25]
tests/cosineDistanceTest.py::test_cosineDistance_with_func[originalInput1_17-originalInput1_27]
  /home/rts/下载/Python_src/mutants/src/cosineDistance.py:369: RuntimeWarning: divide by zero encountered in scalar divide
    return 1 - dotProduct / denominator

-- Docs: https://docs.pytest.org/en/stable/how-to/capture-warnings.html
================================================== short test summary info ===================================================
FAILED mutants/tests/cosineDistanceTest.py::test_cosineDistance_with_func[originalInput1_10-originalInput1_20] - check bool(False): MR3_1 failed
FAILED mutants/tests/cosineDistanceTest.py::test_cosineDistance_with_func[originalInput1_12-originalInput1_22] - check bool(False): MR3_1 failed
FAILED mutants/tests/cosineDistanceTest.py::test_cosineDistance_with_func[originalInput1_14-originalInput1_24] - check bool(False): MR3_1 failed
FAILED mutants/tests/cosineDistanceTest.py::test_cosineDistance_with_func[originalInput1_15-originalInput1_25] - check bool(False): MR3_1 failed
FAILED mutants/tests/cosineDistanceTest.py::test_cosineDistance_with_func[originalInput1_17-originalInput1_27] - check bool(False): MR3_1 failed
5 failed, 5 passed, 6 warnings in 0.01s
❌ x_cosineDistance__mutmut_15 存在失败 (退出码 1)

================================================================================
RUNNING cosineDistance.py :: x_cosineDistance__mutmut_16  -  2025-10-16T10:09:02.944072
================================================================================

>>> 当前使用的函数: x_cosineDistance__mutmut_16
函数源码如下：
def x_cosineDistance__mutmut_16(p1, p2):
    dotProduct = 0
    lengthSquaredp1 = 0
    lengthSquaredp2 = 0

    for i in range(0, len(p1)):
        lengthSquaredp1 += p1[i] * p1[i]
        lengthSquaredp2 -= p2[i] * p2[i]
        dotProduct += p1[i] * p2[i]

    denominator = np.sqrt(lengthSquaredp1) * np.sqrt(lengthSquaredp2)

    if denominator < dotProduct:
        denominator = dotProduct

    if denominator == 0 and dotProduct == 0:
        return 0

    return 1 - dotProduct / denominator

FFFFFFFFFF
========================================================== FAILURES ==========================================================
_____________________________ test_cosineDistance_with_func[originalInput1_10-originalInput1_20] _____________________________

FAILURE: check bool(False): MR3_1 failed
mutants/tests/cosineDistanceTest.py:147 in test_cosineDistance_with_func() -> applyMR_Assert(originalInput1_1, originalInput1_2, originalResult)
mutants/tests/cosineDistanceTest.py:118 in applyMR_Assert() -> check.is_true(abs(originalResult - transformResult3_1) < delta, "MR3_1 failed")

FAILURE: check bool(False): MR6 failed
FAILURE: check bool(False): MR7_1 failed
FAILURE: check bool(False): MR7_2 failed
FAILURE: check bool(False): MR12 failed
FAILURE: check bool(False): MR22 failed
------------------------------------------------------------
Failed Checks: 6
_____________________________ test_cosineDistance_with_func[originalInput1_11-originalInput1_21] _____________________________

FAILURE: check bool(False): MR3_1 failed
mutants/tests/cosineDistanceTest.py:147 in test_cosineDistance_with_func() -> applyMR_Assert(originalInput1_1, originalInput1_2, originalResult)
mutants/tests/cosineDistanceTest.py:118 in applyMR_Assert() -> check.is_true(abs(originalResult - transformResult3_1) < delta, "MR3_1 failed")

FAILURE: check bool(False): MR6 failed
FAILURE: check bool(False): MR7_1 failed
FAILURE: check bool(False): MR7_2 failed
FAILURE: check bool(False): MR12 failed
FAILURE: check bool(False): MR22 failed
------------------------------------------------------------
Failed Checks: 6
_____________________________ test_cosineDistance_with_func[originalInput1_12-originalInput1_22] _____________________________

FAILURE: check bool(False): MR3_1 failed
mutants/tests/cosineDistanceTest.py:147 in test_cosineDistance_with_func() -> applyMR_Assert(originalInput1_1, originalInput1_2, originalResult)
mutants/tests/cosineDistanceTest.py:118 in applyMR_Assert() -> check.is_true(abs(originalResult - transformResult3_1) < delta, "MR3_1 failed")

FAILURE: check bool(False): MR6 failed
FAILURE: check bool(False): MR7_1 failed
FAILURE: check bool(False): MR7_2 failed
FAILURE: check bool(False): MR12 failed
FAILURE: check bool(False): MR22 failed
------------------------------------------------------------
Failed Checks: 6
_____________________________ test_cosineDistance_with_func[originalInput1_13-originalInput1_23] _____________________________

FAILURE: check bool(False): MR3_1 failed
mutants/tests/cosineDistanceTest.py:147 in test_cosineDistance_with_func() -> applyMR_Assert(originalInput1_1, originalInput1_2, originalResult)
mutants/tests/cosineDistanceTest.py:118 in applyMR_Assert() -> check.is_true(abs(originalResult - transformResult3_1) < delta, "MR3_1 failed")

FAILURE: check bool(False): MR6 failed
FAILURE: check bool(False): MR7_1 failed
FAILURE: check bool(False): MR7_2 failed
FAILURE: check bool(False): MR12 failed
FAILURE: check bool(False): MR22 failed
------------------------------------------------------------
Failed Checks: 6
_____________________________ test_cosineDistance_with_func[originalInput1_14-originalInput1_24] _____________________________

FAILURE: check bool(False): MR3_1 failed
mutants/tests/cosineDistanceTest.py:147 in test_cosineDistance_with_func() -> applyMR_Assert(originalInput1_1, originalInput1_2, originalResult)
mutants/tests/cosineDistanceTest.py:118 in applyMR_Assert() -> check.is_true(abs(originalResult - transformResult3_1) < delta, "MR3_1 failed")

FAILURE: check bool(False): MR6 failed
FAILURE: check bool(False): MR7_1 failed
FAILURE: check bool(False): MR7_2 failed
FAILURE: check bool(False): MR12 failed
FAILURE: check bool(False): MR22 failed
------------------------------------------------------------
Failed Checks: 6
_____________________________ test_cosineDistance_with_func[originalInput1_15-originalInput1_25] _____________________________

FAILURE: check bool(False): MR3_1 failed
mutants/tests/cosineDistanceTest.py:147 in test_cosineDistance_with_func() -> applyMR_Assert(originalInput1_1, originalInput1_2, originalResult)
mutants/tests/cosineDistanceTest.py:118 in applyMR_Assert() -> check.is_true(abs(originalResult - transformResult3_1) < delta, "MR3_1 failed")

FAILURE: check bool(False): MR6 failed
FAILURE: check bool(False): MR7_1 failed
FAILURE: check bool(False): MR7_2 failed
FAILURE: check bool(False): MR12 failed
FAILURE: check bool(False): MR22 failed
------------------------------------------------------------
Failed Checks: 6
_____________________________ test_cosineDistance_with_func[originalInput1_16-originalInput1_26] _____________________________

FAILURE: check bool(False): MR3_1 failed
mutants/tests/cosineDistanceTest.py:147 in test_cosineDistance_with_func() -> applyMR_Assert(originalInput1_1, originalInput1_2, originalResult)
mutants/tests/cosineDistanceTest.py:118 in applyMR_Assert() -> check.is_true(abs(originalResult - transformResult3_1) < delta, "MR3_1 failed")

FAILURE: check bool(False): MR6 failed
FAILURE: check bool(False): MR7_1 failed
FAILURE: check bool(False): MR7_2 failed
FAILURE: check bool(False): MR12 failed
FAILURE: check bool(False): MR22 failed
------------------------------------------------------------
Failed Checks: 6
_____________________________ test_cosineDistance_with_func[originalInput1_17-originalInput1_27] _____________________________

FAILURE: check bool(False): MR3_1 failed
mutants/tests/cosineDistanceTest.py:147 in test_cosineDistance_with_func() -> applyMR_Assert(originalInput1_1, originalInput1_2, originalResult)
mutants/tests/cosineDistanceTest.py:118 in applyMR_Assert() -> check.is_true(abs(originalResult - transformResult3_1) < delta, "MR3_1 failed")

FAILURE: check bool(False): MR6 failed
FAILURE: check bool(False): MR7_1 failed
FAILURE: check bool(False): MR7_2 failed
FAILURE: check bool(False): MR12 failed
FAILURE: check bool(False): MR22 failed
------------------------------------------------------------
Failed Checks: 6
_____________________________ test_cosineDistance_with_func[originalInput1_18-originalInput1_28] _____________________________

FAILURE: check bool(False): MR3_1 failed
mutants/tests/cosineDistanceTest.py:147 in test_cosineDistance_with_func() -> applyMR_Assert(originalInput1_1, originalInput1_2, originalResult)
mutants/tests/cosineDistanceTest.py:118 in applyMR_Assert() -> check.is_true(abs(originalResult - transformResult3_1) < delta, "MR3_1 failed")

FAILURE: check bool(False): MR6 failed
FAILURE: check bool(False): MR7_1 failed
FAILURE: check bool(False): MR7_2 failed
FAILURE: check bool(False): MR12 failed
FAILURE: check bool(False): MR22 failed
------------------------------------------------------------
Failed Checks: 6
_____________________________ test_cosineDistance_with_func[originalInput1_19-originalInput1_29] _____________________________

FAILURE: check bool(False): MR3_1 failed
mutants/tests/cosineDistanceTest.py:147 in test_cosineDistance_with_func() -> applyMR_Assert(originalInput1_1, originalInput1_2, originalResult)
mutants/tests/cosineDistanceTest.py:118 in applyMR_Assert() -> check.is_true(abs(originalResult - transformResult3_1) < delta, "MR3_1 failed")

FAILURE: check bool(False): MR6 failed
FAILURE: check bool(False): MR7_1 failed
FAILURE: check bool(False): MR7_2 failed
FAILURE: check bool(False): MR12 failed
FAILURE: check bool(False): MR22 failed
------------------------------------------------------------
Failed Checks: 6
====================================================== warnings summary ======================================================
../../anaconda3/envs/mutmut39/lib/python3.9/site-packages/_pytest/config/__init__.py:1474
  /home/rts/anaconda3/envs/mutmut39/lib/python3.9/site-packages/_pytest/config/__init__.py:1474: PytestConfigWarning: Unknown config option: pytest -vv --tb
  
    self._warn_or_fail_if_strict(f"Unknown config option: {key}\n")

tests/cosineDistanceTest.py: 10 warnings
  /home/rts/下载/Python_src/mutants/src/cosineDistance.py:382: RuntimeWarning: invalid value encountered in sqrt
    denominator = np.sqrt(lengthSquaredp1) * np.sqrt(lengthSquaredp2)

-- Docs: https://docs.pytest.org/en/stable/how-to/capture-warnings.html
================================================== short test summary info ===================================================
FAILED mutants/tests/cosineDistanceTest.py::test_cosineDistance_with_func[originalInput1_10-originalInput1_20] - check bool(False): MR3_1 failed
FAILED mutants/tests/cosineDistanceTest.py::test_cosineDistance_with_func[originalInput1_11-originalInput1_21] - check bool(False): MR3_1 failed
FAILED mutants/tests/cosineDistanceTest.py::test_cosineDistance_with_func[originalInput1_12-originalInput1_22] - check bool(False): MR3_1 failed
FAILED mutants/tests/cosineDistanceTest.py::test_cosineDistance_with_func[originalInput1_13-originalInput1_23] - check bool(False): MR3_1 failed
FAILED mutants/tests/cosineDistanceTest.py::test_cosineDistance_with_func[originalInput1_14-originalInput1_24] - check bool(False): MR3_1 failed
FAILED mutants/tests/cosineDistanceTest.py::test_cosineDistance_with_func[originalInput1_15-originalInput1_25] - check bool(False): MR3_1 failed
FAILED mutants/tests/cosineDistanceTest.py::test_cosineDistance_with_func[originalInput1_16-originalInput1_26] - check bool(False): MR3_1 failed
FAILED mutants/tests/cosineDistanceTest.py::test_cosineDistance_with_func[originalInput1_17-originalInput1_27] - check bool(False): MR3_1 failed
FAILED mutants/tests/cosineDistanceTest.py::test_cosineDistance_with_func[originalInput1_18-originalInput1_28] - check bool(False): MR3_1 failed
FAILED mutants/tests/cosineDistanceTest.py::test_cosineDistance_with_func[originalInput1_19-originalInput1_29] - check bool(False): MR3_1 failed
10 failed, 11 warnings in 0.02s
❌ x_cosineDistance__mutmut_16 存在失败 (退出码 1)

================================================================================
RUNNING cosineDistance.py :: x_cosineDistance__mutmut_17  -  2025-10-16T10:09:03.004793
================================================================================

>>> 当前使用的函数: x_cosineDistance__mutmut_17
函数源码如下：
def x_cosineDistance__mutmut_17(p1, p2):
    dotProduct = 0
    lengthSquaredp1 = 0
    lengthSquaredp2 = 0

    for i in range(0, len(p1)):
        lengthSquaredp1 += p1[i] * p1[i]
        lengthSquaredp2 += p2[i] / p2[i]
        dotProduct += p1[i] * p2[i]

    denominator = np.sqrt(lengthSquaredp1) * np.sqrt(lengthSquaredp2)

    if denominator < dotProduct:
        denominator = dotProduct

    if denominator == 0 and dotProduct == 0:
        return 0

    return 1 - dotProduct / denominator

FFFFFFFFFF
========================================================== FAILURES ==========================================================
_____________________________ test_cosineDistance_with_func[originalInput1_10-originalInput1_20] _____________________________
mutants/tests/cosineDistanceTest.py:147: in test_cosineDistance_with_func
    applyMR_Assert(originalInput1_1, originalInput1_2, originalResult)
mutants/tests/cosineDistanceTest.py:23: in applyMR_Assert
    transformResult3_1 = func(transformInput3_1, transformInput3_2)
mutants/src/cosineDistance.py:400: in x_cosineDistance__mutmut_17
    lengthSquaredp2 += p2[i] / p2[i]
E   ZeroDivisionError: float division by zero
_____________________________ test_cosineDistance_with_func[originalInput1_11-originalInput1_21] _____________________________
mutants/tests/cosineDistanceTest.py:147: in test_cosineDistance_with_func
    applyMR_Assert(originalInput1_1, originalInput1_2, originalResult)
mutants/tests/cosineDistanceTest.py:23: in applyMR_Assert
    transformResult3_1 = func(transformInput3_1, transformInput3_2)
mutants/src/cosineDistance.py:400: in x_cosineDistance__mutmut_17
    lengthSquaredp2 += p2[i] / p2[i]
E   ZeroDivisionError: float division by zero
_____________________________ test_cosineDistance_with_func[originalInput1_12-originalInput1_22] _____________________________
mutants/tests/cosineDistanceTest.py:147: in test_cosineDistance_with_func
    applyMR_Assert(originalInput1_1, originalInput1_2, originalResult)
mutants/tests/cosineDistanceTest.py:23: in applyMR_Assert
    transformResult3_1 = func(transformInput3_1, transformInput3_2)
mutants/src/cosineDistance.py:400: in x_cosineDistance__mutmut_17
    lengthSquaredp2 += p2[i] / p2[i]
E   ZeroDivisionError: float division by zero
_____________________________ test_cosineDistance_with_func[originalInput1_13-originalInput1_23] _____________________________
mutants/tests/cosineDistanceTest.py:147: in test_cosineDistance_with_func
    applyMR_Assert(originalInput1_1, originalInput1_2, originalResult)
mutants/tests/cosineDistanceTest.py:23: in applyMR_Assert
    transformResult3_1 = func(transformInput3_1, transformInput3_2)
mutants/src/cosineDistance.py:400: in x_cosineDistance__mutmut_17
    lengthSquaredp2 += p2[i] / p2[i]
E   ZeroDivisionError: float division by zero
_____________________________ test_cosineDistance_with_func[originalInput1_14-originalInput1_24] _____________________________
mutants/tests/cosineDistanceTest.py:147: in test_cosineDistance_with_func
    applyMR_Assert(originalInput1_1, originalInput1_2, originalResult)
mutants/tests/cosineDistanceTest.py:23: in applyMR_Assert
    transformResult3_1 = func(transformInput3_1, transformInput3_2)
mutants/src/cosineDistance.py:400: in x_cosineDistance__mutmut_17
    lengthSquaredp2 += p2[i] / p2[i]
E   ZeroDivisionError: float division by zero
_____________________________ test_cosineDistance_with_func[originalInput1_15-originalInput1_25] _____________________________
mutants/tests/cosineDistanceTest.py:147: in test_cosineDistance_with_func
    applyMR_Assert(originalInput1_1, originalInput1_2, originalResult)
mutants/tests/cosineDistanceTest.py:23: in applyMR_Assert
    transformResult3_1 = func(transformInput3_1, transformInput3_2)
mutants/src/cosineDistance.py:400: in x_cosineDistance__mutmut_17
    lengthSquaredp2 += p2[i] / p2[i]
E   ZeroDivisionError: float division by zero
_____________________________ test_cosineDistance_with_func[originalInput1_16-originalInput1_26] _____________________________
mutants/tests/cosineDistanceTest.py:147: in test_cosineDistance_with_func
    applyMR_Assert(originalInput1_1, originalInput1_2, originalResult)
mutants/tests/cosineDistanceTest.py:23: in applyMR_Assert
    transformResult3_1 = func(transformInput3_1, transformInput3_2)
mutants/src/cosineDistance.py:400: in x_cosineDistance__mutmut_17
    lengthSquaredp2 += p2[i] / p2[i]
E   ZeroDivisionError: float division by zero
_____________________________ test_cosineDistance_with_func[originalInput1_17-originalInput1_27] _____________________________
mutants/tests/cosineDistanceTest.py:147: in test_cosineDistance_with_func
    applyMR_Assert(originalInput1_1, originalInput1_2, originalResult)
mutants/tests/cosineDistanceTest.py:23: in applyMR_Assert
    transformResult3_1 = func(transformInput3_1, transformInput3_2)
mutants/src/cosineDistance.py:400: in x_cosineDistance__mutmut_17
    lengthSquaredp2 += p2[i] / p2[i]
E   ZeroDivisionError: float division by zero
_____________________________ test_cosineDistance_with_func[originalInput1_18-originalInput1_28] _____________________________
mutants/tests/cosineDistanceTest.py:147: in test_cosineDistance_with_func
    applyMR_Assert(originalInput1_1, originalInput1_2, originalResult)
mutants/tests/cosineDistanceTest.py:23: in applyMR_Assert
    transformResult3_1 = func(transformInput3_1, transformInput3_2)
mutants/src/cosineDistance.py:400: in x_cosineDistance__mutmut_17
    lengthSquaredp2 += p2[i] / p2[i]
E   ZeroDivisionError: float division by zero
_____________________________ test_cosineDistance_with_func[originalInput1_19-originalInput1_29] _____________________________
mutants/tests/cosineDistanceTest.py:147: in test_cosineDistance_with_func
    applyMR_Assert(originalInput1_1, originalInput1_2, originalResult)
mutants/tests/cosineDistanceTest.py:23: in applyMR_Assert
    transformResult3_1 = func(transformInput3_1, transformInput3_2)
mutants/src/cosineDistance.py:400: in x_cosineDistance__mutmut_17
    lengthSquaredp2 += p2[i] / p2[i]
E   ZeroDivisionError: float division by zero
====================================================== warnings summary ======================================================
../../anaconda3/envs/mutmut39/lib/python3.9/site-packages/_pytest/config/__init__.py:1474
  /home/rts/anaconda3/envs/mutmut39/lib/python3.9/site-packages/_pytest/config/__init__.py:1474: PytestConfigWarning: Unknown config option: pytest -vv --tb
  
    self._warn_or_fail_if_strict(f"Unknown config option: {key}\n")

-- Docs: https://docs.pytest.org/en/stable/how-to/capture-warnings.html
================================================== short test summary info ===================================================
FAILED mutants/tests/cosineDistanceTest.py::test_cosineDistance_with_func[originalInput1_10-originalInput1_20] - ZeroDivisionError: float division by zero
FAILED mutants/tests/cosineDistanceTest.py::test_cosineDistance_with_func[originalInput1_11-originalInput1_21] - ZeroDivisionError: float division by zero
FAILED mutants/tests/cosineDistanceTest.py::test_cosineDistance_with_func[originalInput1_12-originalInput1_22] - ZeroDivisionError: float division by zero
FAILED mutants/tests/cosineDistanceTest.py::test_cosineDistance_with_func[originalInput1_13-originalInput1_23] - ZeroDivisionError: float division by zero
FAILED mutants/tests/cosineDistanceTest.py::test_cosineDistance_with_func[originalInput1_14-originalInput1_24] - ZeroDivisionError: float division by zero
FAILED mutants/tests/cosineDistanceTest.py::test_cosineDistance_with_func[originalInput1_15-originalInput1_25] - ZeroDivisionError: float division by zero
FAILED mutants/tests/cosineDistanceTest.py::test_cosineDistance_with_func[originalInput1_16-originalInput1_26] - ZeroDivisionError: float division by zero
FAILED mutants/tests/cosineDistanceTest.py::test_cosineDistance_with_func[originalInput1_17-originalInput1_27] - ZeroDivisionError: float division by zero
FAILED mutants/tests/cosineDistanceTest.py::test_cosineDistance_with_func[originalInput1_18-originalInput1_28] - ZeroDivisionError: float division by zero
FAILED mutants/tests/cosineDistanceTest.py::test_cosineDistance_with_func[originalInput1_19-originalInput1_29] - ZeroDivisionError: float division by zero
10 failed, 1 warning in 0.11s
❌ x_cosineDistance__mutmut_17 存在失败 (退出码 1)

================================================================================
RUNNING cosineDistance.py :: x_cosineDistance__mutmut_18  -  2025-10-16T10:09:03.159431
================================================================================

>>> 当前使用的函数: x_cosineDistance__mutmut_18
函数源码如下：
def x_cosineDistance__mutmut_18(p1, p2):
    dotProduct = 0
    lengthSquaredp1 = 0
    lengthSquaredp2 = 0

    for i in range(0, len(p1)):
        lengthSquaredp1 += p1[i] * p1[i]
        lengthSquaredp2 += p2[i] * p2[i]
        dotProduct = p1[i] * p2[i]

    denominator = np.sqrt(lengthSquaredp1) * np.sqrt(lengthSquaredp2)

    if denominator < dotProduct:
        denominator = dotProduct

    if denominator == 0 and dotProduct == 0:
        return 0

    return 1 - dotProduct / denominator

FFFFFFFFFF
========================================================== FAILURES ==========================================================
_____________________________ test_cosineDistance_with_func[originalInput1_10-originalInput1_20] _____________________________

FAILURE: check bool(False): MR3_1 failed
mutants/tests/cosineDistanceTest.py:147 in test_cosineDistance_with_func() -> applyMR_Assert(originalInput1_1, originalInput1_2, originalResult)
mutants/tests/cosineDistanceTest.py:118 in applyMR_Assert() -> check.is_true(abs(originalResult - transformResult3_1) < delta, "MR3_1 failed")

FAILURE: check bool(False): MR6 failed
------------------------------------------------------------
Failed Checks: 2
_____________________________ test_cosineDistance_with_func[originalInput1_11-originalInput1_21] _____________________________

FAILURE: check bool(False): MR3_1 failed
mutants/tests/cosineDistanceTest.py:147 in test_cosineDistance_with_func() -> applyMR_Assert(originalInput1_1, originalInput1_2, originalResult)
mutants/tests/cosineDistanceTest.py:118 in applyMR_Assert() -> check.is_true(abs(originalResult - transformResult3_1) < delta, "MR3_1 failed")

FAILURE: check bool(False): MR6 failed
------------------------------------------------------------
Failed Checks: 2
_____________________________ test_cosineDistance_with_func[originalInput1_12-originalInput1_22] _____________________________

FAILURE: check bool(False): MR3_1 failed
mutants/tests/cosineDistanceTest.py:147 in test_cosineDistance_with_func() -> applyMR_Assert(originalInput1_1, originalInput1_2, originalResult)
mutants/tests/cosineDistanceTest.py:118 in applyMR_Assert() -> check.is_true(abs(originalResult - transformResult3_1) < delta, "MR3_1 failed")

FAILURE: check bool(False): MR6 failed
------------------------------------------------------------
Failed Checks: 2
_____________________________ test_cosineDistance_with_func[originalInput1_13-originalInput1_23] _____________________________

FAILURE: check bool(False): MR3_1 failed
mutants/tests/cosineDistanceTest.py:147 in test_cosineDistance_with_func() -> applyMR_Assert(originalInput1_1, originalInput1_2, originalResult)
mutants/tests/cosineDistanceTest.py:118 in applyMR_Assert() -> check.is_true(abs(originalResult - transformResult3_1) < delta, "MR3_1 failed")

FAILURE: check bool(False): MR6 failed
------------------------------------------------------------
Failed Checks: 2
_____________________________ test_cosineDistance_with_func[originalInput1_14-originalInput1_24] _____________________________

FAILURE: check bool(False): MR3_1 failed
mutants/tests/cosineDistanceTest.py:147 in test_cosineDistance_with_func() -> applyMR_Assert(originalInput1_1, originalInput1_2, originalResult)
mutants/tests/cosineDistanceTest.py:118 in applyMR_Assert() -> check.is_true(abs(originalResult - transformResult3_1) < delta, "MR3_1 failed")

FAILURE: check bool(False): MR6 failed
------------------------------------------------------------
Failed Checks: 2
_____________________________ test_cosineDistance_with_func[originalInput1_15-originalInput1_25] _____________________________

FAILURE: check bool(False): MR3_1 failed
mutants/tests/cosineDistanceTest.py:147 in test_cosineDistance_with_func() -> applyMR_Assert(originalInput1_1, originalInput1_2, originalResult)
mutants/tests/cosineDistanceTest.py:118 in applyMR_Assert() -> check.is_true(abs(originalResult - transformResult3_1) < delta, "MR3_1 failed")

FAILURE: check bool(False): MR6 failed
------------------------------------------------------------
Failed Checks: 2
_____________________________ test_cosineDistance_with_func[originalInput1_16-originalInput1_26] _____________________________

FAILURE: check bool(False): MR3_1 failed
mutants/tests/cosineDistanceTest.py:147 in test_cosineDistance_with_func() -> applyMR_Assert(originalInput1_1, originalInput1_2, originalResult)
mutants/tests/cosineDistanceTest.py:118 in applyMR_Assert() -> check.is_true(abs(originalResult - transformResult3_1) < delta, "MR3_1 failed")

FAILURE: check bool(False): MR6 failed
------------------------------------------------------------
Failed Checks: 2
_____________________________ test_cosineDistance_with_func[originalInput1_17-originalInput1_27] _____________________________

FAILURE: check bool(False): MR3_1 failed
mutants/tests/cosineDistanceTest.py:147 in test_cosineDistance_with_func() -> applyMR_Assert(originalInput1_1, originalInput1_2, originalResult)
mutants/tests/cosineDistanceTest.py:118 in applyMR_Assert() -> check.is_true(abs(originalResult - transformResult3_1) < delta, "MR3_1 failed")

FAILURE: check bool(False): MR6 failed
------------------------------------------------------------
Failed Checks: 2
_____________________________ test_cosineDistance_with_func[originalInput1_18-originalInput1_28] _____________________________

FAILURE: check bool(False): MR3_1 failed
mutants/tests/cosineDistanceTest.py:147 in test_cosineDistance_with_func() -> applyMR_Assert(originalInput1_1, originalInput1_2, originalResult)
mutants/tests/cosineDistanceTest.py:118 in applyMR_Assert() -> check.is_true(abs(originalResult - transformResult3_1) < delta, "MR3_1 failed")

FAILURE: check bool(False): MR6 failed
------------------------------------------------------------
Failed Checks: 2
_____________________________ test_cosineDistance_with_func[originalInput1_19-originalInput1_29] _____________________________

FAILURE: check bool(False): MR3_1 failed
mutants/tests/cosineDistanceTest.py:147 in test_cosineDistance_with_func() -> applyMR_Assert(originalInput1_1, originalInput1_2, originalResult)
mutants/tests/cosineDistanceTest.py:118 in applyMR_Assert() -> check.is_true(abs(originalResult - transformResult3_1) < delta, "MR3_1 failed")

FAILURE: check bool(False): MR6 failed
------------------------------------------------------------
Failed Checks: 2
====================================================== warnings summary ======================================================
../../anaconda3/envs/mutmut39/lib/python3.9/site-packages/_pytest/config/__init__.py:1474
  /home/rts/anaconda3/envs/mutmut39/lib/python3.9/site-packages/_pytest/config/__init__.py:1474: PytestConfigWarning: Unknown config option: pytest -vv --tb
  
    self._warn_or_fail_if_strict(f"Unknown config option: {key}\n")

-- Docs: https://docs.pytest.org/en/stable/how-to/capture-warnings.html
================================================== short test summary info ===================================================
FAILED mutants/tests/cosineDistanceTest.py::test_cosineDistance_with_func[originalInput1_10-originalInput1_20] - check bool(False): MR3_1 failed
FAILED mutants/tests/cosineDistanceTest.py::test_cosineDistance_with_func[originalInput1_11-originalInput1_21] - check bool(False): MR3_1 failed
FAILED mutants/tests/cosineDistanceTest.py::test_cosineDistance_with_func[originalInput1_12-originalInput1_22] - check bool(False): MR3_1 failed
FAILED mutants/tests/cosineDistanceTest.py::test_cosineDistance_with_func[originalInput1_13-originalInput1_23] - check bool(False): MR3_1 failed
FAILED mutants/tests/cosineDistanceTest.py::test_cosineDistance_with_func[originalInput1_14-originalInput1_24] - check bool(False): MR3_1 failed
FAILED mutants/tests/cosineDistanceTest.py::test_cosineDistance_with_func[originalInput1_15-originalInput1_25] - check bool(False): MR3_1 failed
FAILED mutants/tests/cosineDistanceTest.py::test_cosineDistance_with_func[originalInput1_16-originalInput1_26] - check bool(False): MR3_1 failed
FAILED mutants/tests/cosineDistanceTest.py::test_cosineDistance_with_func[originalInput1_17-originalInput1_27] - check bool(False): MR3_1 failed
FAILED mutants/tests/cosineDistanceTest.py::test_cosineDistance_with_func[originalInput1_18-originalInput1_28] - check bool(False): MR3_1 failed
FAILED mutants/tests/cosineDistanceTest.py::test_cosineDistance_with_func[originalInput1_19-originalInput1_29] - check bool(False): MR3_1 failed
10 failed, 1 warning in 0.02s
❌ x_cosineDistance__mutmut_18 存在失败 (退出码 1)

================================================================================
RUNNING cosineDistance.py :: x_cosineDistance__mutmut_19  -  2025-10-16T10:09:03.217956
================================================================================

>>> 当前使用的函数: x_cosineDistance__mutmut_19
函数源码如下：
def x_cosineDistance__mutmut_19(p1, p2):
    dotProduct = 0
    lengthSquaredp1 = 0
    lengthSquaredp2 = 0

    for i in range(0, len(p1)):
        lengthSquaredp1 += p1[i] * p1[i]
        lengthSquaredp2 += p2[i] * p2[i]
        dotProduct -= p1[i] * p2[i]

    denominator = np.sqrt(lengthSquaredp1) * np.sqrt(lengthSquaredp2)

    if denominator < dotProduct:
        denominator = dotProduct

    if denominator == 0 and dotProduct == 0:
        return 0

    return 1 - dotProduct / denominator

..........
====================================================== warnings summary ======================================================
../../anaconda3/envs/mutmut39/lib/python3.9/site-packages/_pytest/config/__init__.py:1474
  /home/rts/anaconda3/envs/mutmut39/lib/python3.9/site-packages/_pytest/config/__init__.py:1474: PytestConfigWarning: Unknown config option: pytest -vv --tb
  
    self._warn_or_fail_if_strict(f"Unknown config option: {key}\n")

-- Docs: https://docs.pytest.org/en/stable/how-to/capture-warnings.html
10 passed, 1 warning in 0.01s
✅ x_cosineDistance__mutmut_19 所有测试通过

================================================================================
RUNNING cosineDistance.py :: x_cosineDistance__mutmut_2  -  2025-10-16T10:09:03.269335
================================================================================

>>> 当前使用的函数: x_cosineDistance__mutmut_2
函数源码如下：
def x_cosineDistance__mutmut_2(p1, p2):
    dotProduct = 1
    lengthSquaredp1 = 0
    lengthSquaredp2 = 0

    for i in range(0, len(p1)):
        lengthSquaredp1 += p1[i] * p1[i]
        lengthSquaredp2 += p2[i] * p2[i]
        dotProduct += p1[i] * p2[i]

    denominator = np.sqrt(lengthSquaredp1) * np.sqrt(lengthSquaredp2)

    if denominator < dotProduct:
        denominator = dotProduct

    if denominator == 0 and dotProduct == 0:
        return 0

    return 1 - dotProduct / denominator

..........
====================================================== warnings summary ======================================================
../../anaconda3/envs/mutmut39/lib/python3.9/site-packages/_pytest/config/__init__.py:1474
  /home/rts/anaconda3/envs/mutmut39/lib/python3.9/site-packages/_pytest/config/__init__.py:1474: PytestConfigWarning: Unknown config option: pytest -vv --tb
  
    self._warn_or_fail_if_strict(f"Unknown config option: {key}\n")

-- Docs: https://docs.pytest.org/en/stable/how-to/capture-warnings.html
10 passed, 1 warning in 0.01s
✅ x_cosineDistance__mutmut_2 所有测试通过

================================================================================
RUNNING cosineDistance.py :: x_cosineDistance__mutmut_20  -  2025-10-16T10:09:03.320505
================================================================================

>>> 当前使用的函数: x_cosineDistance__mutmut_20
函数源码如下：
def x_cosineDistance__mutmut_20(p1, p2):
    dotProduct = 0
    lengthSquaredp1 = 0
    lengthSquaredp2 = 0

    for i in range(0, len(p1)):
        lengthSquaredp1 += p1[i] * p1[i]
        lengthSquaredp2 += p2[i] * p2[i]
        dotProduct += p1[i] / p2[i]

    denominator = np.sqrt(lengthSquaredp1) * np.sqrt(lengthSquaredp2)

    if denominator < dotProduct:
        denominator = dotProduct

    if denominator == 0 and dotProduct == 0:
        return 0

    return 1 - dotProduct / denominator

FFFFFFFFFF
========================================================== FAILURES ==========================================================
_____________________________ test_cosineDistance_with_func[originalInput1_10-originalInput1_20] _____________________________
mutants/tests/cosineDistanceTest.py:147: in test_cosineDistance_with_func
    applyMR_Assert(originalInput1_1, originalInput1_2, originalResult)
mutants/tests/cosineDistanceTest.py:23: in applyMR_Assert
    transformResult3_1 = func(transformInput3_1, transformInput3_2)
mutants/src/cosineDistance.py:464: in x_cosineDistance__mutmut_20
    dotProduct += p1[i] / p2[i]
E   ZeroDivisionError: float division by zero
_____________________________ test_cosineDistance_with_func[originalInput1_11-originalInput1_21] _____________________________
mutants/tests/cosineDistanceTest.py:147: in test_cosineDistance_with_func
    applyMR_Assert(originalInput1_1, originalInput1_2, originalResult)
mutants/tests/cosineDistanceTest.py:23: in applyMR_Assert
    transformResult3_1 = func(transformInput3_1, transformInput3_2)
mutants/src/cosineDistance.py:464: in x_cosineDistance__mutmut_20
    dotProduct += p1[i] / p2[i]
E   ZeroDivisionError: float division by zero
_____________________________ test_cosineDistance_with_func[originalInput1_12-originalInput1_22] _____________________________
mutants/tests/cosineDistanceTest.py:147: in test_cosineDistance_with_func
    applyMR_Assert(originalInput1_1, originalInput1_2, originalResult)
mutants/tests/cosineDistanceTest.py:23: in applyMR_Assert
    transformResult3_1 = func(transformInput3_1, transformInput3_2)
mutants/src/cosineDistance.py:464: in x_cosineDistance__mutmut_20
    dotProduct += p1[i] / p2[i]
E   ZeroDivisionError: float division by zero
_____________________________ test_cosineDistance_with_func[originalInput1_13-originalInput1_23] _____________________________
mutants/tests/cosineDistanceTest.py:147: in test_cosineDistance_with_func
    applyMR_Assert(originalInput1_1, originalInput1_2, originalResult)
mutants/tests/cosineDistanceTest.py:23: in applyMR_Assert
    transformResult3_1 = func(transformInput3_1, transformInput3_2)
mutants/src/cosineDistance.py:464: in x_cosineDistance__mutmut_20
    dotProduct += p1[i] / p2[i]
E   ZeroDivisionError: float division by zero
_____________________________ test_cosineDistance_with_func[originalInput1_14-originalInput1_24] _____________________________
mutants/tests/cosineDistanceTest.py:147: in test_cosineDistance_with_func
    applyMR_Assert(originalInput1_1, originalInput1_2, originalResult)
mutants/tests/cosineDistanceTest.py:23: in applyMR_Assert
    transformResult3_1 = func(transformInput3_1, transformInput3_2)
mutants/src/cosineDistance.py:464: in x_cosineDistance__mutmut_20
    dotProduct += p1[i] / p2[i]
E   ZeroDivisionError: float division by zero
_____________________________ test_cosineDistance_with_func[originalInput1_15-originalInput1_25] _____________________________
mutants/tests/cosineDistanceTest.py:147: in test_cosineDistance_with_func
    applyMR_Assert(originalInput1_1, originalInput1_2, originalResult)
mutants/tests/cosineDistanceTest.py:23: in applyMR_Assert
    transformResult3_1 = func(transformInput3_1, transformInput3_2)
mutants/src/cosineDistance.py:464: in x_cosineDistance__mutmut_20
    dotProduct += p1[i] / p2[i]
E   ZeroDivisionError: float division by zero
_____________________________ test_cosineDistance_with_func[originalInput1_16-originalInput1_26] _____________________________
mutants/tests/cosineDistanceTest.py:147: in test_cosineDistance_with_func
    applyMR_Assert(originalInput1_1, originalInput1_2, originalResult)
mutants/tests/cosineDistanceTest.py:23: in applyMR_Assert
    transformResult3_1 = func(transformInput3_1, transformInput3_2)
mutants/src/cosineDistance.py:464: in x_cosineDistance__mutmut_20
    dotProduct += p1[i] / p2[i]
E   ZeroDivisionError: float division by zero
_____________________________ test_cosineDistance_with_func[originalInput1_17-originalInput1_27] _____________________________
mutants/tests/cosineDistanceTest.py:147: in test_cosineDistance_with_func
    applyMR_Assert(originalInput1_1, originalInput1_2, originalResult)
mutants/tests/cosineDistanceTest.py:23: in applyMR_Assert
    transformResult3_1 = func(transformInput3_1, transformInput3_2)
mutants/src/cosineDistance.py:464: in x_cosineDistance__mutmut_20
    dotProduct += p1[i] / p2[i]
E   ZeroDivisionError: float division by zero
_____________________________ test_cosineDistance_with_func[originalInput1_18-originalInput1_28] _____________________________
mutants/tests/cosineDistanceTest.py:147: in test_cosineDistance_with_func
    applyMR_Assert(originalInput1_1, originalInput1_2, originalResult)
mutants/tests/cosineDistanceTest.py:23: in applyMR_Assert
    transformResult3_1 = func(transformInput3_1, transformInput3_2)
mutants/src/cosineDistance.py:464: in x_cosineDistance__mutmut_20
    dotProduct += p1[i] / p2[i]
E   ZeroDivisionError: float division by zero
_____________________________ test_cosineDistance_with_func[originalInput1_19-originalInput1_29] _____________________________
mutants/tests/cosineDistanceTest.py:147: in test_cosineDistance_with_func
    applyMR_Assert(originalInput1_1, originalInput1_2, originalResult)
mutants/tests/cosineDistanceTest.py:23: in applyMR_Assert
    transformResult3_1 = func(transformInput3_1, transformInput3_2)
mutants/src/cosineDistance.py:464: in x_cosineDistance__mutmut_20
    dotProduct += p1[i] / p2[i]
E   ZeroDivisionError: float division by zero
====================================================== warnings summary ======================================================
../../anaconda3/envs/mutmut39/lib/python3.9/site-packages/_pytest/config/__init__.py:1474
  /home/rts/anaconda3/envs/mutmut39/lib/python3.9/site-packages/_pytest/config/__init__.py:1474: PytestConfigWarning: Unknown config option: pytest -vv --tb
  
    self._warn_or_fail_if_strict(f"Unknown config option: {key}\n")

-- Docs: https://docs.pytest.org/en/stable/how-to/capture-warnings.html
================================================== short test summary info ===================================================
FAILED mutants/tests/cosineDistanceTest.py::test_cosineDistance_with_func[originalInput1_10-originalInput1_20] - ZeroDivisionError: float division by zero
FAILED mutants/tests/cosineDistanceTest.py::test_cosineDistance_with_func[originalInput1_11-originalInput1_21] - ZeroDivisionError: float division by zero
FAILED mutants/tests/cosineDistanceTest.py::test_cosineDistance_with_func[originalInput1_12-originalInput1_22] - ZeroDivisionError: float division by zero
FAILED mutants/tests/cosineDistanceTest.py::test_cosineDistance_with_func[originalInput1_13-originalInput1_23] - ZeroDivisionError: float division by zero
FAILED mutants/tests/cosineDistanceTest.py::test_cosineDistance_with_func[originalInput1_14-originalInput1_24] - ZeroDivisionError: float division by zero
FAILED mutants/tests/cosineDistanceTest.py::test_cosineDistance_with_func[originalInput1_15-originalInput1_25] - ZeroDivisionError: float division by zero
FAILED mutants/tests/cosineDistanceTest.py::test_cosineDistance_with_func[originalInput1_16-originalInput1_26] - ZeroDivisionError: float division by zero
FAILED mutants/tests/cosineDistanceTest.py::test_cosineDistance_with_func[originalInput1_17-originalInput1_27] - ZeroDivisionError: float division by zero
FAILED mutants/tests/cosineDistanceTest.py::test_cosineDistance_with_func[originalInput1_18-originalInput1_28] - ZeroDivisionError: float division by zero
FAILED mutants/tests/cosineDistanceTest.py::test_cosineDistance_with_func[originalInput1_19-originalInput1_29] - ZeroDivisionError: float division by zero
10 failed, 1 warning in 0.11s
❌ x_cosineDistance__mutmut_20 存在失败 (退出码 1)

================================================================================
RUNNING cosineDistance.py :: x_cosineDistance__mutmut_21  -  2025-10-16T10:09:03.470019
================================================================================

>>> 当前使用的函数: x_cosineDistance__mutmut_21
函数源码如下：
def x_cosineDistance__mutmut_21(p1, p2):
    dotProduct = 0
    lengthSquaredp1 = 0
    lengthSquaredp2 = 0

    for i in range(0, len(p1)):
        lengthSquaredp1 += p1[i] * p1[i]
        lengthSquaredp2 += p2[i] * p2[i]
        dotProduct += p1[i] * p2[i]

    denominator = None

    if denominator < dotProduct:
        denominator = dotProduct

    if denominator == 0 and dotProduct == 0:
        return 0

    return 1 - dotProduct / denominator

FFFFFFFFFF
========================================================== FAILURES ==========================================================
_____________________________ test_cosineDistance_with_func[originalInput1_10-originalInput1_20] _____________________________
mutants/tests/cosineDistanceTest.py:146: in test_cosineDistance_with_func
    originalResult = func(originalInput1_1, originalInput1_2)
mutants/src/cosineDistance.py:489: in x_cosineDistance__mutmut_21
    if denominator < dotProduct:
E   TypeError: '<' not supported between instances of 'NoneType' and 'float'
_____________________________ test_cosineDistance_with_func[originalInput1_11-originalInput1_21] _____________________________
mutants/tests/cosineDistanceTest.py:146: in test_cosineDistance_with_func
    originalResult = func(originalInput1_1, originalInput1_2)
mutants/src/cosineDistance.py:489: in x_cosineDistance__mutmut_21
    if denominator < dotProduct:
E   TypeError: '<' not supported between instances of 'NoneType' and 'float'
_____________________________ test_cosineDistance_with_func[originalInput1_12-originalInput1_22] _____________________________
mutants/tests/cosineDistanceTest.py:146: in test_cosineDistance_with_func
    originalResult = func(originalInput1_1, originalInput1_2)
mutants/src/cosineDistance.py:489: in x_cosineDistance__mutmut_21
    if denominator < dotProduct:
E   TypeError: '<' not supported between instances of 'NoneType' and 'float'
_____________________________ test_cosineDistance_with_func[originalInput1_13-originalInput1_23] _____________________________
mutants/tests/cosineDistanceTest.py:146: in test_cosineDistance_with_func
    originalResult = func(originalInput1_1, originalInput1_2)
mutants/src/cosineDistance.py:489: in x_cosineDistance__mutmut_21
    if denominator < dotProduct:
E   TypeError: '<' not supported between instances of 'NoneType' and 'float'
_____________________________ test_cosineDistance_with_func[originalInput1_14-originalInput1_24] _____________________________
mutants/tests/cosineDistanceTest.py:146: in test_cosineDistance_with_func
    originalResult = func(originalInput1_1, originalInput1_2)
mutants/src/cosineDistance.py:489: in x_cosineDistance__mutmut_21
    if denominator < dotProduct:
E   TypeError: '<' not supported between instances of 'NoneType' and 'float'
_____________________________ test_cosineDistance_with_func[originalInput1_15-originalInput1_25] _____________________________
mutants/tests/cosineDistanceTest.py:146: in test_cosineDistance_with_func
    originalResult = func(originalInput1_1, originalInput1_2)
mutants/src/cosineDistance.py:489: in x_cosineDistance__mutmut_21
    if denominator < dotProduct:
E   TypeError: '<' not supported between instances of 'NoneType' and 'float'
_____________________________ test_cosineDistance_with_func[originalInput1_16-originalInput1_26] _____________________________
mutants/tests/cosineDistanceTest.py:146: in test_cosineDistance_with_func
    originalResult = func(originalInput1_1, originalInput1_2)
mutants/src/cosineDistance.py:489: in x_cosineDistance__mutmut_21
    if denominator < dotProduct:
E   TypeError: '<' not supported between instances of 'NoneType' and 'float'
_____________________________ test_cosineDistance_with_func[originalInput1_17-originalInput1_27] _____________________________
mutants/tests/cosineDistanceTest.py:146: in test_cosineDistance_with_func
    originalResult = func(originalInput1_1, originalInput1_2)
mutants/src/cosineDistance.py:489: in x_cosineDistance__mutmut_21
    if denominator < dotProduct:
E   TypeError: '<' not supported between instances of 'NoneType' and 'float'
_____________________________ test_cosineDistance_with_func[originalInput1_18-originalInput1_28] _____________________________
mutants/tests/cosineDistanceTest.py:146: in test_cosineDistance_with_func
    originalResult = func(originalInput1_1, originalInput1_2)
mutants/src/cosineDistance.py:489: in x_cosineDistance__mutmut_21
    if denominator < dotProduct:
E   TypeError: '<' not supported between instances of 'NoneType' and 'float'
_____________________________ test_cosineDistance_with_func[originalInput1_19-originalInput1_29] _____________________________
mutants/tests/cosineDistanceTest.py:146: in test_cosineDistance_with_func
    originalResult = func(originalInput1_1, originalInput1_2)
mutants/src/cosineDistance.py:489: in x_cosineDistance__mutmut_21
    if denominator < dotProduct:
E   TypeError: '<' not supported between instances of 'NoneType' and 'float'
====================================================== warnings summary ======================================================
../../anaconda3/envs/mutmut39/lib/python3.9/site-packages/_pytest/config/__init__.py:1474
  /home/rts/anaconda3/envs/mutmut39/lib/python3.9/site-packages/_pytest/config/__init__.py:1474: PytestConfigWarning: Unknown config option: pytest -vv --tb
  
    self._warn_or_fail_if_strict(f"Unknown config option: {key}\n")

-- Docs: https://docs.pytest.org/en/stable/how-to/capture-warnings.html
================================================== short test summary info ===================================================
FAILED mutants/tests/cosineDistanceTest.py::test_cosineDistance_with_func[originalInput1_10-originalInput1_20] - TypeError: '<' not supported between instances of 'NoneType' and 'float'
FAILED mutants/tests/cosineDistanceTest.py::test_cosineDistance_with_func[originalInput1_11-originalInput1_21] - TypeError: '<' not supported between instances of 'NoneType' and 'float'
FAILED mutants/tests/cosineDistanceTest.py::test_cosineDistance_with_func[originalInput1_12-originalInput1_22] - TypeError: '<' not supported between instances of 'NoneType' and 'float'
FAILED mutants/tests/cosineDistanceTest.py::test_cosineDistance_with_func[originalInput1_13-originalInput1_23] - TypeError: '<' not supported between instances of 'NoneType' and 'float'
FAILED mutants/tests/cosineDistanceTest.py::test_cosineDistance_with_func[originalInput1_14-originalInput1_24] - TypeError: '<' not supported between instances of 'NoneType' and 'float'
FAILED mutants/tests/cosineDistanceTest.py::test_cosineDistance_with_func[originalInput1_15-originalInput1_25] - TypeError: '<' not supported between instances of 'NoneType' and 'float'
FAILED mutants/tests/cosineDistanceTest.py::test_cosineDistance_with_func[originalInput1_16-originalInput1_26] - TypeError: '<' not supported between instances of 'NoneType' and 'float'
FAILED mutants/tests/cosineDistanceTest.py::test_cosineDistance_with_func[originalInput1_17-originalInput1_27] - TypeError: '<' not supported between instances of 'NoneType' and 'float'
FAILED mutants/tests/cosineDistanceTest.py::test_cosineDistance_with_func[originalInput1_18-originalInput1_28] - TypeError: '<' not supported between instances of 'NoneType' and 'float'
FAILED mutants/tests/cosineDistanceTest.py::test_cosineDistance_with_func[originalInput1_19-originalInput1_29] - TypeError: '<' not supported between instances of 'NoneType' and 'float'
10 failed, 1 warning in 0.09s
❌ x_cosineDistance__mutmut_21 存在失败 (退出码 1)

================================================================================
RUNNING cosineDistance.py :: x_cosineDistance__mutmut_22  -  2025-10-16T10:09:03.608010
================================================================================

>>> 当前使用的函数: x_cosineDistance__mutmut_22
函数源码如下：
def x_cosineDistance__mutmut_22(p1, p2):
    dotProduct = 0
    lengthSquaredp1 = 0
    lengthSquaredp2 = 0

    for i in range(0, len(p1)):
        lengthSquaredp1 += p1[i] * p1[i]
        lengthSquaredp2 += p2[i] * p2[i]
        dotProduct += p1[i] * p2[i]

    denominator = np.sqrt(lengthSquaredp1) / np.sqrt(lengthSquaredp2)

    if denominator < dotProduct:
        denominator = dotProduct

    if denominator == 0 and dotProduct == 0:
        return 0

    return 1 - dotProduct / denominator

..........
====================================================== warnings summary ======================================================
../../anaconda3/envs/mutmut39/lib/python3.9/site-packages/_pytest/config/__init__.py:1474
  /home/rts/anaconda3/envs/mutmut39/lib/python3.9/site-packages/_pytest/config/__init__.py:1474: PytestConfigWarning: Unknown config option: pytest -vv --tb
  
    self._warn_or_fail_if_strict(f"Unknown config option: {key}\n")

-- Docs: https://docs.pytest.org/en/stable/how-to/capture-warnings.html
10 passed, 1 warning in 0.01s
✅ x_cosineDistance__mutmut_22 所有测试通过

================================================================================
RUNNING cosineDistance.py :: x_cosineDistance__mutmut_23  -  2025-10-16T10:09:03.660910
================================================================================

>>> 当前使用的函数: x_cosineDistance__mutmut_23
函数源码如下：
def x_cosineDistance__mutmut_23(p1, p2):
    dotProduct = 0
    lengthSquaredp1 = 0
    lengthSquaredp2 = 0

    for i in range(0, len(p1)):
        lengthSquaredp1 += p1[i] * p1[i]
        lengthSquaredp2 += p2[i] * p2[i]
        dotProduct += p1[i] * p2[i]

    denominator = np.sqrt(None) * np.sqrt(lengthSquaredp2)

    if denominator < dotProduct:
        denominator = dotProduct

    if denominator == 0 and dotProduct == 0:
        return 0

    return 1 - dotProduct / denominator

FFFFFFFFFF
========================================================== FAILURES ==========================================================
_____________________________ test_cosineDistance_with_func[originalInput1_10-originalInput1_20] _____________________________
AttributeError: 'NoneType' object has no attribute 'sqrt'

The above exception was the direct cause of the following exception:
mutants/tests/cosineDistanceTest.py:146: in test_cosineDistance_with_func
    originalResult = func(originalInput1_1, originalInput1_2)
mutants/src/cosineDistance.py:529: in x_cosineDistance__mutmut_23
    denominator = np.sqrt(None) * np.sqrt(lengthSquaredp2)
E   TypeError: loop of ufunc does not support argument 0 of type NoneType which has no callable sqrt method
_____________________________ test_cosineDistance_with_func[originalInput1_11-originalInput1_21] _____________________________
AttributeError: 'NoneType' object has no attribute 'sqrt'

The above exception was the direct cause of the following exception:
mutants/tests/cosineDistanceTest.py:146: in test_cosineDistance_with_func
    originalResult = func(originalInput1_1, originalInput1_2)
mutants/src/cosineDistance.py:529: in x_cosineDistance__mutmut_23
    denominator = np.sqrt(None) * np.sqrt(lengthSquaredp2)
E   TypeError: loop of ufunc does not support argument 0 of type NoneType which has no callable sqrt method
_____________________________ test_cosineDistance_with_func[originalInput1_12-originalInput1_22] _____________________________
AttributeError: 'NoneType' object has no attribute 'sqrt'

The above exception was the direct cause of the following exception:
mutants/tests/cosineDistanceTest.py:146: in test_cosineDistance_with_func
    originalResult = func(originalInput1_1, originalInput1_2)
mutants/src/cosineDistance.py:529: in x_cosineDistance__mutmut_23
    denominator = np.sqrt(None) * np.sqrt(lengthSquaredp2)
E   TypeError: loop of ufunc does not support argument 0 of type NoneType which has no callable sqrt method
_____________________________ test_cosineDistance_with_func[originalInput1_13-originalInput1_23] _____________________________
AttributeError: 'NoneType' object has no attribute 'sqrt'

The above exception was the direct cause of the following exception:
mutants/tests/cosineDistanceTest.py:146: in test_cosineDistance_with_func
    originalResult = func(originalInput1_1, originalInput1_2)
mutants/src/cosineDistance.py:529: in x_cosineDistance__mutmut_23
    denominator = np.sqrt(None) * np.sqrt(lengthSquaredp2)
E   TypeError: loop of ufunc does not support argument 0 of type NoneType which has no callable sqrt method
_____________________________ test_cosineDistance_with_func[originalInput1_14-originalInput1_24] _____________________________
AttributeError: 'NoneType' object has no attribute 'sqrt'

The above exception was the direct cause of the following exception:
mutants/tests/cosineDistanceTest.py:146: in test_cosineDistance_with_func
    originalResult = func(originalInput1_1, originalInput1_2)
mutants/src/cosineDistance.py:529: in x_cosineDistance__mutmut_23
    denominator = np.sqrt(None) * np.sqrt(lengthSquaredp2)
E   TypeError: loop of ufunc does not support argument 0 of type NoneType which has no callable sqrt method
_____________________________ test_cosineDistance_with_func[originalInput1_15-originalInput1_25] _____________________________
AttributeError: 'NoneType' object has no attribute 'sqrt'

The above exception was the direct cause of the following exception:
mutants/tests/cosineDistanceTest.py:146: in test_cosineDistance_with_func
    originalResult = func(originalInput1_1, originalInput1_2)
mutants/src/cosineDistance.py:529: in x_cosineDistance__mutmut_23
    denominator = np.sqrt(None) * np.sqrt(lengthSquaredp2)
E   TypeError: loop of ufunc does not support argument 0 of type NoneType which has no callable sqrt method
_____________________________ test_cosineDistance_with_func[originalInput1_16-originalInput1_26] _____________________________
AttributeError: 'NoneType' object has no attribute 'sqrt'

The above exception was the direct cause of the following exception:
mutants/tests/cosineDistanceTest.py:146: in test_cosineDistance_with_func
    originalResult = func(originalInput1_1, originalInput1_2)
mutants/src/cosineDistance.py:529: in x_cosineDistance__mutmut_23
    denominator = np.sqrt(None) * np.sqrt(lengthSquaredp2)
E   TypeError: loop of ufunc does not support argument 0 of type NoneType which has no callable sqrt method
_____________________________ test_cosineDistance_with_func[originalInput1_17-originalInput1_27] _____________________________
AttributeError: 'NoneType' object has no attribute 'sqrt'

The above exception was the direct cause of the following exception:
mutants/tests/cosineDistanceTest.py:146: in test_cosineDistance_with_func
    originalResult = func(originalInput1_1, originalInput1_2)
mutants/src/cosineDistance.py:529: in x_cosineDistance__mutmut_23
    denominator = np.sqrt(None) * np.sqrt(lengthSquaredp2)
E   TypeError: loop of ufunc does not support argument 0 of type NoneType which has no callable sqrt method
_____________________________ test_cosineDistance_with_func[originalInput1_18-originalInput1_28] _____________________________
AttributeError: 'NoneType' object has no attribute 'sqrt'

The above exception was the direct cause of the following exception:
mutants/tests/cosineDistanceTest.py:146: in test_cosineDistance_with_func
    originalResult = func(originalInput1_1, originalInput1_2)
mutants/src/cosineDistance.py:529: in x_cosineDistance__mutmut_23
    denominator = np.sqrt(None) * np.sqrt(lengthSquaredp2)
E   TypeError: loop of ufunc does not support argument 0 of type NoneType which has no callable sqrt method
_____________________________ test_cosineDistance_with_func[originalInput1_19-originalInput1_29] _____________________________
AttributeError: 'NoneType' object has no attribute 'sqrt'

The above exception was the direct cause of the following exception:
mutants/tests/cosineDistanceTest.py:146: in test_cosineDistance_with_func
    originalResult = func(originalInput1_1, originalInput1_2)
mutants/src/cosineDistance.py:529: in x_cosineDistance__mutmut_23
    denominator = np.sqrt(None) * np.sqrt(lengthSquaredp2)
E   TypeError: loop of ufunc does not support argument 0 of type NoneType which has no callable sqrt method
====================================================== warnings summary ======================================================
../../anaconda3/envs/mutmut39/lib/python3.9/site-packages/_pytest/config/__init__.py:1474
  /home/rts/anaconda3/envs/mutmut39/lib/python3.9/site-packages/_pytest/config/__init__.py:1474: PytestConfigWarning: Unknown config option: pytest -vv --tb
  
    self._warn_or_fail_if_strict(f"Unknown config option: {key}\n")

-- Docs: https://docs.pytest.org/en/stable/how-to/capture-warnings.html
================================================== short test summary info ===================================================
FAILED mutants/tests/cosineDistanceTest.py::test_cosineDistance_with_func[originalInput1_10-originalInput1_20] - TypeError: loop of ufunc does not support argument 0 of type NoneType which has no callable sqrt method
FAILED mutants/tests/cosineDistanceTest.py::test_cosineDistance_with_func[originalInput1_11-originalInput1_21] - TypeError: loop of ufunc does not support argument 0 of type NoneType which has no callable sqrt method
FAILED mutants/tests/cosineDistanceTest.py::test_cosineDistance_with_func[originalInput1_12-originalInput1_22] - TypeError: loop of ufunc does not support argument 0 of type NoneType which has no callable sqrt method
FAILED mutants/tests/cosineDistanceTest.py::test_cosineDistance_with_func[originalInput1_13-originalInput1_23] - TypeError: loop of ufunc does not support argument 0 of type NoneType which has no callable sqrt method
FAILED mutants/tests/cosineDistanceTest.py::test_cosineDistance_with_func[originalInput1_14-originalInput1_24] - TypeError: loop of ufunc does not support argument 0 of type NoneType which has no callable sqrt method
FAILED mutants/tests/cosineDistanceTest.py::test_cosineDistance_with_func[originalInput1_15-originalInput1_25] - TypeError: loop of ufunc does not support argument 0 of type NoneType which has no callable sqrt method
FAILED mutants/tests/cosineDistanceTest.py::test_cosineDistance_with_func[originalInput1_16-originalInput1_26] - TypeError: loop of ufunc does not support argument 0 of type NoneType which has no callable sqrt method
FAILED mutants/tests/cosineDistanceTest.py::test_cosineDistance_with_func[originalInput1_17-originalInput1_27] - TypeError: loop of ufunc does not support argument 0 of type NoneType which has no callable sqrt method
FAILED mutants/tests/cosineDistanceTest.py::test_cosineDistance_with_func[originalInput1_18-originalInput1_28] - TypeError: loop of ufunc does not support argument 0 of type NoneType which has no callable sqrt method
FAILED mutants/tests/cosineDistanceTest.py::test_cosineDistance_with_func[originalInput1_19-originalInput1_29] - TypeError: loop of ufunc does not support argument 0 of type NoneType which has no callable sqrt method
10 failed, 1 warning in 0.10s
❌ x_cosineDistance__mutmut_23 存在失败 (退出码 1)

================================================================================
RUNNING cosineDistance.py :: x_cosineDistance__mutmut_24  -  2025-10-16T10:09:03.802817
================================================================================

>>> 当前使用的函数: x_cosineDistance__mutmut_24
函数源码如下：
def x_cosineDistance__mutmut_24(p1, p2):
    dotProduct = 0
    lengthSquaredp1 = 0
    lengthSquaredp2 = 0

    for i in range(0, len(p1)):
        lengthSquaredp1 += p1[i] * p1[i]
        lengthSquaredp2 += p2[i] * p2[i]
        dotProduct += p1[i] * p2[i]

    denominator = np.sqrt(lengthSquaredp1) * np.sqrt(None)

    if denominator < dotProduct:
        denominator = dotProduct

    if denominator == 0 and dotProduct == 0:
        return 0

    return 1 - dotProduct / denominator

FFFFFFFFFF
========================================================== FAILURES ==========================================================
_____________________________ test_cosineDistance_with_func[originalInput1_10-originalInput1_20] _____________________________
AttributeError: 'NoneType' object has no attribute 'sqrt'

The above exception was the direct cause of the following exception:
mutants/tests/cosineDistanceTest.py:146: in test_cosineDistance_with_func
    originalResult = func(originalInput1_1, originalInput1_2)
mutants/src/cosineDistance.py:550: in x_cosineDistance__mutmut_24
    denominator = np.sqrt(lengthSquaredp1) * np.sqrt(None)
E   TypeError: loop of ufunc does not support argument 0 of type NoneType which has no callable sqrt method
_____________________________ test_cosineDistance_with_func[originalInput1_11-originalInput1_21] _____________________________
AttributeError: 'NoneType' object has no attribute 'sqrt'

The above exception was the direct cause of the following exception:
mutants/tests/cosineDistanceTest.py:146: in test_cosineDistance_with_func
    originalResult = func(originalInput1_1, originalInput1_2)
mutants/src/cosineDistance.py:550: in x_cosineDistance__mutmut_24
    denominator = np.sqrt(lengthSquaredp1) * np.sqrt(None)
E   TypeError: loop of ufunc does not support argument 0 of type NoneType which has no callable sqrt method
_____________________________ test_cosineDistance_with_func[originalInput1_12-originalInput1_22] _____________________________
AttributeError: 'NoneType' object has no attribute 'sqrt'

The above exception was the direct cause of the following exception:
mutants/tests/cosineDistanceTest.py:146: in test_cosineDistance_with_func
    originalResult = func(originalInput1_1, originalInput1_2)
mutants/src/cosineDistance.py:550: in x_cosineDistance__mutmut_24
    denominator = np.sqrt(lengthSquaredp1) * np.sqrt(None)
E   TypeError: loop of ufunc does not support argument 0 of type NoneType which has no callable sqrt method
_____________________________ test_cosineDistance_with_func[originalInput1_13-originalInput1_23] _____________________________
AttributeError: 'NoneType' object has no attribute 'sqrt'

The above exception was the direct cause of the following exception:
mutants/tests/cosineDistanceTest.py:146: in test_cosineDistance_with_func
    originalResult = func(originalInput1_1, originalInput1_2)
mutants/src/cosineDistance.py:550: in x_cosineDistance__mutmut_24
    denominator = np.sqrt(lengthSquaredp1) * np.sqrt(None)
E   TypeError: loop of ufunc does not support argument 0 of type NoneType which has no callable sqrt method
_____________________________ test_cosineDistance_with_func[originalInput1_14-originalInput1_24] _____________________________
AttributeError: 'NoneType' object has no attribute 'sqrt'

The above exception was the direct cause of the following exception:
mutants/tests/cosineDistanceTest.py:146: in test_cosineDistance_with_func
    originalResult = func(originalInput1_1, originalInput1_2)
mutants/src/cosineDistance.py:550: in x_cosineDistance__mutmut_24
    denominator = np.sqrt(lengthSquaredp1) * np.sqrt(None)
E   TypeError: loop of ufunc does not support argument 0 of type NoneType which has no callable sqrt method
_____________________________ test_cosineDistance_with_func[originalInput1_15-originalInput1_25] _____________________________
AttributeError: 'NoneType' object has no attribute 'sqrt'

The above exception was the direct cause of the following exception:
mutants/tests/cosineDistanceTest.py:146: in test_cosineDistance_with_func
    originalResult = func(originalInput1_1, originalInput1_2)
mutants/src/cosineDistance.py:550: in x_cosineDistance__mutmut_24
    denominator = np.sqrt(lengthSquaredp1) * np.sqrt(None)
E   TypeError: loop of ufunc does not support argument 0 of type NoneType which has no callable sqrt method
_____________________________ test_cosineDistance_with_func[originalInput1_16-originalInput1_26] _____________________________
AttributeError: 'NoneType' object has no attribute 'sqrt'

The above exception was the direct cause of the following exception:
mutants/tests/cosineDistanceTest.py:146: in test_cosineDistance_with_func
    originalResult = func(originalInput1_1, originalInput1_2)
mutants/src/cosineDistance.py:550: in x_cosineDistance__mutmut_24
    denominator = np.sqrt(lengthSquaredp1) * np.sqrt(None)
E   TypeError: loop of ufunc does not support argument 0 of type NoneType which has no callable sqrt method
_____________________________ test_cosineDistance_with_func[originalInput1_17-originalInput1_27] _____________________________
AttributeError: 'NoneType' object has no attribute 'sqrt'

The above exception was the direct cause of the following exception:
mutants/tests/cosineDistanceTest.py:146: in test_cosineDistance_with_func
    originalResult = func(originalInput1_1, originalInput1_2)
mutants/src/cosineDistance.py:550: in x_cosineDistance__mutmut_24
    denominator = np.sqrt(lengthSquaredp1) * np.sqrt(None)
E   TypeError: loop of ufunc does not support argument 0 of type NoneType which has no callable sqrt method
_____________________________ test_cosineDistance_with_func[originalInput1_18-originalInput1_28] _____________________________
AttributeError: 'NoneType' object has no attribute 'sqrt'

The above exception was the direct cause of the following exception:
mutants/tests/cosineDistanceTest.py:146: in test_cosineDistance_with_func
    originalResult = func(originalInput1_1, originalInput1_2)
mutants/src/cosineDistance.py:550: in x_cosineDistance__mutmut_24
    denominator = np.sqrt(lengthSquaredp1) * np.sqrt(None)
E   TypeError: loop of ufunc does not support argument 0 of type NoneType which has no callable sqrt method
_____________________________ test_cosineDistance_with_func[originalInput1_19-originalInput1_29] _____________________________
AttributeError: 'NoneType' object has no attribute 'sqrt'

The above exception was the direct cause of the following exception:
mutants/tests/cosineDistanceTest.py:146: in test_cosineDistance_with_func
    originalResult = func(originalInput1_1, originalInput1_2)
mutants/src/cosineDistance.py:550: in x_cosineDistance__mutmut_24
    denominator = np.sqrt(lengthSquaredp1) * np.sqrt(None)
E   TypeError: loop of ufunc does not support argument 0 of type NoneType which has no callable sqrt method
====================================================== warnings summary ======================================================
../../anaconda3/envs/mutmut39/lib/python3.9/site-packages/_pytest/config/__init__.py:1474
  /home/rts/anaconda3/envs/mutmut39/lib/python3.9/site-packages/_pytest/config/__init__.py:1474: PytestConfigWarning: Unknown config option: pytest -vv --tb
  
    self._warn_or_fail_if_strict(f"Unknown config option: {key}\n")

-- Docs: https://docs.pytest.org/en/stable/how-to/capture-warnings.html
================================================== short test summary info ===================================================
FAILED mutants/tests/cosineDistanceTest.py::test_cosineDistance_with_func[originalInput1_10-originalInput1_20] - TypeError: loop of ufunc does not support argument 0 of type NoneType which has no callable sqrt method
FAILED mutants/tests/cosineDistanceTest.py::test_cosineDistance_with_func[originalInput1_11-originalInput1_21] - TypeError: loop of ufunc does not support argument 0 of type NoneType which has no callable sqrt method
FAILED mutants/tests/cosineDistanceTest.py::test_cosineDistance_with_func[originalInput1_12-originalInput1_22] - TypeError: loop of ufunc does not support argument 0 of type NoneType which has no callable sqrt method
FAILED mutants/tests/cosineDistanceTest.py::test_cosineDistance_with_func[originalInput1_13-originalInput1_23] - TypeError: loop of ufunc does not support argument 0 of type NoneType which has no callable sqrt method
FAILED mutants/tests/cosineDistanceTest.py::test_cosineDistance_with_func[originalInput1_14-originalInput1_24] - TypeError: loop of ufunc does not support argument 0 of type NoneType which has no callable sqrt method
FAILED mutants/tests/cosineDistanceTest.py::test_cosineDistance_with_func[originalInput1_15-originalInput1_25] - TypeError: loop of ufunc does not support argument 0 of type NoneType which has no callable sqrt method
FAILED mutants/tests/cosineDistanceTest.py::test_cosineDistance_with_func[originalInput1_16-originalInput1_26] - TypeError: loop of ufunc does not support argument 0 of type NoneType which has no callable sqrt method
FAILED mutants/tests/cosineDistanceTest.py::test_cosineDistance_with_func[originalInput1_17-originalInput1_27] - TypeError: loop of ufunc does not support argument 0 of type NoneType which has no callable sqrt method
FAILED mutants/tests/cosineDistanceTest.py::test_cosineDistance_with_func[originalInput1_18-originalInput1_28] - TypeError: loop of ufunc does not support argument 0 of type NoneType which has no callable sqrt method
FAILED mutants/tests/cosineDistanceTest.py::test_cosineDistance_with_func[originalInput1_19-originalInput1_29] - TypeError: loop of ufunc does not support argument 0 of type NoneType which has no callable sqrt method
10 failed, 1 warning in 0.09s
❌ x_cosineDistance__mutmut_24 存在失败 (退出码 1)

================================================================================
RUNNING cosineDistance.py :: x_cosineDistance__mutmut_25  -  2025-10-16T10:09:03.940162
================================================================================

>>> 当前使用的函数: x_cosineDistance__mutmut_25
函数源码如下：
def x_cosineDistance__mutmut_25(p1, p2):
    dotProduct = 0
    lengthSquaredp1 = 0
    lengthSquaredp2 = 0

    for i in range(0, len(p1)):
        lengthSquaredp1 += p1[i] * p1[i]
        lengthSquaredp2 += p2[i] * p2[i]
        dotProduct += p1[i] * p2[i]

    denominator = np.sqrt(lengthSquaredp1) * np.sqrt(lengthSquaredp2)

    if denominator <= dotProduct:
        denominator = dotProduct

    if denominator == 0 and dotProduct == 0:
        return 0

    return 1 - dotProduct / denominator

..........
====================================================== warnings summary ======================================================
../../anaconda3/envs/mutmut39/lib/python3.9/site-packages/_pytest/config/__init__.py:1474
  /home/rts/anaconda3/envs/mutmut39/lib/python3.9/site-packages/_pytest/config/__init__.py:1474: PytestConfigWarning: Unknown config option: pytest -vv --tb
  
    self._warn_or_fail_if_strict(f"Unknown config option: {key}\n")

-- Docs: https://docs.pytest.org/en/stable/how-to/capture-warnings.html
10 passed, 1 warning in 0.01s
✅ x_cosineDistance__mutmut_25 所有测试通过

================================================================================
RUNNING cosineDistance.py :: x_cosineDistance__mutmut_26  -  2025-10-16T10:09:03.992711
================================================================================

>>> 当前使用的函数: x_cosineDistance__mutmut_26
函数源码如下：
def x_cosineDistance__mutmut_26(p1, p2):
    dotProduct = 0
    lengthSquaredp1 = 0
    lengthSquaredp2 = 0

    for i in range(0, len(p1)):
        lengthSquaredp1 += p1[i] * p1[i]
        lengthSquaredp2 += p2[i] * p2[i]
        dotProduct += p1[i] * p2[i]

    denominator = np.sqrt(lengthSquaredp1) * np.sqrt(lengthSquaredp2)

    if denominator < dotProduct:
        denominator = None

    if denominator == 0 and dotProduct == 0:
        return 0

    return 1 - dotProduct / denominator

..........
====================================================== warnings summary ======================================================
../../anaconda3/envs/mutmut39/lib/python3.9/site-packages/_pytest/config/__init__.py:1474
  /home/rts/anaconda3/envs/mutmut39/lib/python3.9/site-packages/_pytest/config/__init__.py:1474: PytestConfigWarning: Unknown config option: pytest -vv --tb
  
    self._warn_or_fail_if_strict(f"Unknown config option: {key}\n")

-- Docs: https://docs.pytest.org/en/stable/how-to/capture-warnings.html
10 passed, 1 warning in 0.01s
✅ x_cosineDistance__mutmut_26 所有测试通过

================================================================================
RUNNING cosineDistance.py :: x_cosineDistance__mutmut_27  -  2025-10-16T10:09:04.046246
================================================================================

>>> 当前使用的函数: x_cosineDistance__mutmut_27
函数源码如下：
def x_cosineDistance__mutmut_27(p1, p2):
    dotProduct = 0
    lengthSquaredp1 = 0
    lengthSquaredp2 = 0

    for i in range(0, len(p1)):
        lengthSquaredp1 += p1[i] * p1[i]
        lengthSquaredp2 += p2[i] * p2[i]
        dotProduct += p1[i] * p2[i]

    denominator = np.sqrt(lengthSquaredp1) * np.sqrt(lengthSquaredp2)

    if denominator < dotProduct:
        denominator = dotProduct

    if denominator == 0 or dotProduct == 0:
        return 0

    return 1 - dotProduct / denominator

..........
====================================================== warnings summary ======================================================
../../anaconda3/envs/mutmut39/lib/python3.9/site-packages/_pytest/config/__init__.py:1474
  /home/rts/anaconda3/envs/mutmut39/lib/python3.9/site-packages/_pytest/config/__init__.py:1474: PytestConfigWarning: Unknown config option: pytest -vv --tb
  
    self._warn_or_fail_if_strict(f"Unknown config option: {key}\n")

-- Docs: https://docs.pytest.org/en/stable/how-to/capture-warnings.html
10 passed, 1 warning in 0.01s
✅ x_cosineDistance__mutmut_27 所有测试通过

================================================================================
RUNNING cosineDistance.py :: x_cosineDistance__mutmut_28  -  2025-10-16T10:09:04.100725
================================================================================

>>> 当前使用的函数: x_cosineDistance__mutmut_28
函数源码如下：
def x_cosineDistance__mutmut_28(p1, p2):
    dotProduct = 0
    lengthSquaredp1 = 0
    lengthSquaredp2 = 0

    for i in range(0, len(p1)):
        lengthSquaredp1 += p1[i] * p1[i]
        lengthSquaredp2 += p2[i] * p2[i]
        dotProduct += p1[i] * p2[i]

    denominator = np.sqrt(lengthSquaredp1) * np.sqrt(lengthSquaredp2)

    if denominator < dotProduct:
        denominator = dotProduct

    if denominator != 0 and dotProduct == 0:
        return 0

    return 1 - dotProduct / denominator

..........
====================================================== warnings summary ======================================================
../../anaconda3/envs/mutmut39/lib/python3.9/site-packages/_pytest/config/__init__.py:1474
  /home/rts/anaconda3/envs/mutmut39/lib/python3.9/site-packages/_pytest/config/__init__.py:1474: PytestConfigWarning: Unknown config option: pytest -vv --tb
  
    self._warn_or_fail_if_strict(f"Unknown config option: {key}\n")

-- Docs: https://docs.pytest.org/en/stable/how-to/capture-warnings.html
10 passed, 1 warning in 0.01s
✅ x_cosineDistance__mutmut_28 所有测试通过

================================================================================
RUNNING cosineDistance.py :: x_cosineDistance__mutmut_29  -  2025-10-16T10:09:04.154497
================================================================================

>>> 当前使用的函数: x_cosineDistance__mutmut_29
函数源码如下：
def x_cosineDistance__mutmut_29(p1, p2):
    dotProduct = 0
    lengthSquaredp1 = 0
    lengthSquaredp2 = 0

    for i in range(0, len(p1)):
        lengthSquaredp1 += p1[i] * p1[i]
        lengthSquaredp2 += p2[i] * p2[i]
        dotProduct += p1[i] * p2[i]

    denominator = np.sqrt(lengthSquaredp1) * np.sqrt(lengthSquaredp2)

    if denominator < dotProduct:
        denominator = dotProduct

    if denominator == 1 and dotProduct == 0:
        return 0

    return 1 - dotProduct / denominator

..........
====================================================== warnings summary ======================================================
../../anaconda3/envs/mutmut39/lib/python3.9/site-packages/_pytest/config/__init__.py:1474
  /home/rts/anaconda3/envs/mutmut39/lib/python3.9/site-packages/_pytest/config/__init__.py:1474: PytestConfigWarning: Unknown config option: pytest -vv --tb
  
    self._warn_or_fail_if_strict(f"Unknown config option: {key}\n")

-- Docs: https://docs.pytest.org/en/stable/how-to/capture-warnings.html
10 passed, 1 warning in 0.01s
✅ x_cosineDistance__mutmut_29 所有测试通过

================================================================================
RUNNING cosineDistance.py :: x_cosineDistance__mutmut_3  -  2025-10-16T10:09:04.206259
================================================================================

>>> 当前使用的函数: x_cosineDistance__mutmut_3
函数源码如下：
def x_cosineDistance__mutmut_3(p1, p2):
    dotProduct = 0
    lengthSquaredp1 = None
    lengthSquaredp2 = 0

    for i in range(0, len(p1)):
        lengthSquaredp1 += p1[i] * p1[i]
        lengthSquaredp2 += p2[i] * p2[i]
        dotProduct += p1[i] * p2[i]

    denominator = np.sqrt(lengthSquaredp1) * np.sqrt(lengthSquaredp2)

    if denominator < dotProduct:
        denominator = dotProduct

    if denominator == 0 and dotProduct == 0:
        return 0

    return 1 - dotProduct / denominator

FFFFFFFFFF
========================================================== FAILURES ==========================================================
_____________________________ test_cosineDistance_with_func[originalInput1_10-originalInput1_20] _____________________________
mutants/tests/cosineDistanceTest.py:146: in test_cosineDistance_with_func
    originalResult = func(originalInput1_1, originalInput1_2)
mutants/src/cosineDistance.py:105: in x_cosineDistance__mutmut_3
    lengthSquaredp1 += p1[i] * p1[i]
E   TypeError: unsupported operand type(s) for +=: 'NoneType' and 'float'
_____________________________ test_cosineDistance_with_func[originalInput1_11-originalInput1_21] _____________________________
mutants/tests/cosineDistanceTest.py:146: in test_cosineDistance_with_func
    originalResult = func(originalInput1_1, originalInput1_2)
mutants/src/cosineDistance.py:105: in x_cosineDistance__mutmut_3
    lengthSquaredp1 += p1[i] * p1[i]
E   TypeError: unsupported operand type(s) for +=: 'NoneType' and 'float'
_____________________________ test_cosineDistance_with_func[originalInput1_12-originalInput1_22] _____________________________
mutants/tests/cosineDistanceTest.py:146: in test_cosineDistance_with_func
    originalResult = func(originalInput1_1, originalInput1_2)
mutants/src/cosineDistance.py:105: in x_cosineDistance__mutmut_3
    lengthSquaredp1 += p1[i] * p1[i]
E   TypeError: unsupported operand type(s) for +=: 'NoneType' and 'float'
_____________________________ test_cosineDistance_with_func[originalInput1_13-originalInput1_23] _____________________________
mutants/tests/cosineDistanceTest.py:146: in test_cosineDistance_with_func
    originalResult = func(originalInput1_1, originalInput1_2)
mutants/src/cosineDistance.py:105: in x_cosineDistance__mutmut_3
    lengthSquaredp1 += p1[i] * p1[i]
E   TypeError: unsupported operand type(s) for +=: 'NoneType' and 'float'
_____________________________ test_cosineDistance_with_func[originalInput1_14-originalInput1_24] _____________________________
mutants/tests/cosineDistanceTest.py:146: in test_cosineDistance_with_func
    originalResult = func(originalInput1_1, originalInput1_2)
mutants/src/cosineDistance.py:105: in x_cosineDistance__mutmut_3
    lengthSquaredp1 += p1[i] * p1[i]
E   TypeError: unsupported operand type(s) for +=: 'NoneType' and 'float'
_____________________________ test_cosineDistance_with_func[originalInput1_15-originalInput1_25] _____________________________
mutants/tests/cosineDistanceTest.py:146: in test_cosineDistance_with_func
    originalResult = func(originalInput1_1, originalInput1_2)
mutants/src/cosineDistance.py:105: in x_cosineDistance__mutmut_3
    lengthSquaredp1 += p1[i] * p1[i]
E   TypeError: unsupported operand type(s) for +=: 'NoneType' and 'float'
_____________________________ test_cosineDistance_with_func[originalInput1_16-originalInput1_26] _____________________________
mutants/tests/cosineDistanceTest.py:146: in test_cosineDistance_with_func
    originalResult = func(originalInput1_1, originalInput1_2)
mutants/src/cosineDistance.py:105: in x_cosineDistance__mutmut_3
    lengthSquaredp1 += p1[i] * p1[i]
E   TypeError: unsupported operand type(s) for +=: 'NoneType' and 'float'
_____________________________ test_cosineDistance_with_func[originalInput1_17-originalInput1_27] _____________________________
mutants/tests/cosineDistanceTest.py:146: in test_cosineDistance_with_func
    originalResult = func(originalInput1_1, originalInput1_2)
mutants/src/cosineDistance.py:105: in x_cosineDistance__mutmut_3
    lengthSquaredp1 += p1[i] * p1[i]
E   TypeError: unsupported operand type(s) for +=: 'NoneType' and 'float'
_____________________________ test_cosineDistance_with_func[originalInput1_18-originalInput1_28] _____________________________
mutants/tests/cosineDistanceTest.py:146: in test_cosineDistance_with_func
    originalResult = func(originalInput1_1, originalInput1_2)
mutants/src/cosineDistance.py:105: in x_cosineDistance__mutmut_3
    lengthSquaredp1 += p1[i] * p1[i]
E   TypeError: unsupported operand type(s) for +=: 'NoneType' and 'float'
_____________________________ test_cosineDistance_with_func[originalInput1_19-originalInput1_29] _____________________________
mutants/tests/cosineDistanceTest.py:146: in test_cosineDistance_with_func
    originalResult = func(originalInput1_1, originalInput1_2)
mutants/src/cosineDistance.py:105: in x_cosineDistance__mutmut_3
    lengthSquaredp1 += p1[i] * p1[i]
E   TypeError: unsupported operand type(s) for +=: 'NoneType' and 'float'
====================================================== warnings summary ======================================================
../../anaconda3/envs/mutmut39/lib/python3.9/site-packages/_pytest/config/__init__.py:1474
  /home/rts/anaconda3/envs/mutmut39/lib/python3.9/site-packages/_pytest/config/__init__.py:1474: PytestConfigWarning: Unknown config option: pytest -vv --tb
  
    self._warn_or_fail_if_strict(f"Unknown config option: {key}\n")

-- Docs: https://docs.pytest.org/en/stable/how-to/capture-warnings.html
================================================== short test summary info ===================================================
FAILED mutants/tests/cosineDistanceTest.py::test_cosineDistance_with_func[originalInput1_10-originalInput1_20] - TypeError: unsupported operand type(s) for +=: 'NoneType' and 'float'
FAILED mutants/tests/cosineDistanceTest.py::test_cosineDistance_with_func[originalInput1_11-originalInput1_21] - TypeError: unsupported operand type(s) for +=: 'NoneType' and 'float'
FAILED mutants/tests/cosineDistanceTest.py::test_cosineDistance_with_func[originalInput1_12-originalInput1_22] - TypeError: unsupported operand type(s) for +=: 'NoneType' and 'float'
FAILED mutants/tests/cosineDistanceTest.py::test_cosineDistance_with_func[originalInput1_13-originalInput1_23] - TypeError: unsupported operand type(s) for +=: 'NoneType' and 'float'
FAILED mutants/tests/cosineDistanceTest.py::test_cosineDistance_with_func[originalInput1_14-originalInput1_24] - TypeError: unsupported operand type(s) for +=: 'NoneType' and 'float'
FAILED mutants/tests/cosineDistanceTest.py::test_cosineDistance_with_func[originalInput1_15-originalInput1_25] - TypeError: unsupported operand type(s) for +=: 'NoneType' and 'float'
FAILED mutants/tests/cosineDistanceTest.py::test_cosineDistance_with_func[originalInput1_16-originalInput1_26] - TypeError: unsupported operand type(s) for +=: 'NoneType' and 'float'
FAILED mutants/tests/cosineDistanceTest.py::test_cosineDistance_with_func[originalInput1_17-originalInput1_27] - TypeError: unsupported operand type(s) for +=: 'NoneType' and 'float'
FAILED mutants/tests/cosineDistanceTest.py::test_cosineDistance_with_func[originalInput1_18-originalInput1_28] - TypeError: unsupported operand type(s) for +=: 'NoneType' and 'float'
FAILED mutants/tests/cosineDistanceTest.py::test_cosineDistance_with_func[originalInput1_19-originalInput1_29] - TypeError: unsupported operand type(s) for +=: 'NoneType' and 'float'
10 failed, 1 warning in 0.09s
❌ x_cosineDistance__mutmut_3 存在失败 (退出码 1)

================================================================================
RUNNING cosineDistance.py :: x_cosineDistance__mutmut_30  -  2025-10-16T10:09:04.343347
================================================================================

>>> 当前使用的函数: x_cosineDistance__mutmut_30
函数源码如下：
def x_cosineDistance__mutmut_30(p1, p2):
    dotProduct = 0
    lengthSquaredp1 = 0
    lengthSquaredp2 = 0

    for i in range(0, len(p1)):
        lengthSquaredp1 += p1[i] * p1[i]
        lengthSquaredp2 += p2[i] * p2[i]
        dotProduct += p1[i] * p2[i]

    denominator = np.sqrt(lengthSquaredp1) * np.sqrt(lengthSquaredp2)

    if denominator < dotProduct:
        denominator = dotProduct

    if denominator == 0 and dotProduct != 0:
        return 0

    return 1 - dotProduct / denominator

..........
====================================================== warnings summary ======================================================
../../anaconda3/envs/mutmut39/lib/python3.9/site-packages/_pytest/config/__init__.py:1474
  /home/rts/anaconda3/envs/mutmut39/lib/python3.9/site-packages/_pytest/config/__init__.py:1474: PytestConfigWarning: Unknown config option: pytest -vv --tb
  
    self._warn_or_fail_if_strict(f"Unknown config option: {key}\n")

-- Docs: https://docs.pytest.org/en/stable/how-to/capture-warnings.html
10 passed, 1 warning in 0.01s
✅ x_cosineDistance__mutmut_30 所有测试通过

================================================================================
RUNNING cosineDistance.py :: x_cosineDistance__mutmut_31  -  2025-10-16T10:09:04.397404
================================================================================

>>> 当前使用的函数: x_cosineDistance__mutmut_31
函数源码如下：
def x_cosineDistance__mutmut_31(p1, p2):
    dotProduct = 0
    lengthSquaredp1 = 0
    lengthSquaredp2 = 0

    for i in range(0, len(p1)):
        lengthSquaredp1 += p1[i] * p1[i]
        lengthSquaredp2 += p2[i] * p2[i]
        dotProduct += p1[i] * p2[i]

    denominator = np.sqrt(lengthSquaredp1) * np.sqrt(lengthSquaredp2)

    if denominator < dotProduct:
        denominator = dotProduct

    if denominator == 0 and dotProduct == 1:
        return 0

    return 1 - dotProduct / denominator

..........
====================================================== warnings summary ======================================================
../../anaconda3/envs/mutmut39/lib/python3.9/site-packages/_pytest/config/__init__.py:1474
  /home/rts/anaconda3/envs/mutmut39/lib/python3.9/site-packages/_pytest/config/__init__.py:1474: PytestConfigWarning: Unknown config option: pytest -vv --tb
  
    self._warn_or_fail_if_strict(f"Unknown config option: {key}\n")

-- Docs: https://docs.pytest.org/en/stable/how-to/capture-warnings.html
10 passed, 1 warning in 0.01s
✅ x_cosineDistance__mutmut_31 所有测试通过

================================================================================
RUNNING cosineDistance.py :: x_cosineDistance__mutmut_32  -  2025-10-16T10:09:04.451057
================================================================================

>>> 当前使用的函数: x_cosineDistance__mutmut_32
函数源码如下：
def x_cosineDistance__mutmut_32(p1, p2):
    dotProduct = 0
    lengthSquaredp1 = 0
    lengthSquaredp2 = 0

    for i in range(0, len(p1)):
        lengthSquaredp1 += p1[i] * p1[i]
        lengthSquaredp2 += p2[i] * p2[i]
        dotProduct += p1[i] * p2[i]

    denominator = np.sqrt(lengthSquaredp1) * np.sqrt(lengthSquaredp2)

    if denominator < dotProduct:
        denominator = dotProduct

    if denominator == 0 and dotProduct == 0:
        return 1

    return 1 - dotProduct / denominator

..........
====================================================== warnings summary ======================================================
../../anaconda3/envs/mutmut39/lib/python3.9/site-packages/_pytest/config/__init__.py:1474
  /home/rts/anaconda3/envs/mutmut39/lib/python3.9/site-packages/_pytest/config/__init__.py:1474: PytestConfigWarning: Unknown config option: pytest -vv --tb
  
    self._warn_or_fail_if_strict(f"Unknown config option: {key}\n")

-- Docs: https://docs.pytest.org/en/stable/how-to/capture-warnings.html
10 passed, 1 warning in 0.01s
✅ x_cosineDistance__mutmut_32 所有测试通过

================================================================================
RUNNING cosineDistance.py :: x_cosineDistance__mutmut_33  -  2025-10-16T10:09:04.503142
================================================================================

>>> 当前使用的函数: x_cosineDistance__mutmut_33
函数源码如下：
def x_cosineDistance__mutmut_33(p1, p2):
    dotProduct = 0
    lengthSquaredp1 = 0
    lengthSquaredp2 = 0

    for i in range(0, len(p1)):
        lengthSquaredp1 += p1[i] * p1[i]
        lengthSquaredp2 += p2[i] * p2[i]
        dotProduct += p1[i] * p2[i]

    denominator = np.sqrt(lengthSquaredp1) * np.sqrt(lengthSquaredp2)

    if denominator < dotProduct:
        denominator = dotProduct

    if denominator == 0 and dotProduct == 0:
        return 0

    return 1 + dotProduct / denominator

..........
====================================================== warnings summary ======================================================
../../anaconda3/envs/mutmut39/lib/python3.9/site-packages/_pytest/config/__init__.py:1474
  /home/rts/anaconda3/envs/mutmut39/lib/python3.9/site-packages/_pytest/config/__init__.py:1474: PytestConfigWarning: Unknown config option: pytest -vv --tb
  
    self._warn_or_fail_if_strict(f"Unknown config option: {key}\n")

-- Docs: https://docs.pytest.org/en/stable/how-to/capture-warnings.html
10 passed, 1 warning in 0.01s
✅ x_cosineDistance__mutmut_33 所有测试通过

================================================================================
RUNNING cosineDistance.py :: x_cosineDistance__mutmut_34  -  2025-10-16T10:09:04.555432
================================================================================

>>> 当前使用的函数: x_cosineDistance__mutmut_34
函数源码如下：
def x_cosineDistance__mutmut_34(p1, p2):
    dotProduct = 0
    lengthSquaredp1 = 0
    lengthSquaredp2 = 0

    for i in range(0, len(p1)):
        lengthSquaredp1 += p1[i] * p1[i]
        lengthSquaredp2 += p2[i] * p2[i]
        dotProduct += p1[i] * p2[i]

    denominator = np.sqrt(lengthSquaredp1) * np.sqrt(lengthSquaredp2)

    if denominator < dotProduct:
        denominator = dotProduct

    if denominator == 0 and dotProduct == 0:
        return 0

    return 2 - dotProduct / denominator

..........
====================================================== warnings summary ======================================================
../../anaconda3/envs/mutmut39/lib/python3.9/site-packages/_pytest/config/__init__.py:1474
  /home/rts/anaconda3/envs/mutmut39/lib/python3.9/site-packages/_pytest/config/__init__.py:1474: PytestConfigWarning: Unknown config option: pytest -vv --tb
  
    self._warn_or_fail_if_strict(f"Unknown config option: {key}\n")

-- Docs: https://docs.pytest.org/en/stable/how-to/capture-warnings.html
10 passed, 1 warning in 0.01s
✅ x_cosineDistance__mutmut_34 所有测试通过

================================================================================
RUNNING cosineDistance.py :: x_cosineDistance__mutmut_35  -  2025-10-16T10:09:04.607592
================================================================================

>>> 当前使用的函数: x_cosineDistance__mutmut_35
函数源码如下：
def x_cosineDistance__mutmut_35(p1, p2):
    dotProduct = 0
    lengthSquaredp1 = 0
    lengthSquaredp2 = 0

    for i in range(0, len(p1)):
        lengthSquaredp1 += p1[i] * p1[i]
        lengthSquaredp2 += p2[i] * p2[i]
        dotProduct += p1[i] * p2[i]

    denominator = np.sqrt(lengthSquaredp1) * np.sqrt(lengthSquaredp2)

    if denominator < dotProduct:
        denominator = dotProduct

    if denominator == 0 and dotProduct == 0:
        return 0

    return 1 - dotProduct * denominator

..........
====================================================== warnings summary ======================================================
../../anaconda3/envs/mutmut39/lib/python3.9/site-packages/_pytest/config/__init__.py:1474
  /home/rts/anaconda3/envs/mutmut39/lib/python3.9/site-packages/_pytest/config/__init__.py:1474: PytestConfigWarning: Unknown config option: pytest -vv --tb
  
    self._warn_or_fail_if_strict(f"Unknown config option: {key}\n")

-- Docs: https://docs.pytest.org/en/stable/how-to/capture-warnings.html
10 passed, 1 warning in 0.01s
✅ x_cosineDistance__mutmut_35 所有测试通过

================================================================================
RUNNING cosineDistance.py :: x_cosineDistance__mutmut_4  -  2025-10-16T10:09:04.660915
================================================================================

>>> 当前使用的函数: x_cosineDistance__mutmut_4
函数源码如下：
def x_cosineDistance__mutmut_4(p1, p2):
    dotProduct = 0
    lengthSquaredp1 = 1
    lengthSquaredp2 = 0

    for i in range(0, len(p1)):
        lengthSquaredp1 += p1[i] * p1[i]
        lengthSquaredp2 += p2[i] * p2[i]
        dotProduct += p1[i] * p2[i]

    denominator = np.sqrt(lengthSquaredp1) * np.sqrt(lengthSquaredp2)

    if denominator < dotProduct:
        denominator = dotProduct

    if denominator == 0 and dotProduct == 0:
        return 0

    return 1 - dotProduct / denominator

..........
====================================================== warnings summary ======================================================
../../anaconda3/envs/mutmut39/lib/python3.9/site-packages/_pytest/config/__init__.py:1474
  /home/rts/anaconda3/envs/mutmut39/lib/python3.9/site-packages/_pytest/config/__init__.py:1474: PytestConfigWarning: Unknown config option: pytest -vv --tb
  
    self._warn_or_fail_if_strict(f"Unknown config option: {key}\n")

-- Docs: https://docs.pytest.org/en/stable/how-to/capture-warnings.html
10 passed, 1 warning in 0.01s
✅ x_cosineDistance__mutmut_4 所有测试通过

================================================================================
RUNNING cosineDistance.py :: x_cosineDistance__mutmut_5  -  2025-10-16T10:09:04.713071
================================================================================

>>> 当前使用的函数: x_cosineDistance__mutmut_5
函数源码如下：
def x_cosineDistance__mutmut_5(p1, p2):
    dotProduct = 0
    lengthSquaredp1 = 0
    lengthSquaredp2 = None

    for i in range(0, len(p1)):
        lengthSquaredp1 += p1[i] * p1[i]
        lengthSquaredp2 += p2[i] * p2[i]
        dotProduct += p1[i] * p2[i]

    denominator = np.sqrt(lengthSquaredp1) * np.sqrt(lengthSquaredp2)

    if denominator < dotProduct:
        denominator = dotProduct

    if denominator == 0 and dotProduct == 0:
        return 0

    return 1 - dotProduct / denominator

FFFFFFFFFF
========================================================== FAILURES ==========================================================
_____________________________ test_cosineDistance_with_func[originalInput1_10-originalInput1_20] _____________________________
mutants/tests/cosineDistanceTest.py:146: in test_cosineDistance_with_func
    originalResult = func(originalInput1_1, originalInput1_2)
mutants/src/cosineDistance.py:148: in x_cosineDistance__mutmut_5
    lengthSquaredp2 += p2[i] * p2[i]
E   TypeError: unsupported operand type(s) for +=: 'NoneType' and 'float'
_____________________________ test_cosineDistance_with_func[originalInput1_11-originalInput1_21] _____________________________
mutants/tests/cosineDistanceTest.py:146: in test_cosineDistance_with_func
    originalResult = func(originalInput1_1, originalInput1_2)
mutants/src/cosineDistance.py:148: in x_cosineDistance__mutmut_5
    lengthSquaredp2 += p2[i] * p2[i]
E   TypeError: unsupported operand type(s) for +=: 'NoneType' and 'float'
_____________________________ test_cosineDistance_with_func[originalInput1_12-originalInput1_22] _____________________________
mutants/tests/cosineDistanceTest.py:146: in test_cosineDistance_with_func
    originalResult = func(originalInput1_1, originalInput1_2)
mutants/src/cosineDistance.py:148: in x_cosineDistance__mutmut_5
    lengthSquaredp2 += p2[i] * p2[i]
E   TypeError: unsupported operand type(s) for +=: 'NoneType' and 'float'
_____________________________ test_cosineDistance_with_func[originalInput1_13-originalInput1_23] _____________________________
mutants/tests/cosineDistanceTest.py:146: in test_cosineDistance_with_func
    originalResult = func(originalInput1_1, originalInput1_2)
mutants/src/cosineDistance.py:148: in x_cosineDistance__mutmut_5
    lengthSquaredp2 += p2[i] * p2[i]
E   TypeError: unsupported operand type(s) for +=: 'NoneType' and 'float'
_____________________________ test_cosineDistance_with_func[originalInput1_14-originalInput1_24] _____________________________
mutants/tests/cosineDistanceTest.py:146: in test_cosineDistance_with_func
    originalResult = func(originalInput1_1, originalInput1_2)
mutants/src/cosineDistance.py:148: in x_cosineDistance__mutmut_5
    lengthSquaredp2 += p2[i] * p2[i]
E   TypeError: unsupported operand type(s) for +=: 'NoneType' and 'float'
_____________________________ test_cosineDistance_with_func[originalInput1_15-originalInput1_25] _____________________________
mutants/tests/cosineDistanceTest.py:146: in test_cosineDistance_with_func
    originalResult = func(originalInput1_1, originalInput1_2)
mutants/src/cosineDistance.py:148: in x_cosineDistance__mutmut_5
    lengthSquaredp2 += p2[i] * p2[i]
E   TypeError: unsupported operand type(s) for +=: 'NoneType' and 'float'
_____________________________ test_cosineDistance_with_func[originalInput1_16-originalInput1_26] _____________________________
mutants/tests/cosineDistanceTest.py:146: in test_cosineDistance_with_func
    originalResult = func(originalInput1_1, originalInput1_2)
mutants/src/cosineDistance.py:148: in x_cosineDistance__mutmut_5
    lengthSquaredp2 += p2[i] * p2[i]
E   TypeError: unsupported operand type(s) for +=: 'NoneType' and 'float'
_____________________________ test_cosineDistance_with_func[originalInput1_17-originalInput1_27] _____________________________
mutants/tests/cosineDistanceTest.py:146: in test_cosineDistance_with_func
    originalResult = func(originalInput1_1, originalInput1_2)
mutants/src/cosineDistance.py:148: in x_cosineDistance__mutmut_5
    lengthSquaredp2 += p2[i] * p2[i]
E   TypeError: unsupported operand type(s) for +=: 'NoneType' and 'float'
_____________________________ test_cosineDistance_with_func[originalInput1_18-originalInput1_28] _____________________________
mutants/tests/cosineDistanceTest.py:146: in test_cosineDistance_with_func
    originalResult = func(originalInput1_1, originalInput1_2)
mutants/src/cosineDistance.py:148: in x_cosineDistance__mutmut_5
    lengthSquaredp2 += p2[i] * p2[i]
E   TypeError: unsupported operand type(s) for +=: 'NoneType' and 'float'
_____________________________ test_cosineDistance_with_func[originalInput1_19-originalInput1_29] _____________________________
mutants/tests/cosineDistanceTest.py:146: in test_cosineDistance_with_func
    originalResult = func(originalInput1_1, originalInput1_2)
mutants/src/cosineDistance.py:148: in x_cosineDistance__mutmut_5
    lengthSquaredp2 += p2[i] * p2[i]
E   TypeError: unsupported operand type(s) for +=: 'NoneType' and 'float'
====================================================== warnings summary ======================================================
../../anaconda3/envs/mutmut39/lib/python3.9/site-packages/_pytest/config/__init__.py:1474
  /home/rts/anaconda3/envs/mutmut39/lib/python3.9/site-packages/_pytest/config/__init__.py:1474: PytestConfigWarning: Unknown config option: pytest -vv --tb
  
    self._warn_or_fail_if_strict(f"Unknown config option: {key}\n")

-- Docs: https://docs.pytest.org/en/stable/how-to/capture-warnings.html
================================================== short test summary info ===================================================
FAILED mutants/tests/cosineDistanceTest.py::test_cosineDistance_with_func[originalInput1_10-originalInput1_20] - TypeError: unsupported operand type(s) for +=: 'NoneType' and 'float'
FAILED mutants/tests/cosineDistanceTest.py::test_cosineDistance_with_func[originalInput1_11-originalInput1_21] - TypeError: unsupported operand type(s) for +=: 'NoneType' and 'float'
FAILED mutants/tests/cosineDistanceTest.py::test_cosineDistance_with_func[originalInput1_12-originalInput1_22] - TypeError: unsupported operand type(s) for +=: 'NoneType' and 'float'
FAILED mutants/tests/cosineDistanceTest.py::test_cosineDistance_with_func[originalInput1_13-originalInput1_23] - TypeError: unsupported operand type(s) for +=: 'NoneType' and 'float'
FAILED mutants/tests/cosineDistanceTest.py::test_cosineDistance_with_func[originalInput1_14-originalInput1_24] - TypeError: unsupported operand type(s) for +=: 'NoneType' and 'float'
FAILED mutants/tests/cosineDistanceTest.py::test_cosineDistance_with_func[originalInput1_15-originalInput1_25] - TypeError: unsupported operand type(s) for +=: 'NoneType' and 'float'
FAILED mutants/tests/cosineDistanceTest.py::test_cosineDistance_with_func[originalInput1_16-originalInput1_26] - TypeError: unsupported operand type(s) for +=: 'NoneType' and 'float'
FAILED mutants/tests/cosineDistanceTest.py::test_cosineDistance_with_func[originalInput1_17-originalInput1_27] - TypeError: unsupported operand type(s) for +=: 'NoneType' and 'float'
FAILED mutants/tests/cosineDistanceTest.py::test_cosineDistance_with_func[originalInput1_18-originalInput1_28] - TypeError: unsupported operand type(s) for +=: 'NoneType' and 'float'
FAILED mutants/tests/cosineDistanceTest.py::test_cosineDistance_with_func[originalInput1_19-originalInput1_29] - TypeError: unsupported operand type(s) for +=: 'NoneType' and 'float'
10 failed, 1 warning in 0.09s
❌ x_cosineDistance__mutmut_5 存在失败 (退出码 1)

================================================================================
RUNNING cosineDistance.py :: x_cosineDistance__mutmut_6  -  2025-10-16T10:09:04.850239
================================================================================

>>> 当前使用的函数: x_cosineDistance__mutmut_6
函数源码如下：
def x_cosineDistance__mutmut_6(p1, p2):
    dotProduct = 0
    lengthSquaredp1 = 0
    lengthSquaredp2 = 1

    for i in range(0, len(p1)):
        lengthSquaredp1 += p1[i] * p1[i]
        lengthSquaredp2 += p2[i] * p2[i]
        dotProduct += p1[i] * p2[i]

    denominator = np.sqrt(lengthSquaredp1) * np.sqrt(lengthSquaredp2)

    if denominator < dotProduct:
        denominator = dotProduct

    if denominator == 0 and dotProduct == 0:
        return 0

    return 1 - dotProduct / denominator

..........
====================================================== warnings summary ======================================================
../../anaconda3/envs/mutmut39/lib/python3.9/site-packages/_pytest/config/__init__.py:1474
  /home/rts/anaconda3/envs/mutmut39/lib/python3.9/site-packages/_pytest/config/__init__.py:1474: PytestConfigWarning: Unknown config option: pytest -vv --tb
  
    self._warn_or_fail_if_strict(f"Unknown config option: {key}\n")

-- Docs: https://docs.pytest.org/en/stable/how-to/capture-warnings.html
10 passed, 1 warning in 0.01s
✅ x_cosineDistance__mutmut_6 所有测试通过

================================================================================
RUNNING cosineDistance.py :: x_cosineDistance__mutmut_7  -  2025-10-16T10:09:04.902299
================================================================================

>>> 当前使用的函数: x_cosineDistance__mutmut_7
函数源码如下：
def x_cosineDistance__mutmut_7(p1, p2):
    dotProduct = 0
    lengthSquaredp1 = 0
    lengthSquaredp2 = 0

    for i in range(None, len(p1)):
        lengthSquaredp1 += p1[i] * p1[i]
        lengthSquaredp2 += p2[i] * p2[i]
        dotProduct += p1[i] * p2[i]

    denominator = np.sqrt(lengthSquaredp1) * np.sqrt(lengthSquaredp2)

    if denominator < dotProduct:
        denominator = dotProduct

    if denominator == 0 and dotProduct == 0:
        return 0

    return 1 - dotProduct / denominator

FFFFFFFFFF
========================================================== FAILURES ==========================================================
_____________________________ test_cosineDistance_with_func[originalInput1_10-originalInput1_20] _____________________________
mutants/tests/cosineDistanceTest.py:146: in test_cosineDistance_with_func
    originalResult = func(originalInput1_1, originalInput1_2)
mutants/src/cosineDistance.py:188: in x_cosineDistance__mutmut_7
    for i in range(None, len(p1)):
E   TypeError: 'NoneType' object cannot be interpreted as an integer
_____________________________ test_cosineDistance_with_func[originalInput1_11-originalInput1_21] _____________________________
mutants/tests/cosineDistanceTest.py:146: in test_cosineDistance_with_func
    originalResult = func(originalInput1_1, originalInput1_2)
mutants/src/cosineDistance.py:188: in x_cosineDistance__mutmut_7
    for i in range(None, len(p1)):
E   TypeError: 'NoneType' object cannot be interpreted as an integer
_____________________________ test_cosineDistance_with_func[originalInput1_12-originalInput1_22] _____________________________
mutants/tests/cosineDistanceTest.py:146: in test_cosineDistance_with_func
    originalResult = func(originalInput1_1, originalInput1_2)
mutants/src/cosineDistance.py:188: in x_cosineDistance__mutmut_7
    for i in range(None, len(p1)):
E   TypeError: 'NoneType' object cannot be interpreted as an integer
_____________________________ test_cosineDistance_with_func[originalInput1_13-originalInput1_23] _____________________________
mutants/tests/cosineDistanceTest.py:146: in test_cosineDistance_with_func
    originalResult = func(originalInput1_1, originalInput1_2)
mutants/src/cosineDistance.py:188: in x_cosineDistance__mutmut_7
    for i in range(None, len(p1)):
E   TypeError: 'NoneType' object cannot be interpreted as an integer
_____________________________ test_cosineDistance_with_func[originalInput1_14-originalInput1_24] _____________________________
mutants/tests/cosineDistanceTest.py:146: in test_cosineDistance_with_func
    originalResult = func(originalInput1_1, originalInput1_2)
mutants/src/cosineDistance.py:188: in x_cosineDistance__mutmut_7
    for i in range(None, len(p1)):
E   TypeError: 'NoneType' object cannot be interpreted as an integer
_____________________________ test_cosineDistance_with_func[originalInput1_15-originalInput1_25] _____________________________
mutants/tests/cosineDistanceTest.py:146: in test_cosineDistance_with_func
    originalResult = func(originalInput1_1, originalInput1_2)
mutants/src/cosineDistance.py:188: in x_cosineDistance__mutmut_7
    for i in range(None, len(p1)):
E   TypeError: 'NoneType' object cannot be interpreted as an integer
_____________________________ test_cosineDistance_with_func[originalInput1_16-originalInput1_26] _____________________________
mutants/tests/cosineDistanceTest.py:146: in test_cosineDistance_with_func
    originalResult = func(originalInput1_1, originalInput1_2)
mutants/src/cosineDistance.py:188: in x_cosineDistance__mutmut_7
    for i in range(None, len(p1)):
E   TypeError: 'NoneType' object cannot be interpreted as an integer
_____________________________ test_cosineDistance_with_func[originalInput1_17-originalInput1_27] _____________________________
mutants/tests/cosineDistanceTest.py:146: in test_cosineDistance_with_func
    originalResult = func(originalInput1_1, originalInput1_2)
mutants/src/cosineDistance.py:188: in x_cosineDistance__mutmut_7
    for i in range(None, len(p1)):
E   TypeError: 'NoneType' object cannot be interpreted as an integer
_____________________________ test_cosineDistance_with_func[originalInput1_18-originalInput1_28] _____________________________
mutants/tests/cosineDistanceTest.py:146: in test_cosineDistance_with_func
    originalResult = func(originalInput1_1, originalInput1_2)
mutants/src/cosineDistance.py:188: in x_cosineDistance__mutmut_7
    for i in range(None, len(p1)):
E   TypeError: 'NoneType' object cannot be interpreted as an integer
_____________________________ test_cosineDistance_with_func[originalInput1_19-originalInput1_29] _____________________________
mutants/tests/cosineDistanceTest.py:146: in test_cosineDistance_with_func
    originalResult = func(originalInput1_1, originalInput1_2)
mutants/src/cosineDistance.py:188: in x_cosineDistance__mutmut_7
    for i in range(None, len(p1)):
E   TypeError: 'NoneType' object cannot be interpreted as an integer
====================================================== warnings summary ======================================================
../../anaconda3/envs/mutmut39/lib/python3.9/site-packages/_pytest/config/__init__.py:1474
  /home/rts/anaconda3/envs/mutmut39/lib/python3.9/site-packages/_pytest/config/__init__.py:1474: PytestConfigWarning: Unknown config option: pytest -vv --tb
  
    self._warn_or_fail_if_strict(f"Unknown config option: {key}\n")

-- Docs: https://docs.pytest.org/en/stable/how-to/capture-warnings.html
================================================== short test summary info ===================================================
FAILED mutants/tests/cosineDistanceTest.py::test_cosineDistance_with_func[originalInput1_10-originalInput1_20] - TypeError: 'NoneType' object cannot be interpreted as an integer
FAILED mutants/tests/cosineDistanceTest.py::test_cosineDistance_with_func[originalInput1_11-originalInput1_21] - TypeError: 'NoneType' object cannot be interpreted as an integer
FAILED mutants/tests/cosineDistanceTest.py::test_cosineDistance_with_func[originalInput1_12-originalInput1_22] - TypeError: 'NoneType' object cannot be interpreted as an integer
FAILED mutants/tests/cosineDistanceTest.py::test_cosineDistance_with_func[originalInput1_13-originalInput1_23] - TypeError: 'NoneType' object cannot be interpreted as an integer
FAILED mutants/tests/cosineDistanceTest.py::test_cosineDistance_with_func[originalInput1_14-originalInput1_24] - TypeError: 'NoneType' object cannot be interpreted as an integer
FAILED mutants/tests/cosineDistanceTest.py::test_cosineDistance_with_func[originalInput1_15-originalInput1_25] - TypeError: 'NoneType' object cannot be interpreted as an integer
FAILED mutants/tests/cosineDistanceTest.py::test_cosineDistance_with_func[originalInput1_16-originalInput1_26] - TypeError: 'NoneType' object cannot be interpreted as an integer
FAILED mutants/tests/cosineDistanceTest.py::test_cosineDistance_with_func[originalInput1_17-originalInput1_27] - TypeError: 'NoneType' object cannot be interpreted as an integer
FAILED mutants/tests/cosineDistanceTest.py::test_cosineDistance_with_func[originalInput1_18-originalInput1_28] - TypeError: 'NoneType' object cannot be interpreted as an integer
FAILED mutants/tests/cosineDistanceTest.py::test_cosineDistance_with_func[originalInput1_19-originalInput1_29] - TypeError: 'NoneType' object cannot be interpreted as an integer
10 failed, 1 warning in 0.09s
❌ x_cosineDistance__mutmut_7 存在失败 (退出码 1)

================================================================================
RUNNING cosineDistance.py :: x_cosineDistance__mutmut_8  -  2025-10-16T10:09:05.047762
================================================================================

>>> 当前使用的函数: x_cosineDistance__mutmut_8
函数源码如下：
def x_cosineDistance__mutmut_8(p1, p2):
    dotProduct = 0
    lengthSquaredp1 = 0
    lengthSquaredp2 = 0

    for i in range(0, None):
        lengthSquaredp1 += p1[i] * p1[i]
        lengthSquaredp2 += p2[i] * p2[i]
        dotProduct += p1[i] * p2[i]

    denominator = np.sqrt(lengthSquaredp1) * np.sqrt(lengthSquaredp2)

    if denominator < dotProduct:
        denominator = dotProduct

    if denominator == 0 and dotProduct == 0:
        return 0

    return 1 - dotProduct / denominator

FFFFFFFFFF
========================================================== FAILURES ==========================================================
_____________________________ test_cosineDistance_with_func[originalInput1_10-originalInput1_20] _____________________________
mutants/tests/cosineDistanceTest.py:146: in test_cosineDistance_with_func
    originalResult = func(originalInput1_1, originalInput1_2)
mutants/src/cosineDistance.py:209: in x_cosineDistance__mutmut_8
    for i in range(0, None):
E   TypeError: 'NoneType' object cannot be interpreted as an integer
_____________________________ test_cosineDistance_with_func[originalInput1_11-originalInput1_21] _____________________________
mutants/tests/cosineDistanceTest.py:146: in test_cosineDistance_with_func
    originalResult = func(originalInput1_1, originalInput1_2)
mutants/src/cosineDistance.py:209: in x_cosineDistance__mutmut_8
    for i in range(0, None):
E   TypeError: 'NoneType' object cannot be interpreted as an integer
_____________________________ test_cosineDistance_with_func[originalInput1_12-originalInput1_22] _____________________________
mutants/tests/cosineDistanceTest.py:146: in test_cosineDistance_with_func
    originalResult = func(originalInput1_1, originalInput1_2)
mutants/src/cosineDistance.py:209: in x_cosineDistance__mutmut_8
    for i in range(0, None):
E   TypeError: 'NoneType' object cannot be interpreted as an integer
_____________________________ test_cosineDistance_with_func[originalInput1_13-originalInput1_23] _____________________________
mutants/tests/cosineDistanceTest.py:146: in test_cosineDistance_with_func
    originalResult = func(originalInput1_1, originalInput1_2)
mutants/src/cosineDistance.py:209: in x_cosineDistance__mutmut_8
    for i in range(0, None):
E   TypeError: 'NoneType' object cannot be interpreted as an integer
_____________________________ test_cosineDistance_with_func[originalInput1_14-originalInput1_24] _____________________________
mutants/tests/cosineDistanceTest.py:146: in test_cosineDistance_with_func
    originalResult = func(originalInput1_1, originalInput1_2)
mutants/src/cosineDistance.py:209: in x_cosineDistance__mutmut_8
    for i in range(0, None):
E   TypeError: 'NoneType' object cannot be interpreted as an integer
_____________________________ test_cosineDistance_with_func[originalInput1_15-originalInput1_25] _____________________________
mutants/tests/cosineDistanceTest.py:146: in test_cosineDistance_with_func
    originalResult = func(originalInput1_1, originalInput1_2)
mutants/src/cosineDistance.py:209: in x_cosineDistance__mutmut_8
    for i in range(0, None):
E   TypeError: 'NoneType' object cannot be interpreted as an integer
_____________________________ test_cosineDistance_with_func[originalInput1_16-originalInput1_26] _____________________________
mutants/tests/cosineDistanceTest.py:146: in test_cosineDistance_with_func
    originalResult = func(originalInput1_1, originalInput1_2)
mutants/src/cosineDistance.py:209: in x_cosineDistance__mutmut_8
    for i in range(0, None):
E   TypeError: 'NoneType' object cannot be interpreted as an integer
_____________________________ test_cosineDistance_with_func[originalInput1_17-originalInput1_27] _____________________________
mutants/tests/cosineDistanceTest.py:146: in test_cosineDistance_with_func
    originalResult = func(originalInput1_1, originalInput1_2)
mutants/src/cosineDistance.py:209: in x_cosineDistance__mutmut_8
    for i in range(0, None):
E   TypeError: 'NoneType' object cannot be interpreted as an integer
_____________________________ test_cosineDistance_with_func[originalInput1_18-originalInput1_28] _____________________________
mutants/tests/cosineDistanceTest.py:146: in test_cosineDistance_with_func
    originalResult = func(originalInput1_1, originalInput1_2)
mutants/src/cosineDistance.py:209: in x_cosineDistance__mutmut_8
    for i in range(0, None):
E   TypeError: 'NoneType' object cannot be interpreted as an integer
_____________________________ test_cosineDistance_with_func[originalInput1_19-originalInput1_29] _____________________________
mutants/tests/cosineDistanceTest.py:146: in test_cosineDistance_with_func
    originalResult = func(originalInput1_1, originalInput1_2)
mutants/src/cosineDistance.py:209: in x_cosineDistance__mutmut_8
    for i in range(0, None):
E   TypeError: 'NoneType' object cannot be interpreted as an integer
====================================================== warnings summary ======================================================
../../anaconda3/envs/mutmut39/lib/python3.9/site-packages/_pytest/config/__init__.py:1474
  /home/rts/anaconda3/envs/mutmut39/lib/python3.9/site-packages/_pytest/config/__init__.py:1474: PytestConfigWarning: Unknown config option: pytest -vv --tb
  
    self._warn_or_fail_if_strict(f"Unknown config option: {key}\n")

-- Docs: https://docs.pytest.org/en/stable/how-to/capture-warnings.html
================================================== short test summary info ===================================================
FAILED mutants/tests/cosineDistanceTest.py::test_cosineDistance_with_func[originalInput1_10-originalInput1_20] - TypeError: 'NoneType' object cannot be interpreted as an integer
FAILED mutants/tests/cosineDistanceTest.py::test_cosineDistance_with_func[originalInput1_11-originalInput1_21] - TypeError: 'NoneType' object cannot be interpreted as an integer
FAILED mutants/tests/cosineDistanceTest.py::test_cosineDistance_with_func[originalInput1_12-originalInput1_22] - TypeError: 'NoneType' object cannot be interpreted as an integer
FAILED mutants/tests/cosineDistanceTest.py::test_cosineDistance_with_func[originalInput1_13-originalInput1_23] - TypeError: 'NoneType' object cannot be interpreted as an integer
FAILED mutants/tests/cosineDistanceTest.py::test_cosineDistance_with_func[originalInput1_14-originalInput1_24] - TypeError: 'NoneType' object cannot be interpreted as an integer
FAILED mutants/tests/cosineDistanceTest.py::test_cosineDistance_with_func[originalInput1_15-originalInput1_25] - TypeError: 'NoneType' object cannot be interpreted as an integer
FAILED mutants/tests/cosineDistanceTest.py::test_cosineDistance_with_func[originalInput1_16-originalInput1_26] - TypeError: 'NoneType' object cannot be interpreted as an integer
FAILED mutants/tests/cosineDistanceTest.py::test_cosineDistance_with_func[originalInput1_17-originalInput1_27] - TypeError: 'NoneType' object cannot be interpreted as an integer
FAILED mutants/tests/cosineDistanceTest.py::test_cosineDistance_with_func[originalInput1_18-originalInput1_28] - TypeError: 'NoneType' object cannot be interpreted as an integer
FAILED mutants/tests/cosineDistanceTest.py::test_cosineDistance_with_func[originalInput1_19-originalInput1_29] - TypeError: 'NoneType' object cannot be interpreted as an integer
10 failed, 1 warning in 0.10s
❌ x_cosineDistance__mutmut_8 存在失败 (退出码 1)

================================================================================
RUNNING cosineDistance.py :: x_cosineDistance__mutmut_9  -  2025-10-16T10:09:05.185970
================================================================================

>>> 当前使用的函数: x_cosineDistance__mutmut_9
函数源码如下：
def x_cosineDistance__mutmut_9(p1, p2):
    dotProduct = 0
    lengthSquaredp1 = 0
    lengthSquaredp2 = 0

    for i in range(len(p1)):
        lengthSquaredp1 += p1[i] * p1[i]
        lengthSquaredp2 += p2[i] * p2[i]
        dotProduct += p1[i] * p2[i]

    denominator = np.sqrt(lengthSquaredp1) * np.sqrt(lengthSquaredp2)

    if denominator < dotProduct:
        denominator = dotProduct

    if denominator == 0 and dotProduct == 0:
        return 0

    return 1 - dotProduct / denominator

..........
====================================================== warnings summary ======================================================
../../anaconda3/envs/mutmut39/lib/python3.9/site-packages/_pytest/config/__init__.py:1474
  /home/rts/anaconda3/envs/mutmut39/lib/python3.9/site-packages/_pytest/config/__init__.py:1474: PytestConfigWarning: Unknown config option: pytest -vv --tb
  
    self._warn_or_fail_if_strict(f"Unknown config option: {key}\n")

-- Docs: https://docs.pytest.org/en/stable/how-to/capture-warnings.html
10 passed, 1 warning in 0.01s
✅ x_cosineDistance__mutmut_9 所有测试通过

================================================================================
RUNNING cosineDistance.py :: x_cosineDistance__mutmut_orig  -  2025-10-16T10:09:05.240201
================================================================================

>>> 当前使用的函数: x_cosineDistance__mutmut_orig
函数源码如下：
def x_cosineDistance__mutmut_orig(p1, p2):
    dotProduct = 0
    lengthSquaredp1 = 0
    lengthSquaredp2 = 0

    for i in range(0, len(p1)):
        lengthSquaredp1 += p1[i] * p1[i]
        lengthSquaredp2 += p2[i] * p2[i]
        dotProduct += p1[i] * p2[i]

    denominator = np.sqrt(lengthSquaredp1) * np.sqrt(lengthSquaredp2)

    if denominator < dotProduct:
        denominator = dotProduct

    if denominator == 0 and dotProduct == 0:
        return 0

    return 1 - dotProduct / denominator

..........
====================================================== warnings summary ======================================================
../../anaconda3/envs/mutmut39/lib/python3.9/site-packages/_pytest/config/__init__.py:1474
  /home/rts/anaconda3/envs/mutmut39/lib/python3.9/site-packages/_pytest/config/__init__.py:1474: PytestConfigWarning: Unknown config option: pytest -vv --tb
  
    self._warn_or_fail_if_strict(f"Unknown config option: {key}\n")

-- Docs: https://docs.pytest.org/en/stable/how-to/capture-warnings.html
10 passed, 1 warning in 0.01s
✅ x_cosineDistance__mutmut_orig 所有测试通过
